{"type":"FeatureCollection","features":[{"type":"Feature","geometry":{"type":"MultiPolygon","coordinates":[[[[129.334077637679,35.59384168837735],[129.33435025522135,35.593792482558],[129.33454273348917,35.59379617791656],[129.33494150218075,35.59383674188369],[129.33521930297815,35.59388647286866],[129.33564926033904,35.59402403371129],[129.33603780650697,35.59421441580634],[129.33658511549427,35.59459968166125],[129.33669207629433,35.59467408219878],[129.3368860521311,35.594787159353125],[129.33829389574956,35.595438177902054],[129.3387361751972,35.59561354869162],[129.3391878049614,35.595771251645246],[129.339320409192,35.59580000099419],[129.34070511878107,35.596043063619696],[129.3411695706524,35.596122292771994],[129.34180610103067,35.59621300529666],[129.34221092593123,35.59622627381909],[129.34271134535624,35.5962087601777],[129.3434620404027,35.59618134260689],[129.3439432066136,35.59616109481025],[129.3445254390272,35.59613307560731],[129.3453296936954,35.5960771304036],[129.34572305209656,35.59604155163279],[129.34843983323123,35.595281104204915],[129.34868746847175,35.59191265340639],[129.34870428963248,35.59138970559706],[129.34869176767143,35.59062653457292],[129.34866215798849,35.58997085496068],[129.34858930534614,35.58876259507354],[129.34819665004878,35.58876109217917],[129.34818284641173,35.58555932287678],[129.34853402130025,35.58270644566275],[129.3486735713401,35.58197950963313],[129.34873100795875,35.58169054366089],[129.34880827087545,35.58139396045329],[129.34890639457237,35.581035794466224],[129.34924840788307,35.58008117444519],[129.3510084049163,35.57738087530151],[129.3523011724198,35.57283953329214],[129.35209438773092,35.570818891823784],[129.35195936231105,35.56850096405533],[129.3519755727767,35.56831699169315],[129.3519883386985,35.568186041128286],[129.35199972400466,35.56807497014479],[129.35216861215096,35.5674277872439],[129.35218587024278,35.567363347418876],[129.35228160755733,35.56708496769699],[129.35234257134147,35.5669095352347],[129.35234890297042,35.566897006152416],[129.35266773447324,35.56631978613076],[129.35303572733417,35.56564958716526],[129.3531029278311,35.56535731161051],[129.35368010744835,35.562645477135376],[129.35360326787466,35.561920993273745],[129.35351360103311,35.56148677883177],[129.35330384104944,35.5606288205985],[129.3532183889714,35.560261355257786],[129.3524304717568,35.5597742781617],[129.3522257459097,35.55965241614815],[129.3515301960567,35.5593712889006],[129.3513593291343,35.559314372672596],[129.3512119646326,35.55927495407779],[129.35106999578224,35.55923796222986],[129.35078338054112,35.55914012018646],[129.3503544984996,35.55897930968445],[129.35018997459156,35.558904635666835],[129.3500939118706,35.55884198603558],[129.3499457938418,35.5587402526255],[129.34982560999475,35.55865761876125],[129.34958943384413,35.558449273615246],[129.34931073895427,35.5579439494568],[129.35026960579756,35.55319037906453],[129.3509723483986,35.550481444576356],[129.34998567122133,35.54951902636176],[129.34821034483517,35.54982081227983],[129.34812317735447,35.54939113916384],[129.34811952268035,35.54924634795897],[129.3471676747029,35.549526947681464],[129.34697096461207,35.549576513992484],[129.3463511705652,35.549698872530854],[129.346322272947,35.549700775598694],[129.34609144964972,35.549688592142026],[129.3446931466125,35.549495937289876],[129.34379910779987,35.54936169778732],[129.34294115919724,35.54921503957217],[129.34286497039855,35.54919800469339],[129.3425114764367,35.54906279269664],[129.34200099133386,35.54904364106999],[129.3404049646601,35.549061701321996],[129.33945496577212,35.54931221807037],[129.338178873104,35.54943011197469],[129.33140829143198,35.5504211870287],[129.33134210921114,35.55038665043458],[129.33086383585615,35.55022496790987],[129.33073861708945,35.550200956689814],[129.3273982968304,35.54972429935908],[129.32708942782992,35.549696318639576],[129.32641368166657,35.54963611315019],[129.3259710622481,35.54959687491887],[129.32543123045227,35.54957793891248],[129.3228709972993,35.54980992338145],[129.3227576612336,35.54982169088682],[129.32197185864777,35.54990459993382],[129.31678174289647,35.55042058329845],[129.30859152054623,35.55238350446135],[129.30858840854984,35.552384486926464],[129.3074142195376,35.55280833232697],[129.30731049770347,35.552841537919],[129.30716003332148,35.552889030042046],[129.30709083531164,35.552897146154976],[129.30692369118756,35.55289678499657],[129.30670938213945,35.552894840700134],[129.30644285850485,35.55288052543093],[129.30587637609636,35.55282383402975],[129.30574979260368,35.55280259389772],[129.30550766517248,35.552761835648745],[129.30529555220514,35.5526901579738],[129.30517270932282,35.55264857530586],[129.30502770508477,35.55257594441646],[129.3048960844939,35.55250812898218],[129.30478221137668,35.55244393861933],[129.30451911194078,35.55229548898327],[129.3043783372481,35.55219553935132],[129.30321507972766,35.55136391335046],[129.30313010645426,35.551114683812635],[129.30304925725306,35.55087678226496],[129.30303531724942,35.55048762958191],[129.3030513230653,35.549566713169476],[129.3030810262188,35.549082158248694],[129.30309662209856,35.54883538910499],[129.30311192307022,35.548600870560975],[129.30316071541003,35.54819253631542],[129.30318424942408,35.54807178496565],[129.30322010803212,35.5478932477598],[129.30324267488223,35.54775867438872],[129.30328999058682,35.547071779116166],[129.30327691534168,35.546946018423526],[129.30282822781788,35.546457026958166],[129.30172521767523,35.54577468695245],[129.30155802875456,35.5457021523662],[129.30117875277853,35.5455883526209],[129.29957539729372,35.545273691911184],[129.2990183491846,35.54519667398574],[129.29690466206222,35.54491411349441],[129.29585845346253,35.54490249564899],[129.29546575898303,35.54496801287492],[129.29532083148382,35.544992204411834],[129.2948816283991,35.545125791838096],[129.29473652991368,35.545170047609226],[129.2946701120498,35.545194876152664],[129.2946660625282,35.54519729300731],[129.2922179727512,35.546042406117],[129.2921450570479,35.54607361347332],[129.29198019244654,35.54614492409452],[129.2917850615618,35.546248365522615],[129.29166806810977,35.54631077478841],[129.29152689641649,35.54638643498137],[129.290202480565,35.54750807264242],[129.28990388205173,35.547791315684286],[129.2896848424802,35.54804482397222],[129.28944538433305,35.548559853591605],[129.28943474133794,35.54858118644877],[129.28943468836394,35.54858128459914],[129.28931486934914,35.54877102258831],[129.28931480318195,35.5487711227375],[129.28915588263064,35.548995906020906],[129.28903638792258,35.54913397109478],[129.28846194032934,35.54960166928053],[129.28831399703697,35.549701632036715],[129.28820602911466,35.549763680544224],[129.28788622369035,35.54993105459359],[129.28778785272166,35.549978216957165],[129.28776677984433,35.54998811082628],[129.2873734965886,35.55017273567438],[129.28037465416975,35.553161751352505],[129.28026644590722,35.55319915428161],[129.28026631452624,35.55319919949491],[129.28014590008954,35.553240368834565],[129.28014576630352,35.55324040506807],[129.2795818097751,35.55339008695711],[129.27958165613788,35.55339012348306],[129.27842313250827,35.553581043698465],[129.27522019590086,35.55408348294533],[129.27509050313392,35.55410239737753],[129.27485853251102,35.554123354994786],[129.27462189690974,35.55411846574741],[129.27432790792562,35.55406709047428],[129.27400396305774,35.55393991197427],[129.27376729312905,35.553836213110706],[129.27351892593228,35.55372741919381],[129.2734561568038,35.553704172946894],[129.27322483653302,35.553620007765595],[129.27273546515644,35.553455282188295],[129.27258966630595,35.55342700178905],[129.2721933496352,35.55341698760736],[129.2719676512699,35.553416827568654],[129.27165335719363,35.553416692731815],[129.2708415432176,35.553422493187895],[129.27071501263487,35.5534601892254],[129.27050839387755,35.55352539853529],[129.27037273535234,35.55356821550301],[129.26971449442593,35.55384433304603],[129.2687887526399,35.554263758617296],[129.26855545037753,35.55437946992627],[129.2681054199019,35.554636180979564],[129.26782261138734,35.554836415254535],[129.26744783036847,35.555150828291886],[129.2672365685859,35.555329183364336],[129.26694102572134,35.555579429391926],[129.26688392422272,35.55563212733109],[129.26673504271142,35.55576979382009],[129.26665623032125,35.55584493680933],[129.2664333456709,35.55605816761961],[129.2657860554493,35.55676691312144],[129.26563609127084,35.556905695803955],[129.26534010146452,35.557406563837375],[129.26288894571084,35.5602076388309],[129.26275805964585,35.56033848506408],[129.2625212979087,35.56054769985532],[129.26238697298538,35.56066625776167],[129.26223018400378,35.56080029492922],[129.26218360896664,35.56083249125812],[129.26177720121763,35.56110309918787],[129.26161802573387,35.5611879744429],[129.26118263000978,35.56133341674981],[129.26092285202202,35.56138516067789],[129.26070210066175,35.561407618692016],[129.2605409434596,35.561422060381915],[129.26036790554966,35.56142972464863],[129.25983830081864,35.56144875098799],[129.25935551223313,35.56147572280705],[129.25888528949196,35.56152792141482],[129.25876095045055,35.562657306778604],[129.25817875750178,35.565689150292656],[129.25785580304662,35.56628864511773],[129.25751083179105,35.56654364272504],[129.25700577105857,35.56673001997956],[129.2568737387328,35.56697481995394],[129.2568277691873,35.56708856966835],[129.25779526064196,35.57393757698493],[129.2585302475329,35.57436707177193],[129.25974355313127,35.57427397025959],[129.25972249327705,35.57471071793013],[129.25924942211742,35.57764398645137],[129.25878086705322,35.57834728032154],[129.25798204223267,35.57869643842374],[129.25683217253393,35.5785679224878],[129.2554241489338,35.58014870382087],[129.25483198630775,35.58195723251638],[129.25498348109406,35.58263050049613],[129.25515847096082,35.58309390024871],[129.25548843782764,35.583558981625025],[129.25412476098123,35.58818039987751],[129.25320212499284,35.588446958441715],[129.2525998940434,35.58929264839448],[129.25258417371398,35.5897212716052],[129.2526119311909,35.59007696056881],[129.25263076889172,35.59010581643166],[129.25272877791812,35.59025593785605],[129.2533893922458,35.59015209224936],[129.25343472997295,35.59013744090268],[129.2550320193947,35.58950174792293],[129.2558862244851,35.58987168347365],[129.2567278794787,35.58961896757391],[129.25705518764084,35.589447841454025],[129.2578052190918,35.58879739359519],[129.25862456696927,35.588085037346495],[129.2594500297356,35.58751619097273],[129.2649190488143,35.585681010614465],[129.26748656145682,35.58711637909335],[129.26767815747672,35.58719586250514],[129.27048734454718,35.58739800362991],[129.2706315600046,35.587390183276604],[129.27095501807923,35.587316312167715],[129.28106612385358,35.584789478271],[129.28306461184013,35.58413928638204],[129.28309822195592,35.58384701196018],[129.2831003230852,35.58382620455749],[129.2829839771259,35.5838572290217],[129.2817819014666,35.58396425470908],[129.2807838936965,35.58109142561957],[129.28416368275526,35.57856587016033],[129.28455845918245,35.57827217787912],[129.2856393718809,35.57794146657415],[129.28572891009924,35.57793248589842],[129.28674181900848,35.57786858964269],[129.2888899859393,35.577897951965824],[129.29156614996165,35.578012295829815],[129.29453891598834,35.576131155631536],[129.29414032260604,35.57657296189164],[129.29227611191044,35.58172252254475],[129.29214350199604,35.582096711828925],[129.29216183689934,35.582175254864325],[129.29218014843306,35.58223591221376],[129.29268522460288,35.58367108379435],[129.29305232274075,35.583973470457316],[129.29346043343295,35.58443666324144],[129.29374473041707,35.58502360575505],[129.29386637210857,35.58542970962117],[129.29349286431983,35.58631280412666],[129.2934491797541,35.58639677577068],[129.29108477174623,35.59133762838889],[129.29044785248772,35.59325255331615],[129.2913955166417,35.592733335871706],[129.29147352590496,35.59269227413851],[129.29369948418207,35.59232941237446],[129.29414225375322,35.592264750756144],[129.29478929639316,35.5924226715046],[129.2951258602655,35.59254181990257],[129.29519045546286,35.59259319021254],[129.29540878512864,35.592775825921436],[129.29545399083986,35.59285640821586],[129.2954738427601,35.59296513668407],[129.29549932540013,35.5930450356363],[129.29554261271053,35.59310810937531],[129.29608534801648,35.59361323585672],[129.29616063770322,35.593673500968336],[129.29624856945566,35.59372091852956],[129.2975966926424,35.59423453810758],[129.29777253509872,35.59428719143125],[129.29793313352837,35.59429615126633],[129.29919031320293,35.594304417446445],[129.2995086108114,35.59430552267242],[129.3005637982518,35.59427777302104],[129.30087458812386,35.59426626832661],[129.3031065138286,35.59416083836059],[129.3036025659907,35.59411793903776],[129.30370386465393,35.59408608673519],[129.30378439717563,35.59402214587905],[129.30499269057796,35.591832751991895],[129.30496930955576,35.591767907749706],[129.3049636590727,35.59172147807715],[129.30496069878023,35.591677035599055],[129.30497574895125,35.591585814393206],[129.30577945032312,35.59037082779806],[129.30590348577306,35.59024557814544],[129.30731642959452,35.589080224185004],[129.30740120937512,35.589070448513624],[129.30957929872338,35.58902752383645],[129.30974182265587,35.58905522750239],[129.30998946445786,35.58912685942997],[129.31025369825443,35.5892312900022],[129.31046871854784,35.589333287974554],[129.31098878020984,35.589651287768284],[129.3114323496582,35.590102035816486],[129.311634750093,35.590397144370115],[129.31186202628805,35.590722391853134],[129.31214309614256,35.59100760242854],[129.31241600620535,35.591216789988],[129.31452017024506,35.59265477851979],[129.31476809477485,35.592811976300844],[129.3173590955362,35.594279825344266],[129.31755635052014,35.59428844582107],[129.31785474440633,35.5942288734856],[129.3182098216401,35.59406540536641],[129.31852013935617,35.59398463460123],[129.31890491368466,35.593903569277316],[129.3194087090166,35.59387377898141],[129.31958278039903,35.593882638067626],[129.32089868851065,35.59437364941049],[129.32109733423425,35.59447885037703],[129.32120871743166,35.59457939133295],[129.321513255405,35.59486854535587],[129.3220628281139,35.595439193770694],[129.32216704194073,35.59556106729441],[129.32221877852191,35.59564809156852],[129.32226166928675,35.595747605667086],[129.32238262062134,35.59623921414848],[129.32238995506907,35.59637434184552],[129.32239370660787,35.59655074152704],[129.32236701822495,35.59698599060947],[129.32235914485304,35.59711434362458],[129.32234557004466,35.59733569936854],[129.3223764010177,35.5975815336375],[129.32239048926104,35.59762688447754],[129.32251952040724,35.59784025383434],[129.32284882751907,35.598206360607975],[129.32356132661045,35.59852440599097],[129.32397951723982,35.59864077028305],[129.33104342363433,35.59911203864156],[129.3312298316197,35.59910996978762],[129.331444738166,35.599060569317835],[129.33166670390605,35.59885744289639],[129.3317422882009,35.59875328052461],[129.33193593256408,35.59788576937948],[129.33187821603255,35.59771822422581],[129.33111075784996,35.5966087001121],[129.33089606549953,35.596073897714504],[129.33100446371307,35.595735474939126],[129.3312004946702,35.59554145028493],[129.3316723346451,35.595192839661344],[129.33218880377922,35.59481190209004],[129.33244451629255,35.59463981197865],[129.3325831135657,35.594548680223554],[129.33315626953714,35.59420854570422],[129.33337680480767,35.59411156321045],[129.334077637679,35.59384168837735]]]]},"properties":{"name":"중구","base_year":"2018","name_eng":"Jung-gu","code":"26010"}},{"type":"Feature","geometry":{"type":"MultiPolygon","coordinates":[[[[129.2664333456709,35.55605816761961],[129.26665623032125,35.55584493680933],[129.26673504271142,35.55576979382009],[129.26688392422272,35.55563212733109],[129.26694102572134,35.555579429391926],[129.2672365685859,35.555329183364336],[129.26744783036847,35.555150828291886],[129.26782261138734,35.554836415254535],[129.2681054199019,35.554636180979564],[129.26855545037753,35.55437946992627],[129.2687887526399,35.554263758617296],[129.26971449442593,35.55384433304603],[129.27037273535234,35.55356821550301],[129.27050839387755,35.55352539853529],[129.27071501263487,35.5534601892254],[129.2708415432176,35.553422493187895],[129.27165335719363,35.553416692731815],[129.2719676512699,35.553416827568654],[129.2721933496352,35.55341698760736],[129.27258966630595,35.55342700178905],[129.27273546515644,35.553455282188295],[129.27322483653302,35.553620007765595],[129.2734561568038,35.553704172946894],[129.27351892593228,35.55372741919381],[129.27376729312905,35.553836213110706],[129.27400396305774,35.55393991197427],[129.27432790792562,35.55406709047428],[129.27462189690974,35.55411846574741],[129.27485853251102,35.554123354994786],[129.27509050313392,35.55410239737753],[129.27522019590086,35.55408348294533],[129.27842313250827,35.553581043698465],[129.27958165613788,35.55339012348306],[129.2795818097751,35.55339008695711],[129.28014576630352,35.55324040506807],[129.28014590008954,35.553240368834565],[129.28026631452624,35.55319919949491],[129.28026644590722,35.55319915428161],[129.28037465416975,35.553161751352505],[129.2873734965886,35.55017273567438],[129.28776677984433,35.54998811082628],[129.28778785272166,35.549978216957165],[129.28788622369035,35.54993105459359],[129.28820602911466,35.549763680544224],[129.28831399703697,35.549701632036715],[129.28846194032934,35.54960166928053],[129.28903638792258,35.54913397109478],[129.28915588263064,35.548995906020906],[129.28931480318195,35.5487711227375],[129.28931486934914,35.54877102258831],[129.28943468836394,35.54858128459914],[129.28943474133794,35.54858118644877],[129.28944538433305,35.548559853591605],[129.2896848424802,35.54804482397222],[129.28990388205173,35.547791315684286],[129.290202480565,35.54750807264242],[129.29152689641649,35.54638643498137],[129.29166806810977,35.54631077478841],[129.2917850615618,35.546248365522615],[129.29198019244654,35.54614492409452],[129.2921450570479,35.54607361347332],[129.2922179727512,35.546042406117],[129.2946660625282,35.54519729300731],[129.2946701120498,35.545194876152664],[129.29473652991368,35.545170047609226],[129.2948816283991,35.545125791838096],[129.29532083148382,35.544992204411834],[129.29546575898303,35.54496801287492],[129.29585845346253,35.54490249564899],[129.29690466206222,35.54491411349441],[129.2990183491846,35.54519667398574],[129.29957539729372,35.545273691911184],[129.30117875277853,35.5455883526209],[129.30155802875456,35.5457021523662],[129.30172521767523,35.54577468695245],[129.30282822781788,35.546457026958166],[129.30327691534168,35.546946018423526],[129.30328999058682,35.547071779116166],[129.30324267488223,35.54775867438872],[129.30322010803212,35.5478932477598],[129.30318424942408,35.54807178496565],[129.30316071541003,35.54819253631542],[129.30311192307022,35.548600870560975],[129.30309662209856,35.54883538910499],[129.3030810262188,35.549082158248694],[129.3030513230653,35.549566713169476],[129.30303531724942,35.55048762958191],[129.30304925725306,35.55087678226496],[129.30313010645426,35.551114683812635],[129.30321507972766,35.55136391335046],[129.3043783372481,35.55219553935132],[129.30451911194078,35.55229548898327],[129.30478221137668,35.55244393861933],[129.3048960844939,35.55250812898218],[129.30502770508477,35.55257594441646],[129.30517270932282,35.55264857530586],[129.30529555220514,35.5526901579738],[129.30550766517248,35.552761835648745],[129.30574979260368,35.55280259389772],[129.30587637609636,35.55282383402975],[129.30644285850485,35.55288052543093],[129.30670938213945,35.552894840700134],[129.30692369118756,35.55289678499657],[129.30709083531164,35.552897146154976],[129.30716003332148,35.552889030042046],[129.30731049770347,35.552841537919],[129.3074142195376,35.55280833232697],[129.30858840854984,35.552384486926464],[129.30859152054623,35.55238350446135],[129.31678174289647,35.55042058329845],[129.32197185864777,35.54990459993382],[129.3227576612336,35.54982169088682],[129.3228709972789,35.54980992248025],[129.32543123045227,35.54957793891248],[129.3259710622481,35.54959687491887],[129.32641368166657,35.54963611315019],[129.32708942782992,35.549696318639576],[129.3273982968304,35.54972429935908],[129.33073861708945,35.550200956689814],[129.33086383585615,35.55022496790987],[129.33134210921114,35.55038665043458],[129.33140829143198,35.5504211870287],[129.338178873104,35.54943011197469],[129.33945496577212,35.54931221807037],[129.3404049646601,35.549061701321996],[129.34200099133386,35.54904364106999],[129.3425114764367,35.54906279269664],[129.34286497039855,35.54919800469339],[129.34294115919724,35.54921503957217],[129.34379910779987,35.54936169778732],[129.3446931466125,35.549495937289876],[129.34609144964972,35.549688592142026],[129.346322272947,35.549700775598694],[129.3463511705652,35.549698872530854],[129.34697096461207,35.549576513992484],[129.3471676747029,35.549526947681464],[129.34811952268035,35.54924634795897],[129.35086751656368,35.54793824917311],[129.3550057201793,35.54657347641157],[129.35649879393617,35.54616055301417],[129.35806218316964,35.54568397009151],[129.35903763238784,35.54536835936627],[129.36320865874146,35.54398853479201],[129.36427172370333,35.543153296686974],[129.36446685294888,35.54297629889205],[129.3644669307102,35.54297622737183],[129.36645393017847,35.54240035292585],[129.36697046268742,35.541555585008766],[129.3675990499315,35.540715467131804],[129.367665469789,35.54063120202756],[129.36781925019596,35.540465140135744],[129.3683013607677,35.54001971576866],[129.36836465476335,35.539968690409125],[129.36910910906056,35.539415563186694],[129.3691949147703,35.53936838939656],[129.3694145249118,35.53925656358135],[129.37054930674284,35.53880403700891],[129.37094637981554,35.53871369992678],[129.37147131072956,35.53863759130101],[129.37164217131885,35.538615832287746],[129.37189672839142,35.53859653819039],[129.37205514016674,35.5385962943152],[129.3722183992068,35.53859969456994],[129.37240849687166,35.5386126484258],[129.37253929247692,35.538644836298204],[129.37276235367398,35.53874034416947],[129.37323418097333,35.53894956812685],[129.37339365240834,35.539020836915284],[129.3735668089634,35.53909748034157],[129.37425797702372,35.53939898246347],[129.3745518510998,35.53952578793051],[129.3764715742259,35.538175753937566],[129.37664952408326,35.537993611443234],[129.37763160809078,35.528427962387156],[129.37676698314186,35.528449431113785],[129.37561768001123,35.52885788780297],[129.3749585111856,35.528632902671035],[129.37313812455676,35.52500018687569],[129.37244241618447,35.52361172209905],[129.3740805996674,35.52306235864919],[129.3750000782313,35.522755584455666],[129.37598724298735,35.52242507015356],[129.37577765832495,35.5216676401171],[129.37562831081388,35.52113084346463],[129.3755094269133,35.52069669444982],[129.3752070459894,35.519564160769356],[129.37501673672722,35.51756720281147],[129.37503546261777,35.517563902403296],[129.3798057442713,35.51705740570975],[129.38193198629378,35.51683248722795],[129.38580695063584,35.516423134386756],[129.38582883137684,35.51641143682225],[129.38583377169712,35.51638393211403],[129.3859063146666,35.51454171459226],[129.38600274787706,35.5120268670104],[129.386058440209,35.510788393746395],[129.3861034755204,35.50978807598029],[129.3874045773197,35.50522960331207],[129.38766881970616,35.50420026175629],[129.38740437628968,35.50187817675729],[129.3867575061511,35.50113665229279],[129.38640023060353,35.50089742883311],[129.38574470111016,35.500829288219734],[129.3855539020881,35.500812852709345],[129.38550518534183,35.50081284622382],[129.38510023998188,35.50085552852331],[129.38499497771437,35.50087573757015],[129.3849167694288,35.50089520278746],[129.3848096611158,35.50092746846008],[129.38466907497704,35.50097563151035],[129.38439376065006,35.50107488746083],[129.38043081969963,35.5025616075111],[129.38037151987214,35.502587015256935],[129.37562789027723,35.501628441752764],[129.37256894287347,35.50092022023533],[129.37231154122375,35.50090664765275],[129.37163366142246,35.500876669366896],[129.37136469355653,35.50086700649786],[129.36999596589047,35.50104162953949],[129.36708232672916,35.50295995735725],[129.3665327959811,35.50372357139541],[129.36514399518668,35.50495590461205],[129.36384040511825,35.50535043196987],[129.36320437096097,35.5041767343836],[129.364969943429,35.50105823569214],[129.36752708736702,35.497953055717566],[129.36759594980006,35.49792391457444],[129.37126261161677,35.49767149976814],[129.37330405200996,35.498113598618005],[129.37546155510134,35.49994397706281],[129.3754920539529,35.499984808243596],[129.3755438052819,35.5000063862228],[129.37560789488498,35.50002312412011],[129.37568509060642,35.50003732144878],[129.37589691686472,35.500072658608865],[129.37598090508064,35.50007336266556],[129.37914360586186,35.499920076629174],[129.37923372416984,35.499906714912235],[129.3792577523157,35.49990045727525],[129.37928509300005,35.49989224943939],[129.379306034358,35.4998831532529],[129.3793173082719,35.49987570059769],[129.3835699789921,35.49441684561558],[129.38682591982806,35.489694745321685],[129.38816096845497,35.48842169355458],[129.39052886666383,35.486258584009875],[129.3908655900111,35.48595402487085],[129.3907719372865,35.48497785541449],[129.39075973532715,35.48446072755993],[129.39071691057606,35.48053027673339],[129.39071285168868,35.48014678349206],[129.39071210445127,35.480037908902],[129.39071234166101,35.479654312241834],[129.39077250915633,35.47954145387995],[129.39097407324755,35.47929699980676],[129.39106122886716,35.47929608622297],[129.39110529633572,35.47927169833344],[129.39110533490705,35.47836994141985],[129.39109613727317,35.47829065705248],[129.39104183104482,35.47827136493599],[129.39090652080623,35.47827117253736],[129.39040724418913,35.478745703952136],[129.39040506188977,35.4792520628947],[129.39041263706082,35.48343922963899],[129.39041682044194,35.48412195735854],[129.39042108135166,35.484798099160834],[129.3904261179235,35.48547487241721],[129.39043252465532,35.48561473509972],[129.39043184375276,35.4861120765336],[129.38893481866216,35.487510146817506],[129.38882101800777,35.48747229837466],[129.38842646775132,35.48721300063354],[129.38570217891845,35.484850768620106],[129.38580317091365,35.48315572254173],[129.3858905026108,35.4818997454145],[129.38581746974364,35.48169745559144],[129.38575466940554,35.48167638629928],[129.3840343815451,35.48094064153602],[129.38379068936794,35.48078945730316],[129.3840076212256,35.478187687910314],[129.38411625235327,35.47753329464167],[129.3841603377498,35.475984088842964],[129.38093316272438,35.47172615555881],[129.3808493972045,35.47164480341083],[129.3807685727507,35.471579659649215],[129.380690094949,35.47153577120608],[129.38059659433029,35.471497751331285],[129.3804248373693,35.471480888947205],[129.38029782918326,35.47148927451475],[129.38021719432805,35.47150219131262],[129.38014963985108,35.471517536644846],[129.3800688584769,35.47155322246071],[129.3795499440425,35.4718258602156],[129.37854169084883,35.472411424310096],[129.37848099589223,35.47242635900982],[129.37828399971696,35.472448310894585],[129.37535707466802,35.47065690944968],[129.37445895274578,35.47002391698466],[129.37442954132877,35.47000147542338],[129.37440518476993,35.46997613358407],[129.3743804857951,35.46994790860446],[129.37436384394042,35.469923445786684],[129.3743563764647,35.46990454162631],[129.37425654716907,35.469640857634225],[129.37424725683812,35.46960979149315],[129.37424247937494,35.46957744902188],[129.37418866005837,35.4683464401086],[129.37574959205523,35.46676013025184],[129.37744912826497,35.465868416278816],[129.37701904945067,35.465264976301775],[129.37612968560944,35.464063575859974],[129.37482545804255,35.46237707765768],[129.37419761070808,35.46206945409861],[129.37306469644324,35.46247851249222],[129.36896840642095,35.46392304782847],[129.36840975023648,35.464112722358976],[129.36833290196134,35.46413552525121],[129.3682024500139,35.46415647512182],[129.36795904007315,35.46416558771064],[129.36569859305797,35.46269187030213],[129.3650411205332,35.462204268334546],[129.36302283093963,35.46040160869193],[129.3630169958189,35.46025534449091],[129.36485357587236,35.459535430099045],[129.36625129419474,35.45904530089803],[129.3704303763807,35.45758099093406],[129.37043990450093,35.457569065824316],[129.3704394364554,35.45756293735126],[129.36884634948396,35.4544835889258],[129.3686870765854,35.4542350077898],[129.35505785200667,35.45899770728375],[129.35451271805096,35.45919336078885],[129.35433801511218,35.45936150329726],[129.3530008873606,35.46083628709487],[129.3524444841514,35.46221293515468],[129.3524373527464,35.462245133331166],[129.35243634563625,35.462266947542005],[129.3524406255911,35.462288476844336],[129.35245541005244,35.46231898809845],[129.35247822123037,35.46234595936475],[129.35302976510002,35.46268811167986],[129.35305097717116,35.462701660320946],[129.35306955434763,35.46271764926749],[129.3530819779194,35.46273717110836],[129.3530859883311,35.46274761583063],[129.35308890056768,35.46275851195],[129.35283098197203,35.46440391078085],[129.35279148930186,35.464484554095996],[129.35271008462115,35.46464558574308],[129.3526350979918,35.464785219496214],[129.35255403320136,35.4649238160168],[129.3504697631284,35.46832818440391],[129.34911998353732,35.469282882491456],[129.34873442747394,35.469339207245135],[129.34856523027634,35.46935909795506],[129.34843721859153,35.469366812625104],[129.34833653349887,35.46937284281593],[129.34819988473114,35.46939126977894],[129.34815465196309,35.46940245992976],[129.34724861045265,35.46977947768872],[129.34704604502534,35.469898227539765],[129.34588577878716,35.47065352787621],[129.34551168829745,35.47090272390415],[129.34431728870175,35.47184392912953],[129.34149979460355,35.47408561547564],[129.3401012713284,35.47547715747541],[129.33977957995506,35.475992864710854],[129.33987970437292,35.47698380143915],[129.33993486166955,35.47822738946682],[129.3399328693483,35.47833291028829],[129.33991988806628,35.47845890452978],[129.33990261301443,35.47858558449646],[129.3398826201975,35.47866314423157],[129.33931158797424,35.47993359680798],[129.33925074199698,35.480065151043185],[129.33918744480772,35.4801852013621],[129.33910444771027,35.48032693781094],[129.33870236394264,35.48085213282127],[129.33780174143516,35.481996693411034],[129.33775241049116,35.482058201914974],[129.33766675414853,35.48213890716582],[129.33750520101023,35.4822554462511],[129.33648286398372,35.48292894629332],[129.33246055744527,35.48551302615981],[129.33115649035048,35.485551012651555],[129.33055845242873,35.48555192031439],[129.32943892524625,35.485895479061114],[129.32913356434634,35.486193377757054],[129.32897411624066,35.48643968546298],[129.32901596797896,35.48659702796692],[129.3292508416709,35.4867155433215],[129.32693102880202,35.48921201348221],[129.32614151241984,35.48920245600044],[129.3249753731685,35.48844333725488],[129.32403646328748,35.48782051956983],[129.32351318350945,35.48744662391482],[129.3231517597666,35.487192735290606],[129.32166487945173,35.48718188647487],[129.3200823469847,35.48744450936558],[129.31943222023588,35.489282644333514],[129.31912519719148,35.49020388785685],[129.3188579603784,35.49101810605178],[129.31403101726042,35.49113593259657],[129.31048044536382,35.492600857620715],[129.30899231000154,35.49450829708736],[129.30846687724784,35.49548806968729],[129.30801592615302,35.496363612884544],[129.30792054628856,35.49658618782609],[129.30789735639462,35.49671653857114],[129.30791232074375,35.49678876604195],[129.30791528449976,35.49679134685327],[129.3078378222164,35.49692891906038],[129.3075314834737,35.497140366222844],[129.30748065776694,35.49716474053749],[129.306179534751,35.49760710996558],[129.30583461262452,35.49714614566885],[129.30563570865857,35.4968063246884],[129.3053898714231,35.496318160625826],[129.30529536935174,35.49608542065923],[129.30526693295366,35.49598230272032],[129.30524965878814,35.49591117865141],[129.3052171962118,35.49577474115718],[129.30521624466598,35.49576502796324],[129.3044598869412,35.495406832469214],[129.3038348317537,35.49512796080553],[129.30292432983677,35.49473233214634],[129.3024617292778,35.4947219508211],[129.3009030335002,35.49509884962668],[129.29872058161416,35.4970839531247],[129.29725391746675,35.4987955855729],[129.29713427485984,35.499368925454],[129.2969986462914,35.50060072216904],[129.29651959937894,35.50137633534552],[129.2949121455705,35.5025297831854],[129.29342478067866,35.50360571264791],[129.2925133251028,35.50539328112482],[129.29076131050587,35.50874328753402],[129.2907509456158,35.50874235780371],[129.28978506712912,35.50848990038451],[129.28901425587875,35.50909700629938],[129.28857207115573,35.51119083066112],[129.28839916000112,35.51235248395242],[129.28822402301142,35.514817653726034],[129.28825842763527,35.51496905384004],[129.2882585725391,35.5149697206216],[129.28680068975845,35.51595526624563],[129.28674297869452,35.51599178378661],[129.28351184174142,35.517136164482686],[129.2806548385151,35.52068291146756],[129.28014489154512,35.5210126596085],[129.2792734843115,35.521571238200906],[129.2777561839176,35.52198267679581],[129.27688241154792,35.5218598273921],[129.27598174261607,35.52259915104688],[129.27471470184537,35.52367031723766],[129.273535443016,35.52531353255023],[129.27339927456646,35.52577194275443],[129.27325419124082,35.52628094220732],[129.27325299147114,35.526285155544834],[129.27354869858118,35.52680697919695],[129.27366455516471,35.52700355082491],[129.27384039872967,35.52720601932224],[129.27385204417405,35.52721943036308],[129.2748460653257,35.528394491478274],[129.27465160404722,35.528679669478606],[129.274472435304,35.528942397756744],[129.27428524901103,35.529208289101874],[129.27235828547356,35.52984961337713],[129.2672131047156,35.53068720578712],[129.2643733127974,35.53083991658403],[129.26394142026865,35.53079671143207],[129.26258079596911,35.53044431175724],[129.26072634700233,35.53021133431365],[129.25891845571783,35.530353410407336],[129.25757974865292,35.53158366513451],[129.2578487902801,35.5322581646541],[129.2572131245531,35.53435717270936],[129.25556762925552,35.534806359153656],[129.25462052186646,35.53496747351464],[129.2546211426609,35.53496498528384],[129.25470778484268,35.53461999413399],[129.25508806399787,35.5338214587847],[129.25473937966242,35.533449577066186],[129.25468457153212,35.53339123460306],[129.25438822585133,35.53307678179941],[129.2543635213091,35.533050569682786],[129.25385108503448,35.53272871709426],[129.2492742115589,35.5331413299091],[129.24829729287273,35.53324415201026],[129.24784888836354,35.533334217523446],[129.24778918565443,35.53334620964176],[129.2472066025303,35.53396850693585],[129.24690318912033,35.53441267202698],[129.24671009284438,35.53468770741344],[129.2460365531143,35.53554103322228],[129.2458726219442,35.535748286420635],[129.24559683041886,35.53609595993731],[129.24334748522554,35.53536480006279],[129.23893464265927,35.53593277882798],[129.23654139633788,35.53617146374169],[129.23653927026027,35.53617209658511],[129.23737280107855,35.537650316434686],[129.23771002790474,35.53824585434879],[129.23881162090754,35.53986745651577],[129.24034087188548,35.53976559311531],[129.24199716711138,35.540052986122696],[129.24395794346347,35.54223315026477],[129.24719381593857,35.54389458999628],[129.2493623156469,35.5454535200123],[129.25213463414693,35.54832362366254],[129.25226527708767,35.548486694701666],[129.253221913199,35.55027136768554],[129.2532908628095,35.55045499698671],[129.25329876408213,35.5504775139248],[129.25330399424058,35.5504924644562],[129.25330399670872,35.55049318563954],[129.25327692149514,35.551039966098905],[129.25326810252392,35.55107621663018],[129.25324164139835,35.55118487812846],[129.2532282492863,35.55123979541226],[129.25319698737857,35.55136802127733],[129.25317913782024,35.55144124662273],[129.2531960257708,35.551586770211124],[129.25390942014926,35.55265943977066],[129.25414359238354,35.55293919725029],[129.2542082084624,35.55301608726075],[129.25432643627565,35.553155720146314],[129.2544083501532,35.55325081428202],[129.2546089309791,35.55341523916517],[129.2559182541421,35.554345051766404],[129.256693417014,35.55397325272597],[129.25676655623266,35.55393362145525],[129.25696294470737,35.553827123625666],[129.25768708633643,35.553402969466184],[129.25798849809283,35.5532263975462],[129.25809295489728,35.55316119231106],[129.25845902750882,35.552932655351135],[129.25881336368323,35.5527114430312],[129.26028255649388,35.55174361654068],[129.26168948621293,35.55168232141785],[129.2606905842876,35.55233167253979],[129.26168599057476,35.55446460217907],[129.2627706296752,35.5561741716097],[129.26303083922468,35.55648806759584],[129.2631310373171,35.55643584632884],[129.2640395949854,35.555962045032814],[129.26563609127084,35.556905695803955],[129.2657860554493,35.55676691312144],[129.2664333456709,35.55605816761961]]]]},"properties":{"name":"남구","base_year":"2018","name_eng":"Nam-gu","code":"26020"}},{"type":"Feature","geometry":{"type":"MultiPolygon","coordinates":[[[[129.40000007339572,35.46648321080839],[129.3999341950616,35.46646125602406],[129.39990269169294,35.46646479558329],[129.39983036807558,35.466623880944255],[129.40239583155665,35.46747290235191],[129.4043464634205,35.468116769171516],[129.40649232346095,35.46881960799574],[129.40656695738312,35.46867577917215],[129.4058254491044,35.46842699008613],[129.40480893558055,35.46808763621849],[129.40000007339572,35.46648321080839]]],[[[129.4540619762481,35.56946038977771],[129.45406605572782,35.56945999548685],[129.4540691242654,35.56946031714326],[129.45415108320734,35.569289946487956],[129.4541487266674,35.56928850265453],[129.45414650669184,35.569286230843375],[129.45411895159486,35.56925507870292],[129.45411614308156,35.56925174366367],[129.45411354944216,35.569247806551914],[129.45411230205568,35.56924560190602],[129.4541111076703,35.56924330805483],[129.45410996938438,35.569240870858806],[129.45410881783658,35.56923834192603],[129.4541077899208,35.569235724445626],[129.45410681469974,35.56923300514406],[129.45410594768666,35.56923010739618],[129.45410524700472,35.569227152861856],[129.45410460262417,35.56922415414316],[129.45410412131818,35.569221055419405],[129.45410364134256,35.56921792061455],[129.45410271491357,35.56920839789185],[129.4541024639691,35.56920515299754],[129.45410225965384,35.56920191996797],[129.4541002846703,35.569164855753655],[129.4541001353334,35.56916134237121],[129.454099851236,35.56915046421236],[129.45409975356,35.569146715605285],[129.45409901783276,35.56911615446431],[129.45409899788103,35.569108701283334],[129.45409897898986,35.56910147345719],[129.45409902779923,35.56909457988688],[129.4540991472691,35.56908823327561],[129.45409950056114,35.56908233722288],[129.45413058823559,35.56879915165633],[129.45414254768335,35.56869418856566],[129.4541430665456,35.56869038488642],[129.45414370670179,35.56868648728855],[129.4541443907994,35.56868258176621],[129.45414578111354,35.568674682017004],[129.4541472122169,35.56866664458014],[129.45414796366128,35.568662604545445],[129.45414875481055,35.568658563866904],[129.45414961543497,35.568654567136186],[129.45415047697873,35.568650608253066],[129.45415145674477,35.568646701542164],[129.4541526041977,35.56864279391509],[129.4541539182699,35.568638932266516],[129.45415535239312,35.5686350163849],[129.4542297450349,35.56843754161486],[129.45423145367715,35.568433208399036],[129.45423509031113,35.56842476017637],[129.45425052709686,35.568390552587175],[129.45425454957117,35.568382090895064],[129.45425671056327,35.5683778477041],[129.45425892643806,35.56837359280523],[129.45426364378895,35.568365121647325],[129.45433986810338,35.56823798006987],[129.45434215028013,35.568234183853306],[129.45434449099008,35.56823043536781],[129.45434922331836,35.56822294478301],[129.4543540682301,35.5682154559782],[129.45435903316428,35.56820782098862],[129.45436153825838,35.5682040265655],[129.4543641095268,35.56820023106916],[129.45436672359793,35.56819638078933],[129.4543776545541,35.5681803535505],[129.4543805422559,35.56817614004045],[129.4543834408551,35.568171920944664],[129.45438639680535,35.56816770091873],[129.45439245983886,35.56815930529301],[129.45439559118608,35.56815512929972],[129.45439871259853,35.56815099854189],[129.4544018979627,35.56814695689566],[129.45440507474936,35.56814301635515],[129.45442413702233,35.56811952814115],[129.45443062162647,35.568111590844566],[129.45443727264544,35.56810360036539],[129.45444392377786,35.56809570544178],[129.454450519747,35.56808790156126],[129.45446652914853,35.568069004550296],[129.45446977447847,35.56806534235785],[129.45447297541253,35.56806176021631],[129.4544762196307,35.56805814311613],[129.45447953208088,35.56805460964917],[129.45448289755794,35.568051078928065],[129.45448637544365,35.568047542777826],[129.4544898634221,35.56804405875013],[129.4544934516417,35.568040522613245],[129.4544971048805,35.56803702869318],[129.45450075838167,35.56803354558662],[129.4545044568745,35.56803009780977],[129.45450816419026,35.56802664988973],[129.45451192907584,35.56802321005076],[129.45451570481498,35.56801976282373],[129.45452323542716,35.56801309948876],[129.45453476023872,35.568002988988546],[129.45453858889897,35.56799963105133],[129.45454246521106,35.56799623628163],[129.4545463512656,35.5679928792163],[129.4545540572704,35.56798625991218],[129.45456176439586,35.56797977761563],[129.45456941548258,35.567973350316784],[129.4545770808647,35.56796714815766],[129.45458091436538,35.56796408041988],[129.4545848015934,35.56796104426413],[129.45458874401024,35.56795800901612],[129.4545926985943,35.567955020448025],[129.45459664236796,35.567952041070036],[129.4547988424541,35.56780417888183],[129.45480134622255,35.567802420031846],[129.45535337275297,35.56638541185977],[129.4553557102396,35.56638162554496],[129.45535817116132,35.566377833621395],[129.45536330130994,35.56637028605979],[129.45536603909082,35.56636653652133],[129.45537167761572,35.566359023982244],[129.45537464463604,35.56635517336338],[129.4553776557714,35.56635132202864],[129.4553807883113,35.566347472329944],[129.4553840322499,35.56634357574926],[129.45539073595967,35.5663354022635],[129.45539419793656,35.56633112532263],[129.45539764783297,35.56632680530625],[129.4554011658762,35.5663222930685],[129.4554045560159,35.5663176026083],[129.45540788221925,35.56631273288776],[129.4554110978867,35.56630776399394],[129.45544269787752,35.56625868627817],[129.45550767790678,35.566156784200665],[129.45551966016927,35.56613791093177],[129.45552554156438,35.56612858966508],[129.45553718417543,35.56610972370886],[129.45554305123954,35.56610008534998],[129.45555418641487,35.566081314169075],[129.45555678487193,35.56607673571494],[129.45555933033125,35.56607224646659],[129.4555616540316,35.566067712136274],[129.4555638023662,35.56606322572597],[129.45556589352603,35.56605874745532],[129.45556787654422,35.566054359285296],[129.45556985956222,35.56604997111525],[129.45557178853116,35.566045628896624],[129.45557371660834,35.566041340781744],[129.4555756433557,35.566037088747954],[129.4555776949395,35.566032888777706],[129.4555797992706,35.566028770888416],[129.45558196010344,35.56602470797453],[129.45558417717518,35.56602068922242],[129.4555865716272,35.56601670545441],[129.4555890766143,35.566012820859406],[129.45559175563693,35.56600892442536],[129.45559442498853,35.56600508404047],[129.45559721659188,35.566001189385396],[129.4556001275249,35.56599730180876],[129.4556030834927,35.565993451363774],[129.45560610786708,35.565989691760485],[129.45560917415054,35.565985931477044],[129.45561561908633,35.56597846173332],[129.4556188630122,35.565974747247374],[129.45564265971052,35.56594807549039],[129.45564607989076,35.565944258979826],[129.45564959738675,35.56594045170783],[129.4556531289931,35.56593668026628],[129.45566042316506,35.56592928869096],[129.45574788518715,35.565822362763306],[129.45575296237126,35.5658148178481],[129.4557554673138,35.56581111354813],[129.4557579835039,35.56580741808046],[129.45576054358978,35.56580371288548],[129.45576311474798,35.565800009313755],[129.45576579505445,35.56579625709327],[129.45576853143973,35.5657924516763],[129.4557714324675,35.56578861113379],[129.45577451084648,35.56578471362375],[129.4557777545251,35.565780808022126],[129.4557811625832,35.565776856481314],[129.45578463928214,35.56577291464431],[129.45578826575272,35.565768961361734],[129.45579196042596,35.5657649997603],[129.4557957755827,35.565761001946896],[129.45579958058653,35.565757040357674],[129.45580742357018,35.56574907914142],[129.45581140529572,35.56574512550171],[129.45581537686834,35.565741208086166],[129.45581935968838,35.565737299502864],[129.45582322886057,35.56573343603525],[129.45583096152174,35.56572565690558],[129.45583851894827,35.56571793110269],[129.4558459748651,35.56571020514377],[129.4558496719425,35.565706342665315],[129.45585336681378,35.565702480222555],[129.45585706168472,35.56569861777969],[129.45586064864892,35.56569476429988],[129.45586423318792,35.56569090184444],[129.4558677614725,35.56568708537628],[129.45587129329195,35.565683232791116],[129.45587482268624,35.56567937123033],[129.45587840831922,35.56567555383114],[129.45588557989086,35.56566793164833],[129.45588921973135,35.56566416565539],[129.45589661164152,35.565656621029895],[129.45590037377607,35.5656528025685],[129.45590412403396,35.56564904019202],[129.45590788726312,35.565645266787044],[129.45591169244491,35.56564149450406],[129.4559154556734,35.56563772109887],[129.4559192059299,35.56563395872195],[129.45592291291865,35.56563014115488],[129.45592660887831,35.565626323766686],[129.45593030483766,35.565622506378396],[129.45593388958926,35.56561865293237],[129.4559374741365,35.56561470032585],[129.4559410474945,35.56561065054008],[129.45594457686866,35.565606606876976],[129.45595553777508,35.565594379687965],[129.45596307949208,35.565586008666784],[129.45596693719963,35.56558176495268],[129.45597090661113,35.565577486971904],[129.45597494307088,35.56557324396233],[129.45597907773714,35.565568956087255],[129.45598327663245,35.56556467798746],[129.4559875337968,35.56556043680431],[129.45599190225565,35.56555623528312],[129.45600091936026,35.565547739346854],[129.45600993882903,35.56553934073232],[129.45602350334246,35.56552674313765],[129.45602803294835,35.56552254440861],[129.45603263071268,35.565518335558245],[129.45603722979104,35.56551418077569],[129.45604630331437,35.56550591830739],[129.45605073823126,35.56550181847513],[129.45605947084061,35.565493511055834],[129.45606379415455,35.56548935894522],[129.4560680492215,35.5654852133511],[129.45607225117493,35.56548106140702],[129.45607644006873,35.56547691688667],[129.45608462483025,35.56546876620183],[129.4560926860099,35.56546070586818],[129.4560966123009,35.56545674230123],[129.45611610221752,35.56543700248693],[129.45611997336275,35.56543303981432],[129.4561238337418,35.5654290881342],[129.45613145490478,35.565421081817526],[129.4561352038564,35.5654170850683],[129.45613888854933,35.5654129865923],[129.45614247072623,35.565408846508745],[129.45614598911158,35.56540471467243],[129.4561494534047,35.56540062698547],[129.45615615585035,35.56539249855334],[129.4561594535579,35.5653884568415],[129.45616275021342,35.565384371875204],[129.45616604682482,35.56538028510657],[129.4561693335175,35.56537615342444],[129.45617257589078,35.56537192329787],[129.45617921221822,35.56536370759186],[129.45618915718998,35.56535144638938],[129.4561958077854,35.56534336387116],[129.45620245726926,35.56533532644503],[129.45620916430528,35.56532738724808],[129.4562159781504,35.565319394030695],[129.456219563781,35.56531539632402],[129.4562232575362,35.5653113986651],[129.45622711770014,35.56530734782155],[129.45623104399198,35.56530329410148],[129.45623921544228,35.56529514181955],[129.4562433624233,35.56529118007454],[129.45624756450354,35.56528721563204],[129.45625172249768,35.56528334385683],[129.45625592697246,35.565279568687714],[129.45641999357875,35.56513904075637],[129.45648132557574,35.56508684055066],[129.45648877009853,35.56508064726822],[129.45649242458092,35.56507766711769],[129.4564960945325,35.56507477866772],[129.456499761168,35.5650719353459],[129.4565034854007,35.5650691920556],[129.45650722034057,35.56506652611936],[129.45651094561012,35.56506391623227],[129.4565147370369,35.56506139541987],[129.45651852744098,35.56505892330432],[129.456522318809,35.565056490838494],[129.45652616650335,35.56505410613848],[129.45652995816326,35.565051776437336],[129.45653380690896,35.56504943499146],[129.45653765260158,35.56504714948729],[129.45654151152837,35.56504486376816],[129.45654547064754,35.565042524135976],[129.45655346383614,35.56503784185143],[129.45655758512672,35.56503545631457],[129.45656177479466,35.56503306966746],[129.45656613969354,35.56503062969199],[129.45657060496004,35.565028143012476],[129.4565751904895,35.56502561110887],[129.45661107168522,35.56500599815045],[129.45697182167794,35.56480893683403],[129.45697718784425,35.564806022628986],[129.45698249969996,35.56480314356217],[129.45699311070194,35.56479740726996],[129.45699842391542,35.56479458407269],[129.45700378984668,35.56479175100423],[129.4570092222122,35.5647889276746],[129.4570146446447,35.564786149580435],[129.45702013434433,35.56478341546813],[129.45702561189128,35.56478081677614],[129.45703115785906,35.564778218775814],[129.45703670293585,35.564775674879016],[129.45704236799804,35.564773165093044],[129.45704802647262,35.5647707473656],[129.45752879671312,35.564568223147035],[129.4575328907035,35.56456662231562],[129.45753698574603,35.564565064738424],[129.4575410357838,35.56456356198139],[129.45754502184238,35.56456215041226],[129.45754895270073,35.56456082808546],[129.45755282862206,35.5645596058146],[129.4575567144623,35.5645584284569],[129.45756064660912,35.564557340495746],[129.45756471117312,35.564556344138346],[129.45756881979418,35.56455543541102],[129.45757299704206,35.56455462653551],[129.45757722721376,35.56455390694902],[129.45758140553116,35.5645533234279],[129.4575855286923,35.564552830951385],[129.45758960679177,35.56455248164182],[129.4575935659447,35.56455223162496],[129.45759746883198,35.56455211774513],[129.45760131876884,35.564552094874095],[129.4576051247668,35.564552079928575],[129.45760886326457,35.56455210213892],[129.45761243760535,35.56455217930195],[129.4576159580617,35.56455239977529],[129.45761931412858,35.56455275633908],[129.4576225490872,35.56455321403372],[129.4576257398306,35.56455375898936],[129.45762887657128,35.56455435169951],[129.45763189084437,35.56455498967034],[129.45763486227486,35.56455568062335],[129.45763776532826,35.56455637268698],[129.45764061654077,35.56455711066705],[129.4576959449399,35.56457263702232],[129.4576988623118,35.5645734640751],[129.4577017678088,35.56457434721297],[129.4577046299371,35.56457526170586],[129.4577073820296,35.564576278952835],[129.45771007031874,35.5645773945969],[129.4577126571319,35.56457860203817],[129.4577151248234,35.56457990156325],[129.45771748229066,35.564581386782415],[129.4577197405315,35.56458296556521],[129.45772188330352,35.56458469587073],[129.45772401927,35.56458650922367],[129.45772617193512,35.56458846474045],[129.45773047376204,35.5645925038421],[129.4577326255681,35.5645946054138],[129.45773698499428,35.56459874454621],[129.45774145359735,35.56460292697931],[129.45774377045106,35.56460491949404],[129.45774609630317,35.56460691907445],[129.4577485234999,35.56460882145074],[129.45775100583964,35.56461072293121],[129.45775349922116,35.56461253408342],[129.4577559782722,35.56461430039398],[129.45775846152853,35.56461596747246],[129.45776093927725,35.56461758956595],[129.4577634181924,35.564619078220204],[129.45776583411967,35.56462051741428],[129.45776824442083,35.564621816067564],[129.4577728885128,35.56462386993956],[129.45777739421402,35.56462504260113],[129.45778205038076,35.56462505350444],[129.4577869014127,35.56462436709609],[129.4577919129961,35.564622933450146],[129.45779437524527,35.564621923449316],[129.45788045332267,35.5645864289829],[129.45788499828885,35.56458449988336],[129.45788930943104,35.564582392481725],[129.45789344497487,35.564580141891604],[129.4578974139496,35.56457784713007],[129.45790120554594,35.564575517387574],[129.45790476871252,35.564573231021534],[129.45790811786782,35.56457103647808],[129.45791117383828,35.56456885390955],[129.45791395067346,35.564566535243664],[129.45791666027935,35.564563902149075],[129.4579190826546,35.56456098163866],[129.45792131423667,35.56455774690404],[129.45792343222558,35.56455419669102],[129.4579252102531,35.5645504590826],[129.45792659133966,35.56454673152888],[129.4579525495578,35.564468383364755],[129.45810008873653,35.564128198681004],[129.4581001967393,35.564125926979],[129.4581000854126,35.5641236191751],[129.45809974111484,35.56412134941298],[129.45809916425344,35.56411904376397],[129.45809831406046,35.56411674976782],[129.45799092927533,35.56387773941644],[129.4579894357473,35.56387503217193],[129.45798726949508,35.56387224570806],[129.45798418764198,35.563869283004024],[129.45798025238614,35.56386616107903],[129.45797806130977,35.5638645307262],[129.45797569059448,35.56386295377517],[129.45797315440822,35.56386137770942],[129.4578632765166,35.56379455773023],[129.45785879422283,35.563791987383965],[129.45785431345607,35.56378984251518],[129.45784984715635,35.56378802014399],[129.45784543727567,35.56378652139185],[129.45784105426767,35.56378558292868],[129.45783662968583,35.56378538436112],[129.45783215227758,35.563785644607606],[129.4578275770519,35.56378632833948],[129.4578229069421,35.56378728405911],[129.45781800444976,35.563788483349526],[129.45781321338208,35.56378972770701],[129.4578085445483,35.56379100794111],[129.4578041614021,35.5637922402626],[129.45780021933294,35.563793281515004],[129.45779672590496,35.56379398914034],[129.45779349490144,35.56379414620062],[129.4577904819062,35.563794013046],[129.457787414698,35.56379355623621],[129.45778427564449,35.563792685908886],[129.45778101481713,35.563791345179794],[129.45777734170915,35.56378965596169],[129.45777337056506,35.563787688517685],[129.45776923378352,35.56378535235113],[129.45776502620933,35.56378264592127],[129.45776294430163,35.563781149014204],[129.45775861191532,35.563777937975246],[129.45775421426183,35.56377458375823],[129.45774976147948,35.56377114028778],[129.4577475118914,35.5637693720519],[129.45774530545256,35.56376756344957],[129.45774304591492,35.56376565834903],[129.45773857732095,35.56376174636108],[129.45772007592333,35.56374544870367],[129.45771775778042,35.563743402119485],[129.45771322300064,35.56373930910506],[129.45770219172806,35.56372885254106],[129.4576977628495,35.56372457750807],[129.4576656218582,35.563693552926054],[129.4576636346463,35.563691594719934],[129.45766178205614,35.56368972808179],[129.45765997468934,35.563687815634594],[129.45765822131153,35.563685945581824],[129.45765483598754,35.56368229906145],[129.4576517372721,35.56367864247643],[129.4576489817106,35.563675032603555],[129.45764645554118,35.56367141900441],[129.45764408471766,35.56366766044667],[129.45764183631678,35.563663854825855],[129.4572913375469,35.56275385362592],[129.4572860842539,35.5627514237896],[129.45724472323,35.56273058058443],[129.45724035204435,35.562728039059685],[129.45723640134938,35.56272518600282],[129.45723275040092,35.56272177456397],[129.457229289691,35.56271792912401],[129.45722594535567,35.56271406015828],[129.4572227132465,35.562710178552024],[129.45721976683575,35.562706158885646],[129.45721725160953,35.562701995190494],[129.45721537316305,35.56269779410935],[129.45721450163947,35.56269362355319],[129.45721475336893,35.56268945819413],[129.45721599777875,35.56268528212291],[129.4572182561801,35.562681064342776],[129.4572214553614,35.56267669786403],[129.45726887045473,35.56261986426238],[129.45727311148988,35.562615241066226],[129.45727787500607,35.56261087081627],[129.45728328868228,35.56260665047214],[129.457341411264,35.562564663548706],[129.45734497025362,35.56256211763885],[129.45734851931073,35.562559616964634],[129.45735219011732,35.56255713234274],[129.45735590313814,35.56255465965598],[129.45736337539662,35.562549800074386],[129.4573671668862,35.562547378399195],[129.457371046865,35.56254496610456],[129.45737500386633,35.562542545346965],[129.4573790387231,35.56254015036942],[129.45738307379884,35.56253776440307],[129.4573871530314,35.5625353795224],[129.45740326924712,35.562526115507794],[129.45740719507708,35.562523864735276],[129.45741112226588,35.56252166983283],[129.45741893815497,35.562517421284916],[129.45742662411496,35.56251327401049],[129.45743421252936,35.56250919863601],[129.45744186644157,35.56250518530145],[129.4574570429931,35.56249738613515],[129.45746466490064,35.56249350854225],[129.45773786652651,35.56235629606543],[129.4580124187759,35.56222647668135],[129.45808577221476,35.56220552249327],[129.45809270414836,35.56220466704277],[129.45809871445707,35.56220238959317],[129.45810345691027,35.56219860742401],[129.45810698973196,35.56219335564904],[129.45829007582176,35.56182433689727],[129.4583135926442,35.56177419081174],[129.45847072251615,35.56139939671622],[129.4584722281032,35.561394713357814],[129.458473280095,35.5613896154738],[129.45847366261222,35.56138692823114],[129.45848939112636,35.56125739919234],[129.45849000279307,35.561252250768256],[129.45849042714477,35.56124720274883],[129.45849688655545,35.56116537785024],[129.45849716480265,35.56116003831975],[129.45849692403308,35.56115431597743],[129.45849641656488,35.56114824278257],[129.45849587277897,35.56114194660874],[129.45849523892613,35.56113557617347],[129.45849456359286,35.561129314590886],[129.45849365816096,35.56112311804868],[129.45849255281988,35.56111686705977],[129.4584911599904,35.561110680240844],[129.4584895367868,35.561104637797726],[129.45848784918843,35.56109885062077],[129.45848616454813,35.56109336629585],[129.45848445916184,35.56108829879571],[129.4584825244732,35.561083601026084],[129.4584802036765,35.56107917637134],[129.45847736789332,35.56107489711139],[129.45847396772294,35.56107072798943],[129.45847009496796,35.56106663325706],[129.4584658252899,35.56106254858053],[129.45846119265028,35.56105850946746],[129.45845608608536,35.561054670973995],[129.45845049371488,35.56105081693592],[129.45844479018677,35.561046928644316],[129.458438999694,35.561043184200784],[129.45843314534542,35.561039626501234],[129.45842719322965,35.56103649408968],[129.45842113362187,35.5610339313623],[129.45841476920063,35.561031990205876],[129.45840823265377,35.56103068288802],[129.4584015670721,35.56103005738892],[129.45839492702405,35.56103011840879],[129.45838833241032,35.56103050502886],[129.45838191969082,35.561031384511615],[129.45837571673633,35.56103281409944],[129.45836979570547,35.56103485752705],[129.45836424048676,35.56103760718616],[129.45835896437183,35.56104094548925],[129.45835382535512,35.56104493063616],[129.45820839956957,35.56115798195749],[129.45820307318448,35.5611623379498],[129.45819784004163,35.56116708006697],[129.45819528434666,35.56116959527602],[129.45819277342179,35.56117213680225],[129.45818800447793,35.56117745734434],[129.458183480056,35.56118303354202],[129.45818126913144,35.56118593439507],[129.4581791338996,35.56118886286588],[129.45817704586273,35.56119182662939],[129.4581749887922,35.56119479349569],[129.4581711178264,35.56120083686473],[129.45816745649466,35.561206790284686],[129.4581656762354,35.5612097075789],[129.4581639827098,35.56121256216264],[129.45816228918406,35.56121541674636],[129.45816066029195,35.56121820717572],[129.45815912099695,35.56122096189277],[129.45815765872325,35.561223708146485],[129.45815628489365,35.56122646197807],[129.45815363696963,35.56123198785352],[129.458151120098,35.561237549462135],[129.458149901144,35.56124032061007],[129.458148725237,35.561243137935996],[129.45814755060175,35.561246007527565],[129.45813705667155,35.56127231037637],[129.45813595848682,35.5612751480751],[129.45813489193912,35.561277925761566],[129.45813396068002,35.56128073190056],[129.4581331395266,35.561283529038704],[129.45813243752076,35.561286326044],[129.45813190251553,35.561289185243176],[129.45813141029421,35.561292079806734],[129.45813099822092,35.561295003718726],[129.45813033718997,35.56130093543541],[129.45812982993868,35.561306839411905],[129.4581296407178,35.56131257415034],[129.45812962844968,35.561317873299274],[129.45812981041567,35.56132281230297],[129.45813001202058,35.561327379574294],[129.45813041028458,35.56133159567586],[129.4581312377632,35.56133549649478],[129.45813252856243,35.561339032796496],[129.45813400106385,35.561342238004194],[129.45813555093235,35.561345176917236],[129.4581373760165,35.56134781927644],[129.4581397395185,35.56135028160491],[129.45814247692456,35.561352694586915],[129.45814525162538,35.5613552800487],[129.45814784690486,35.56135829032219],[129.4581500515363,35.561361840623874],[129.45815180628765,35.56136585438813],[129.45815275723157,35.56137011379626],[129.4581527620548,35.56137466443196],[129.4581518938627,35.561379427579446],[129.45815052324429,35.56138439902054],[129.45814866477454,35.56138945231003],[129.45806044103196,35.561626980125155],[129.45803045943592,35.561696458141306],[129.45802941198767,35.561698570217985],[129.45776889752725,35.562070099469224],[129.45776733251253,35.56207207030419],[129.457764500325,35.56207455934528],[129.45776195157,35.562076091810255],[129.45775880467684,35.562077707913595],[129.45726586911553,35.562307244327876],[129.45726161125748,35.56230917955806],[129.45724475665367,35.562316751731736],[129.45724045314716,35.562318624598326],[129.45723619512628,35.5623204624695],[129.45723201409774,35.56232219992645],[129.45722795264027,35.56232377317347],[129.4572241112496,35.56232514091304],[129.4572205114425,35.562326371308885],[129.45721703520957,35.562327511351896],[129.4572107470813,35.56232952642912],[129.45720792570586,35.562330374572646],[129.4572052396343,35.562331161020566],[129.45720257404116,35.562331882228676],[129.45719888561035,35.562332825586765],[129.45718964205182,35.562335076167976],[129.4571864141595,35.56233544951782],[129.45718346596772,35.56233480324922],[129.45718131551237,35.562333026179786],[129.45715983036294,35.562308160453114],[129.4571544783881,35.562301944157916],[129.45714923694374,35.5622955547847],[129.45714399386225,35.56228891662696],[129.45714134791316,35.56228554655953],[129.4571334029821,35.56227532649028],[129.45710325422945,35.56223582063557],[129.45710080861963,35.56223261318775],[129.45709385054985,35.56222295945172],[129.4570915244983,35.562219677943126],[129.45708929112817,35.56221639673243],[129.45708708930877,35.56221305190514],[129.45708488290293,35.56220969994037],[129.4569817117851,35.562051076168636],[129.45695609505685,35.56163257755431],[129.45695562338184,35.56161753756382],[129.45695560835244,35.561614923490616],[129.4569557310212,35.56160935210156],[129.45695595130624,35.56160353031659],[129.45695638156488,35.5615977231519],[129.45698796572015,35.561248696560014],[129.45698823815258,35.561246198618434],[129.45698851080414,35.5612437096882],[129.45698921102695,35.56123875094787],[129.45698963789687,35.56123625230154],[129.45699010887927,35.56123375293893],[129.45699061519548,35.56123125480554],[129.45699116188445,35.56122869291237],[129.45699175405875,35.56122609602404],[129.45699237993097,35.56122352383022],[129.4569930486305,35.5612209888035],[129.4569937495377,35.56121841719423],[129.45699446239342,35.561215883253475],[129.45699872620855,35.56120122071836],[129.45699947276196,35.56119871147207],[129.45700022972986,35.56119617681499],[129.4570010857457,35.56119354138581],[129.4570019863702,35.56119083491614],[129.45700293110713,35.56118812773018],[129.45700489644858,35.56118274818586],[129.4570070279128,35.56117739479164],[129.4570081711993,35.56117468618458],[129.45700934827136,35.56117200587653],[129.4570106883544,35.56116922375775],[129.4570258876915,35.56113796393432],[129.45702759856206,35.5611344600124],[129.45702939968766,35.56113094741297],[129.4570312308152,35.56112739826679],[129.45704985593434,35.56109138425265],[129.45705165638654,35.56108793476804],[129.45705344601558,35.561084584622925],[129.45705529099013,35.561081332742816],[129.45710057274474,35.561002135459205],[129.45710422031323,35.560995794653756],[129.4571078027944,35.56098959012845],[129.4571113856854,35.56098358392391],[129.45711493714327,35.56097773689173],[129.45716845318856,35.56089381368426],[129.45718292797432,35.5608770399112],[129.4572775597018,35.56079829601385],[129.45727993220876,35.56079641303804],[129.45728230378128,35.5607945823637],[129.4572900247022,35.56078870367324],[129.45729274822156,35.56078673746863],[129.45729572613138,35.56078479778321],[129.45729902484922,35.56078298450505],[129.45731408581176,35.5607756163455],[129.4573168010687,35.56077430836133],[129.45731953062764,35.56077322551701],[129.4573227476893,35.560772590908655],[129.457326385414,35.56077246872596],[129.45733014757351,35.560772382384776],[129.4573338647303,35.56077235086368],[129.457337418707,35.56077295844366],[129.45734107866485,35.56077456675782],[129.4573436931028,35.56077600814811],[129.45742846818305,35.560690641411966],[129.45742613172732,35.56068928926351],[129.45742396494182,35.560687836998554],[129.45742182595257,35.56068634822256],[129.457417749693,35.56068340886278],[129.45741396133002,35.56068033140671],[129.45741051146112,35.560677109623704],[129.45740722746524,35.560673813027506],[129.45740418447826,35.56067035565793],[129.45740143933358,35.560666624807325],[129.45739897910445,35.5606626333065],[129.45739777685048,35.5606604676237],[129.45739661730593,35.56065824355194],[129.45739548830298,35.56065591441147],[129.45739451635035,35.56065351060121],[129.4573647399038,35.56057486151519],[129.45736344095684,35.56057126042926],[129.45736250361162,35.560567557912805],[129.45735228014897,35.560507832641186],[129.4573517547296,35.56050437404851],[129.4573516700967,35.56050107597409],[129.45735215819198,35.560497920048256],[129.4578183417889,35.55957880764698],[129.45781840787367,35.55957517537651],[129.45782624646566,35.55937851085703],[129.45782646061065,35.55937352755399],[129.45782726427305,35.55936366302886],[129.4578315134537,35.559323376782835],[129.4578326941271,35.55931386312287],[129.45783424211282,35.55930466442613],[129.4578361534208,35.559295616686434],[129.4578384313965,35.55928676672686],[129.4578410078027,35.559278393314436],[129.4578439177225,35.55927039671546],[129.4578471618441,35.55926289591525],[129.4578507513401,35.55925580599234],[129.45785461532122,35.559248843227806],[129.45811820416887,35.55877941443306],[129.458120006431,35.55877622453223],[129.45812230597434,35.55877352237104],[129.4582974367389,35.55863424561566],[129.4583020826868,35.55863076790844],[129.45830671930412,35.55862745081767],[129.45831145627278,35.55862444942025],[129.4583163257862,35.55862181728245],[129.45832109024607,35.55861967365537],[129.4583258795297,35.558617915462],[129.45833071395668,35.5586166523538],[129.45833564920503,35.55861581491295],[129.4583406013322,35.5586153990944],[129.45834532107992,35.558615316996416],[129.4584369389061,35.55850037052277],[129.45842172958987,35.558455651398354],[129.45842041642504,35.558451466389165],[129.45842009208485,35.558447023713356],[129.45842021353116,35.558444760805884],[129.45842075671038,35.55844006243461],[129.45842175681966,35.558435463014284],[129.458423264104,35.55843094189568],[129.45842525786162,35.55842628305789],[129.45850050119031,35.55825764669685],[129.4585030805353,35.55825375001659],[129.45856778371603,35.558174696359],[129.45857075371768,35.558171620895806],[129.45857413646814,35.558168823595715],[129.45857800337802,35.55816633755479],[129.45858233851354,35.558164233348066],[129.4585868858632,35.55816278017353],[129.45859169989524,35.55816204025024],[129.4585964966904,35.558161861332934],[129.4586012287668,35.55816174296543],[129.4586059035869,35.55816162913414],[129.45861057982304,35.55816148282606],[129.4586152091662,35.558161041591504],[129.45861973578198,35.55815991509164],[129.45862387358937,35.55815795291946],[129.45862729865632,35.558155353257774],[129.4586299511641,35.55815246865941],[129.45863164512105,35.55814945359707],[129.45863193495217,35.55814640365767],[129.4586308589852,35.55814335247495],[129.45862862541807,35.55814033272503],[129.4586252770209,35.558137469921235],[129.45862098461652,35.55813489290485],[129.45861857289788,35.558133709678195],[129.45851089893964,35.55808307028663],[129.45850651084473,35.55808127551037],[129.45850201259827,35.558079850331374],[129.45849740843582,35.55807878746886],[129.4584928590983,35.558078073492965],[129.45848844674805,35.55807782065621],[129.45848433213862,35.558077925379656],[129.45848048717474,35.55807804916004],[129.45847705626883,35.55807823292221],[129.4584739496452,35.558078867568256],[129.45847094420634,35.558079852150684],[129.4584678740546,35.5580811695325],[129.45846463844964,35.55808276004944],[129.45846138555703,35.55808463752067],[129.45845814589077,35.558086877175455],[129.45845512808697,35.55808952971288],[129.45845227826644,35.55809273844374],[129.45837095946678,35.558188332096044],[129.4583681330162,35.55819186678424],[129.45836550909868,35.558195564055424],[129.45836308084722,35.55819932305446],[129.4583608090134,35.55820307229995],[129.45835859033167,35.55820682969665],[129.45835643980217,35.55821057697104],[129.45835437624064,35.558214452646695],[129.4583524917407,35.55821852374039],[129.45835071714123,35.55822275892228],[129.4583481205519,35.55822939279991],[129.45834640166618,35.55823392276484],[129.4583439372388,35.55824081953268],[129.45834310515485,35.55824316610607],[129.45834230019523,35.55824553928339],[129.4583415084688,35.55824791224568],[129.458339969377,35.55825275841622],[129.45833921028222,35.558255202967395],[129.45833846512235,35.55825767613978],[129.4583153629707,35.55833443646924],[129.45831393615214,35.55833918165139],[129.45831266160363,35.55834392796537],[129.45831203533513,35.55834630004205],[129.45831144064587,35.55834870045325],[129.4583108481183,35.55835109902635],[129.45830970789382,35.55835610639253],[129.4583086119738,35.558361302351486],[129.45830806467157,35.55836392736495],[129.45830543838593,35.55837741123677],[129.45830493827705,35.55838007154296],[129.45830347062585,35.55838812585269],[129.45829500457214,35.55843718000051],[129.45829462098752,35.55843964188876],[129.45829430203432,35.55844203962265],[129.4582940307699,35.55844440232511],[129.45829359220332,35.55844886641205],[129.45829330806333,35.55845305754317],[129.45829305377413,35.55845702462001],[129.4582928312781,35.55846075679318],[129.45829264386433,35.55846438923255],[129.45829236537807,35.55846790595811],[129.4582920853387,35.55847117750393],[129.45829179765576,35.558474225604705],[129.45829141469028,35.55847698497422],[129.4582888052077,35.55849324515829],[129.45828752639696,35.55849536820857],[129.45828511229362,35.5584972608942],[129.45828266720864,35.55849833372829],[129.45827968013094,35.55849880415916],[129.45827579919975,35.558498901473044],[129.45823475240883,35.55849986768736],[129.4582317967552,35.5584999066948],[129.45822882915286,35.55849990803376],[129.45822278394678,35.558499833167716],[129.45816327108372,35.558498238058526],[129.45805102316766,35.55849476275013],[129.4580480986062,35.55849453801315],[129.45804545857746,35.55849358385649],[129.45804316763008,35.55849210477096],[129.45801792724583,35.55836917491118],[129.4579962031957,35.55816459234809],[129.45799600324156,35.558162177803034],[129.4579958975512,35.55815946603823],[129.45799578149965,35.55815641908782],[129.45799575202977,35.55815312191991],[129.4579957432692,35.55814967837433],[129.4579958117595,35.55814614522784],[129.45799988795133,35.55797260367856],[129.4580004027837,35.557970366834006],[129.4580017705174,35.557968271189665],[129.4580040972373,35.557966324037004],[129.45800666035694,35.55796520601967],[129.45802666630405,35.557957063296165],[129.4580346460986,35.557954220175915],[129.4580376963071,35.55795326192169],[129.45804061910798,35.55795332441982],[129.45804406811538,35.55795451965423],[129.4580471333384,35.557956173670966],[129.45811980416647,35.55800226892626],[129.45812336841018,35.558004572920545],[129.45812694517272,35.5580069380126],[129.45813420706355,35.558011769205514],[129.45815744986598,35.55802765985434],[129.45816319642438,35.55803160335805],[129.45819032787705,35.558050706832404],[129.45819226709935,35.558052330459226],[129.45835655767982,35.55788482563754],[129.45836164556957,35.55788509454743],[129.4585510035754,35.55789507116244],[129.45855485185112,35.557895174501326],[129.45855901051777,35.557895067256695],[129.45856336535766,35.55789486126625],[129.45856787601323,35.55789453014109],[129.4585724264059,35.55789392792336],[129.45857683315703,35.55789313512105],[129.4585811291741,35.55789214398753],[129.4585851272062,35.557890966580565],[129.45858880227829,35.55788966460733],[129.45859219359485,35.55788830774687],[129.4585953054355,35.55788689052075],[129.458598253979,35.557885472342264],[129.45860112334262,35.5578840644653],[129.45860396182871,35.55788265709005],[129.45860678906772,35.557881240882615],[129.45860945963872,35.55787973346622],[129.45861192224436,35.55787811223579],[129.45861669116965,35.55787488493537],[129.4586190293003,35.557873226062085],[129.45862136946099,35.557871559943855],[129.4586236334368,35.55786993653212],[129.45862581718004,35.55786828016762],[129.45862795810953,35.557866496487414],[129.45862993425067,35.557864650577905],[129.4586319842957,35.55786266824402],[129.4586341036705,35.557860452199314],[129.4586360957634,35.557858083166906],[129.45863787700856,35.55785539122195],[129.4586392189833,35.557852509890914],[129.4586403033431,35.55784937852645],[129.45864110268806,35.5578460498602],[129.45864145441064,35.557842641925276],[129.45864149116215,35.55783907503792],[129.45864127058096,35.5578354510312],[129.45864076507607,35.557828097687675],[129.4586405142755,35.55782450121671],[129.4586401402285,35.557820917566474],[129.45863958099238,35.55781743068055],[129.45863853528698,35.55781408151457],[129.458637050525,35.55781091437247],[129.45863537845614,35.55780784763503],[129.45863363089208,35.557804942589456],[129.4586317293548,35.5578022383736],[129.45862951979586,35.55779984206357],[129.45862709254158,35.55779783873442],[129.45862430415747,35.55779613696221],[129.45862093198528,35.55779465382232],[129.45861695420157,35.557793308535366],[129.45861234759818,35.55779214474988],[129.45860722299034,35.55779109215183],[129.4586044414871,35.557790670381586],[129.458601505716,35.55779034667606],[129.45859846058954,35.55779006261005],[129.45859532670318,35.55778984849953],[129.45859216039182,35.557789661960506],[129.4585889051889,35.55778953997016],[129.4585856636014,35.55778952413416],[129.4585823763557,35.55778953608469],[129.45857578181403,35.55778973339721],[129.45857246169217,35.55778984504551],[129.45840343453892,35.557795770318286],[129.4583221684027,35.557809462810276],[129.4583184685006,35.557810107091896],[129.4583142769173,35.55781031222379],[129.45830423279352,35.557810560161826],[129.45830139687783,35.55781062246677],[129.45829843176966,35.55781063458439],[129.4582954613295,35.55781060892604],[129.45829241790045,35.55781048528976],[129.45828928230344,35.557810200882926],[129.45828619364934,35.55780985080607],[129.45818971677718,35.55779616692551],[129.4581844399095,35.55779538542687],[129.4581796034282,35.55779438582463],[129.45817522845462,35.557793220061995],[129.45817121826553,35.557791812182444],[129.45816743661845,35.55779036633308],[129.45816389899582,35.55778888406533],[129.45816048558453,35.557787428627094],[129.45815730886656,35.55778599819087],[129.45815448691397,35.55778436726914],[129.45815204873162,35.55778236771373],[129.45814999469636,35.55777983364454],[129.4581481240612,35.557776766520135],[129.4581463045514,35.55777308014362],[129.45814454969408,35.557768877064966],[129.45814366622955,35.557766572788665],[129.45814282446386,35.5577641686711],[129.45814205178422,35.55776170212985],[129.45814127453122,35.55775913830208],[129.4581405419719,35.557756507038],[129.45813984303473,35.5577538067145],[129.4581349853508,35.55773379865767],[129.458133652586,35.55772808143159],[129.45812994264813,35.557711808527664],[129.45812936522196,35.557709205393714],[129.45812878779586,35.55770660225977],[129.45805491700443,35.55736023869218],[129.45807911389232,35.55689897371154],[129.45802061921404,35.55682237069547],[129.457927805774,35.556696207763316],[129.45792569905606,35.55669223216248],[129.4579243400995,35.556687885621756],[129.45792397353046,35.55668560539999],[129.4579237744478,35.55668331704852],[129.45792384530841,35.55667870207577],[129.45792407555265,35.55667637609938],[129.45792447103392,35.556674040226845],[129.45792498565586,35.556671704221884],[129.45792570014518,35.55666933071356],[129.4579265368575,35.55666699308228],[129.45792745279238,35.55666464695214],[129.45792849509826,35.556662325813804],[129.45792956325622,35.5566599790138],[129.45793076374403,35.556657630064116],[129.45793199646786,35.5566553364831],[129.45793331767462,35.55665305228255],[129.4579346725776,35.55665079277629],[129.45793611574425,35.55664853363916],[129.45793759269478,35.55664630280088],[129.4579391909476,35.556644069992025],[129.45794083202554,35.55664187435003],[129.45794256044638,35.55663964122956],[129.45794443425456,35.55663739853535],[129.4579463972033,35.55663519225559],[129.45794852340256,35.55663298512679],[129.45795071642428,35.556630803957106],[129.45795304252107,35.55662865127622],[129.4579554135607,35.556626532121776],[129.45795777206877,35.556624442018524],[129.45796254747967,35.55662030413474],[129.45796729004414,35.55661635790007],[129.45796962774156,35.55661450071887],[129.45797196719266,35.55661271562827],[129.4579742941122,35.55661095958886],[129.45797660112504,35.55660929221873],[129.45797894385092,35.5566077324471],[129.45798133888152,35.55660623673295],[129.45798376873506,35.55660490272109],[129.4579862861374,35.55660363039119],[129.45798880511813,35.55660242294281],[129.45799132646638,35.55660131281674],[129.45799393320186,35.55660026621071],[129.45812918966632,35.556529146405296],[129.45810743113222,35.556451997073005],[129.45808886916944,35.55622319416692],[129.4580875613428,35.556220314421545],[129.4580862548448,35.55621739859499],[129.45808355194603,35.55621131778838],[129.45808218699202,35.55620817573616],[129.4580808675641,35.556205000490706],[129.45807959374997,35.556201795656534],[129.45807836078782,35.556198546887195],[129.4580771498938,35.55619520761039],[129.45807595069817,35.55619180503928],[129.45807481903967,35.55618836711437],[129.45807377338193,35.5561850179412],[129.45807277187785,35.5561816698537],[129.45807184931968,35.55617839260278],[129.4580710141347,35.556175169824726],[129.45807022481333,35.55617201842072],[129.45806962228735,35.5561689270863],[129.45806910850692,35.55616585594588],[129.45806876197938,35.55616285781338],[129.45806849127143,35.556159892705736],[129.4580683079366,35.55615698207097],[129.45806815921867,35.55615413397807],[129.45806716744838,35.55612887593808],[129.45806684024208,35.556120142217175],[129.45806638504484,35.556107689228],[129.45806601943414,35.55609764897158],[129.45806590237393,35.55609428831846],[129.45806568367448,35.556087384660856],[129.458065597285,35.55608392434564],[129.45806533972154,35.55607342798329],[129.4580652881946,35.55606985892299],[129.45806527787028,35.55606626034567],[129.4580653902637,35.55606262732109],[129.4580655362787,35.55605892523712],[129.4580657552061,35.55605522737756],[129.4580660524785,35.55605148497375],[129.45806651745517,35.55604774345141],[129.458067070651,35.556044000495866],[129.45806768855113,35.55604028713979],[129.45806839480198,35.55603657775732],[129.45806917877076,35.556032888748],[129.45807416959707,35.55601049040026],[129.4580750314719,35.55600673882399],[129.45807590365933,35.55600304838143],[129.45807771536903,35.555995805231724],[129.4580786680803,35.55599225050733],[129.4580796613539,35.555988821332456],[129.4580807018194,35.55598542745047],[129.45808173949615,35.55598210032399],[129.4580828564824,35.55597876830308],[129.45809330204392,35.55594769014483],[129.45809452652335,35.55594406068901],[129.45809575262498,35.555940497917035],[129.45818638068675,35.55568449185324],[129.45818847315783,35.55568044623025],[129.4581897631636,35.55567842216274],[129.4581912082538,35.55567642442326],[129.4581927407297,35.55567439100745],[129.45822867615937,35.55562789972917],[129.45823035977145,35.55562573043696],[129.45823212457813,35.55562363374768],[129.4582339334372,35.5556216246886],[129.45823582993194,35.55561968091586],[129.45823771776705,35.55561783464465],[129.4582396579064,35.55561605243083],[129.45824163353944,35.55561436880413],[129.4582436658438,35.555612747360904],[129.45824776348232,35.55560986453342],[129.4582519524574,35.555607380483075],[129.4582562074874,35.55560534430103],[129.45826058871612,35.55560359815097],[129.45826522444239,35.555602246324106],[129.45850617066515,35.55536226196998],[129.4585743527501,35.55490509422246],[129.45836013137455,35.554868244247025],[129.45836272279686,35.555226479240694],[129.4583594833481,35.55530652642954],[129.45835923850035,35.555312060143144],[129.45835905416493,35.55531454944569],[129.4583587829086,35.55531691214905],[129.45835797505435,35.5553224297687],[129.45835558939817,35.55532376487252],[129.45822253587164,35.55532809203292],[129.45813672731524,35.55533018387962],[129.45812141120595,35.555330557112825],[129.45811840510092,35.55532951514812],[129.4581169709639,35.55532751911107],[129.45808352097234,35.555275561600226],[129.45807430860225,35.55526119367734],[129.4580181044145,35.55517049378419],[129.4580137416269,35.555161569597495],[129.45795313229647,35.55437351114013],[129.45795289913713,35.55436936807605],[129.45795298583656,35.554365041321105],[129.4579532560962,35.554360551119196],[129.45795349824013,35.554358261008346],[129.45795377016415,35.554355925339266],[129.45795408995014,35.554353561848],[129.45795447132627,35.55435109999537],[129.45795486510207,35.55434860368471],[129.45795529258652,35.554346041919224],[129.4579557948499,35.554343379775155],[129.45795637484304,35.55434064785519],[129.4579583461564,35.5543322572216],[129.45795904662864,35.55432939893893],[129.45795982315119,35.554326492543424],[129.45796060214218,35.55432359692568],[129.45796144421385,35.55432066422363],[129.45796238777928,35.55431773167584],[129.45796339816528,35.554314825087246],[129.45796449614136,35.55431198198303],[129.4579667342596,35.55430630590747],[129.45796786623765,35.55430350011342],[129.45796900765112,35.5543007194078],[129.45797136925964,35.55429513147505],[129.45797254458734,35.55429238447506],[129.45797376565915,35.55428961329325],[129.4579762920912,35.554284089393136],[129.457977588542,35.554281333213574],[129.45797889724747,35.55427862731837],[129.457980237355,35.554275942548756],[129.4579816229874,35.55427322458598],[129.45798304460806,35.55427053488623],[129.4580366437248,35.55417173176205],[129.45803814973158,35.55416897398057],[129.45803965603181,35.554166318964114],[129.45804453271103,35.5541585500361],[129.45804624810543,35.55415605569387],[129.45810650674835,35.5540718981309],[129.45821056889258,35.55395789635599],[129.45821380157838,35.55395437851032],[129.4582172461906,35.55395095638533],[129.45822088878208,35.55394769150887],[129.45822469888907,35.55394478270357],[129.45822874605045,35.55394236766898],[129.4582328814375,35.553940495700544],[129.4582371844279,35.553938983407726],[129.4582417885133,35.55393769520125],[129.45824666700943,35.55393662249974],[129.45825192466734,35.55393580867574],[129.45828373094082,35.55393183200175],[129.4583668209947,35.55340827076109],[129.45836893457832,35.55340573027919],[129.45840136017213,35.553365281868786],[129.4584049210487,35.55336074541148],[129.4584066374862,35.55335847641971],[129.45840832459558,35.55335618085975],[129.45840995497818,35.553353911463184],[129.45841155166568,35.55335161737236],[129.4584175548236,35.55334263475136],[129.45841895336196,35.553340448452786],[129.4584203538864,35.553338253107036],[129.45842164276817,35.55333609383185],[129.45842292062287,35.55333393473583],[129.4584241221652,35.55333181293933],[129.45842532212896,35.5533296262612],[129.4584264909977,35.55332743107342],[129.45842760208734,35.55332521879463],[129.458428693109,35.55332299782702],[129.45842976274722,35.55332071410256],[129.45843076243924,35.55331836660736],[129.4584317074604,35.553315857732336],[129.45843261915024,35.55331324843205],[129.45843339785796,35.55331061424781],[129.45843410000325,35.55330791640032],[129.4584347234116,35.55330524687686],[129.45843527047685,35.553302522701486],[129.45843576218766,35.55329979041062],[129.45843618856946,35.55329709343784],[129.45843649320247,35.55329447056244],[129.4584366773275,35.55329188209871],[129.45843670707418,35.55328929614337],[129.4584365700123,35.553286655203046],[129.4584363458434,35.553283970603594],[129.45843605415303,35.55328123120889],[129.45843567336948,35.553278457202225],[129.4584352052159,35.55327562872281],[129.45843466102616,35.55327275820734],[129.4584340384066,35.55326992863177],[129.45843333705028,35.55326712738021],[129.4584325521079,35.55326433650168],[129.45843172900302,35.55326160934748],[129.45843078825342,35.55325894360309],[129.45842981401523,35.55325635232497],[129.45837197581656,35.55311857627418],[129.45836991934968,35.55311385162509],[129.45836886982968,35.553111521198524],[129.45836778810573,35.55310922735477],[129.45836667170929,35.55310695931607],[129.45836554520668,35.55310472930411],[129.4583643849216,35.55310247099336],[129.458363181857,35.55310017731808],[129.45835944778906,35.55309333257767],[129.45835687355486,35.55308881827448],[129.45835559258717,35.55308658716614],[129.45835170583956,35.553079905371284],[129.45834906806206,35.55307559042804],[129.4583450722911,35.55306914298861],[129.45834379107876,35.553067083167136],[129.45834000637868,35.55306114975317],[129.45833747480876,35.55305748215653],[129.4583348719125,35.55305414746688],[129.458332118791,35.55305107664991],[129.4583196368794,35.55303770301442],[129.4583171544846,35.55303560321027],[129.45831394062083,35.553033091590294],[129.45830995622254,35.55303037613176],[129.45830763039453,35.553028998581254],[129.45830509845612,35.5530275829109],[129.458299148448,35.55302478399688],[129.45829199680534,35.553022017226446],[129.4582836088996,35.553019310206665],[129.45827434182985,35.553016649923606],[129.45826447736098,35.55301401016355],[129.45825425133907,35.55301138168566],[129.45824359248982,35.55300873680015],[129.458232635575,35.553005992183444],[129.4582271363398,35.553004491299255],[129.4582215126511,35.55300286262223],[129.4582156811994,35.55300103718967],[129.4582097231766,35.552999087604576],[129.45819731247414,35.5529948070263],[129.45814703276494,35.552977350678105],[129.4581324206551,35.552971818529514],[129.45812543359426,35.55296901481864],[129.4581186793414,35.5529661676597],[129.4581057308019,35.552960365079876],[129.4580934673095,35.55295451711318],[129.45808147807332,35.552948424893565],[129.45806955264672,35.55294214412628],[129.45805747151192,35.552935629696975],[129.45804521362345,35.55292892341602],[129.45800745223224,35.55290783438102],[129.45799518158492,35.55290096603394],[129.4579840161967,35.55289436640494],[129.4579743411648,35.55288808513103],[129.4579664333468,35.552882166395655],[129.4579542223603,35.55287221758635],[129.45794947068003,35.5528683426428],[129.45794566991282,35.55286510312784],[129.45794268403552,35.55286216769997],[129.45794006606806,35.55285948231873],[129.4579335965973,35.55285246924669],[129.45790712920495,35.55282367288527],[129.45790115822254,35.55281710786777],[129.45773468051377,35.55262190613168],[129.45772948252846,35.5526154637732],[129.45772501470512,35.552609289016836],[129.45772119737282,35.552603462487774],[129.457718168246,35.55259820371581],[129.45771606905276,35.552593443688764],[129.4577149510265,35.55258902110937],[129.45756860917032,35.55208230318948],[129.457566526935,35.55208468088037],[129.45744504855048,35.55221939811405],[129.45744025383792,35.552224003261514],[129.4574337020325,35.552227663334534],[129.45742586239595,35.55223007862946],[129.45701619360977,35.55221749123584],[129.45701323812642,35.552217890803],[129.45701028547643,35.55221822541681],[129.4567620755401,35.55224580027596],[129.456737044977,35.552245137457376],[129.4566979514476,35.55224373472765],[129.45669417718435,35.552243397539144],[129.45668991522678,35.552242783396714],[129.45668535855302,35.552241844093096],[129.45668074947704,35.552240655025756],[129.45667581193223,35.55223920444939],[129.456670508018,35.552237566901404],[129.45666774646415,35.552236686802146],[129.45666490605734,35.55223573946964],[129.45649513886428,35.55217715966857],[129.4564900345669,35.55217538364881],[129.45648499564254,35.55217357411406],[129.45647522458958,35.552170051030956],[129.45641456162394,35.55214790164734],[129.45639164970146,35.55213891246259],[129.4563569751634,35.55212352249545],[129.4563375578523,35.55211471096716],[129.4562991043769,35.552095522136995],[129.45629673531857,35.55209426965377],[129.45624866877185,35.5520682520846],[129.4562458794701,35.55206668368739],[129.4562431467198,35.552065081918656],[129.45613383555036,35.55200005195013],[129.4561300298761,35.551997786064625],[129.45612633165217,35.55199549319347],[129.4561226920976,35.551993163310456],[129.45604591068678,35.55194287297111],[129.45604208986177,35.551940255747446],[129.45603834739495,35.55193750383149],[129.45603467062352,35.5519346408675],[129.4560275669485,35.55192866567902],[129.45602405260271,35.55192567747619],[129.4559363002336,35.551850076367586],[129.4559268793451,35.55184189406433],[129.45592377568343,35.55183919127699],[129.45592067405218,35.55183648124469],[129.45591446373635,35.5518310432645],[129.4558957659042,35.55181460960755],[129.4558641649468,35.55178669119202],[129.45585762531428,35.55178086550271],[129.45580273045172,35.55173122411502],[129.45571683679657,35.5516508364155],[129.4557139312979,35.5516480258343],[129.4557111043606,35.55164517972171],[129.4557082743585,35.55164220745016],[129.45570556481965,35.55163919896733],[129.4556798096256,35.55160942774518],[129.45567738922196,35.55160660568636],[129.45567500414808,35.55160378485725],[129.45567265815788,35.55160093815223],[129.45567034786384,35.55159801694578],[129.45566808217495,35.55159502469934],[129.45566580608855,35.551591967714245],[129.45564727680363,35.55156693827662],[129.45564499918638,35.551563818211605],[129.4556405620511,35.551557444547754],[129.45563836017715,35.55155426375533],[129.45563404433778,35.55154788812322],[129.45562781427003,35.55153845684593],[129.45562574541935,35.5515353027427],[129.45562378661793,35.551532137839004],[129.45562187214279,35.55152898123101],[129.45555934838197,35.55142511806026],[129.45543110233328,35.551212032753554],[129.45542872039923,35.551208068778394],[129.45542637084523,35.55120407543018],[129.45542405235796,35.55119999864081],[129.45542174740945,35.551195934252625],[129.45541943077777,35.55119184300921],[129.4553777561894,35.551118220049815],[129.45537513850783,35.55111354231151],[129.45537265301624,35.551108857019784],[129.45537023148006,35.55110417069047],[129.45536790191218,35.55109945582445],[129.45536560216883,35.551094697203006],[129.45536339065617,35.551089847001165],[129.45536124512915,35.55108498851692],[129.45535918936505,35.55108010153174],[129.4553572406564,35.551075171341274],[129.4553536786717,35.55106531453366],[129.45535206373205,35.55106031943024],[129.4553349918882,35.55100608865826],[129.45533348679137,35.55100125584388],[129.45528148798562,35.55083355851813],[129.45520122471936,35.55057262232878],[129.45517577780942,35.550486212550105],[129.45515291764698,35.55027775668615],[129.45515251896435,35.550273513526655],[129.45515225197178,35.55026933313841],[129.45515214160125,35.55026515201265],[129.4551240606725,35.549851258998096],[129.45512371116786,35.54984586113257],[129.45512360776002,35.54984314752023],[129.4551236682896,35.54984046189948],[129.45512385236057,35.54983777607786],[129.45512415684846,35.54983505224343],[129.4551246157959,35.5498323295096],[129.45512515105395,35.54982956947838],[129.4551258191729,35.54982673877886],[129.45512658644338,35.5498239028651],[129.45512740827772,35.54982104262756],[129.45512830629127,35.54981813968581],[129.45513192406457,35.54980649685086],[129.4551338647124,35.5498004686578],[129.4551348725871,35.54979736560609],[129.4551360033028,35.54979423351715],[129.45513724257702,35.54979102935109],[129.45513856763958,35.5497878147786],[129.45513997372956,35.54978457545305],[129.45514145475636,35.54978133310902],[129.45514305711902,35.549778090599844],[129.45514473804118,35.54977481255975],[129.4551464606891,35.5497715266309],[129.45515477842196,35.54975601048203],[129.4551563595825,35.54975316677543],[129.45515805365164,35.549750339267206],[129.45515983613515,35.54974760948879],[129.45516166364405,35.549744916842634],[129.45516356525798,35.5497421869348],[129.4551655463068,35.549739457541456],[129.45516757283542,35.549736693153726],[129.45517355858195,35.54972853313011],[129.4551755821876,35.54972583009102],[129.4551776082173,35.54972313602749],[129.45517963335467,35.54972049606784],[129.45518166024274,35.549717928198994],[129.45518380563172,35.54971542511828],[129.45518599882035,35.549712982563534],[129.4551883552289,35.54971062931327],[129.455190880406,35.549708412154956],[129.45519343798935,35.54970625757529],[129.4552151617006,35.54968815845618],[129.4552178066634,35.549685968202006],[129.4552204518282,35.54968387710845],[129.455223099811,35.54968181121087],[129.45522574360186,35.549679754396124],[129.4552283902983,35.5496777263819],[129.45523614561583,35.54967193741902],[129.45523864862673,35.54967007941255],[129.4552411428434,35.549668313500725],[129.45524364625842,35.54966665381553],[129.45524610934825,35.549665059691726],[129.45524853929788,35.54966355445152],[129.4552509665877,35.54966212137365],[129.45525344131033,35.5496608245529],[129.45525595915942,35.549659577516],[129.45525847664155,35.549658406210206],[129.45526096565675,35.5496573345301],[129.45526589389453,35.54965541194114],[129.45528024802718,35.54965044627236],[129.45528290288826,35.54964957203248],[129.45529809261214,35.54964458379221],[129.45530129521072,35.54964355282231],[129.45530446560505,35.54964255843436],[129.45530754886465,35.54964170068337],[129.45531053475094,35.549641012189106],[129.4553134295296,35.54964047842609],[129.4553162189183,35.549640056354455],[129.45532128940124,35.549639539584064],[129.45532552287796,35.54963953221102],[129.45532895857312,35.54964019586738],[129.4553313681143,35.549641483774394],[129.45533291768015,35.549644424541576],[129.45533264520165,35.549647012633656],[129.45533151671742,35.54965005453911],[129.45532995932984,35.5496534225298],[129.4553283687689,35.54965705970278],[129.45532709943893,35.54966066101413],[129.4553263127653,35.54966424187505],[129.45532608025383,35.54966774883915],[129.45532660621052,35.549671146138564],[129.4553280024225,35.549674312963134],[129.45533014807933,35.54967727110539],[129.45533280946188,35.54968002615961],[129.4553558898727,35.54970252617218],[129.4553592026661,35.54970548701632],[129.45536262603767,35.549708186437265],[129.4553660671619,35.549710526776884],[129.45536961819693,35.54971239655831],[129.45537324674683,35.54971391530385],[129.45537687869583,35.549714938174326],[129.45538061975677,35.54971527594481],[129.45543218600858,35.54971859528495],[129.45543630944255,35.54971859870802],[129.45544051184646,35.54971849267098],[129.4554446234442,35.54971809962996],[129.45544863204367,35.549717280953196],[129.4554523870708,35.54971601384172],[129.45545597123294,35.54971425187925],[129.45545948798804,35.54971207632459],[129.45546292623288,35.54970966585296],[129.45546635326497,35.54970706625013],[129.45546970065942,35.54970436697221],[129.45547300748248,35.549701632292795],[129.45547638493548,35.54969880812136],[129.45547970966874,35.54969581171895],[129.4554831231286,35.5496926534117],[129.45548624674586,35.54968936999187],[129.4554889307345,35.5496859711014],[129.45553554314512,35.54962276864364],[129.45553734251084,35.5496192813339],[129.45553829245503,35.549615701428856],[129.4555383968468,35.549612097379054],[129.45553754658644,35.54960860978403],[129.45553595227284,35.54960528030162],[129.45545001076437,35.54943016990293],[129.45544785255157,35.549427148862016],[129.45544499129582,35.54942433935725],[129.45544141435093,35.549421674883426],[129.45543723125436,35.54941903286375],[129.4554349408048,35.549417743026765],[129.4554301403602,35.54941557078204],[129.45542519112573,35.549413994131676],[129.4554200666872,35.54941274305697],[129.4554148559463,35.54941166286233],[129.45540959046116,35.54941087203253],[129.45540417445136,35.54941051455687],[129.45540136072032,35.549410479068094],[129.45539840694428,35.549410490925645],[129.45539532982988,35.54941060214494],[129.45539213307072,35.549410873967396],[129.45538894911627,35.54941130965335],[129.4553858410886,35.54941187392215],[129.4553827900592,35.549412604943505],[129.4553797738875,35.54941349947059],[129.45537689093666,35.54941451984813],[129.4553741286314,35.54941569332486],[129.45537157782695,35.54941703645674],[129.4553691953093,35.54941849585535],[129.4553670506247,35.54942011907302],[129.455365108357,35.54942190127536],[129.4553634219754,35.54942377308168],[129.4553619674404,35.54942574389689],[129.45536072023106,35.54942780330087],[129.45535976198735,35.54942995177226],[129.4552458688848,35.54940599322362],[129.45524733304416,35.549403510206986],[129.45524873073794,35.549401015647604],[129.45525007268628,35.549398496750726],[129.45525142496066,35.54939594883864],[129.45525268880402,35.549393393346065],[129.4553930248316,35.549055654169095],[129.45539808983628,35.54905618501701],[129.45540317216148,35.549056066510474],[129.45540782071808,35.549055165334664],[129.4554118059201,35.54905356634823],[129.4554147689176,35.54905130061437],[129.45541674091828,35.549048472199836],[129.45544002886,35.54899532475518],[129.4554412071683,35.54899133727817],[129.4554416162733,35.54898710805927],[129.45544156789273,35.54898275464434],[129.45544136361767,35.548975888599536],[129.45544123895823,35.54897357198792],[129.45544102807355,35.548971247760186],[129.45534853846937,35.548685544035216],[129.4553788291586,35.54824392260321],[129.45540059370734,35.54793858259149],[129.4554083578752,35.5478979220087],[129.45543356060185,35.5478105373329],[129.45546979867714,35.54780091832721],[129.45547064028918,35.54780332427535],[129.45547169027927,35.54780558981643],[129.45547384158857,35.54780969095625],[129.45548212374516,35.54782496487796],[129.4554832792274,35.54782703218256],[129.45548456027817,35.54782909204114],[129.45548587303435,35.547831185642],[129.4554873084972,35.54783324479855],[129.4554888174068,35.5478352396592],[129.45549049578784,35.54783712719761],[129.45549420801893,35.54784027808496],[129.45549836573576,35.54784233274426],[129.4555026365188,35.54784304775685],[129.45550645948765,35.54784240157114],[129.45558841155687,35.547791944399926],[129.45559008633262,35.54778941469065],[129.45560228315938,35.547758499416915],[129.45560373845862,35.54775456333661],[129.45560452296553,35.54775062191219],[129.45560380317696,35.54765650352856],[129.45560342340207,35.547653765551956],[129.45560240632506,35.54765094776567],[129.45560080937565,35.54764778059369],[129.4555021040064,35.547463983118426],[129.45549988868743,35.54746024361353],[129.4554973529782,35.54745657421355],[129.4554945770994,35.547453007873706],[129.45549152236333,35.54744958669019],[129.4554882524431,35.54744638896122],[129.45548474093016,35.54744359901933],[129.4554808119571,35.547441333305386],[129.45547658949928,35.547439609640925],[129.4554721709603,35.547438078470336],[129.4554518296489,35.54743150123403],[129.45544644891143,35.54742977472278],[129.45544085854425,35.54742804620302],[129.45543514842072,35.54742638273007],[129.4554293747225,35.547424826664084],[129.45542351961598,35.54742346123152],[129.45541751358368,35.547422330831644],[129.45541139938408,35.54742156097952],[129.4554051770775,35.54742106332804],[129.45539895441465,35.54742082350841],[129.45539318838004,35.54742076379117],[129.45538787277894,35.5474209924558],[129.45538307077987,35.547421930375336],[129.4553783932689,35.547423452244324],[129.45537399227678,35.54742555018763],[129.45536971696066,35.54742800849143],[129.45536525476092,35.54743076551564],[129.45534196981666,35.547445597738694],[129.4553372011498,35.54744872573852],[129.45533268896875,35.547452240824654],[129.45532863019722,35.54745616684745],[129.45532505847265,35.54746034459891],[129.4553235703762,35.54746247642347],[129.45532229317908,35.54746466252236],[129.45532124762065,35.54746684846971],[129.45531989234001,35.547471269729535],[129.45531924538216,35.54747569752926],[129.45528310061138,35.54794861815914],[129.45528287901502,35.54795248374028],[129.45528280951743,35.547955980848954],[129.45528292973302,35.54795938653416],[129.4552833813071,35.54796281028312],[129.4552919257913,35.548024858320005],[129.4552925831061,35.548028578026475],[129.45529396132383,35.54803227702413],[129.45529588992213,35.54803601938037],[129.45529846994935,35.54803978722924],[129.4553014138727,35.54804364112726],[129.45530452393535,35.54804752298089],[129.45533803375545,35.548089342258365],[129.4553410858782,35.54809292755889],[129.45534429247408,35.548096423810414],[129.45534758764782,35.54809984289974],[129.45535099295384,35.54810325479349],[129.45535282185435,35.548104981229635],[129.45535468503243,35.54810666564115],[129.45536837318306,35.548118799427506],[129.455370323374,35.548120523895825],[129.45537603288727,35.54812552109368],[129.4553483289695,35.54818050708598],[129.45526764510933,35.548300919043946],[129.45526612693794,35.548303175761355],[129.45526303537972,35.54830505232983],[129.45525912484914,35.548305636824125],[129.45525636628852,35.54830560043643],[129.45525350861814,35.548305116713934],[129.45525051440248,35.54830437016797],[129.45524755292234,35.54830333641686],[129.45524457959078,35.54830199635106],[129.4552415266572,35.548300376311275],[129.45523816275988,35.54829839711322],[129.4551901928964,35.54826952878698],[129.45518511277487,35.548266374836494],[129.45518035101756,35.54826315802642],[129.4551757463332,35.548259868352105],[129.45517142509567,35.548256440659394],[129.45516935361547,35.548254718155206],[129.45516741471425,35.54825300431842],[129.45515578700534,35.54824268334193],[129.45515357863763,35.54824041134542],[129.45515229722795,35.54823815496424],[129.45508441604557,35.547693048093386],[129.45445972887836,35.547545428416186],[129.45440398272478,35.547438384140946],[129.45398334862543,35.54718821897406],[129.45370336841594,35.54698446402521],[129.4536990042611,35.54698126234534],[129.45369523402087,35.546977625535476],[129.45369195844097,35.54697364535345],[129.4536890442515,35.546969466394906],[129.45361732158156,35.54686445660258],[129.45333423888266,35.54613308470921],[129.45313853209768,35.545381132381856],[129.45312860573796,35.54530495851973],[129.4531240377409,35.54519476389138],[129.45313071756428,35.545084078706545],[129.45318171456535,35.54508524650731],[129.4531850123889,35.54508514619475],[129.45318847171927,35.54508442844794],[129.45319220299064,35.545083098689425],[129.45319618299507,35.545081200566806],[129.45320019637265,35.545078950321596],[129.45320408450547,35.54507644788503],[129.4532077309313,35.54507362122186],[129.4532108895628,35.54507042023006],[129.45321363661967,35.54506680400903],[129.4532159743754,35.54506286627707],[129.45328898921622,35.54489831306694],[129.45332021180474,35.54482439687314],[129.45332072639798,35.5448215109735],[129.45332047845528,35.54481856531083],[129.45331960158003,35.54481570195881],[129.45327857801487,35.544733496190915],[129.45327699831347,35.54473103367136],[129.45327482301477,35.54472848163865],[129.45327225021595,35.54472591260812],[129.45326923476415,35.5447232840398],[129.45283482557457,35.54420856416595],[129.45283488240892,35.54420499514096],[129.45283461897,35.544201409668624],[129.45283403654955,35.54419795196667],[129.45283307174628,35.544194736650155],[129.45283179702474,35.544191749924266],[129.4528302486532,35.54418912281924],[129.45282839564788,35.54418676027886],[129.45282630916194,35.54418459444007],[129.45281870459056,35.54417775631451],[129.45281320942712,35.544172937614526],[129.4528104502319,35.544170595162946],[129.45280763525216,35.544168226570264],[129.45280475538524,35.54416591131519],[129.4527960362248,35.54415895962642],[129.452793280289,35.54415684249459],[129.45279044470945,35.5441548979363],[129.4527874246437,35.54415316911861],[129.4527841647878,35.54415164972548],[129.45278068317643,35.54415035569155],[129.4527770056596,35.544149261356324],[129.45277320563932,35.54414830062327],[129.45276921750494,35.54414740604187],[129.45262400373556,35.544117396591965],[129.452423405495,35.54408774853238],[129.4531133456045,35.54307442133594],[129.45316564256925,35.54305365824434],[129.45316846113494,35.543052537998044],[129.45317147409688,35.54305124692446],[129.45333604472762,35.54297962522878],[129.45333994935172,35.54297789780443],[129.45336850396663,35.542964992712086],[129.45337260602076,35.5429631286667],[129.4533766331003,35.542961265836084],[129.4533806251162,35.54295941258844],[129.4533929309648,35.5429536257335],[129.45339708071901,35.54295163650847],[129.45340130149347,35.542949574013114],[129.4534055891402,35.54294744913253],[129.4534099224386,35.54294529646729],[129.45341434223678,35.542943072083816],[129.4534187075186,35.54294087382538],[129.45342305234195,35.54293865065655],[129.45342733996284,35.54293643382346],[129.45343147388039,35.542934246525704],[129.45343553057447,35.542932058676215],[129.45343951076376,35.542929808961915],[129.4534434011737,35.542927495794935],[129.45344718154567,35.54292519342591],[129.4534509188832,35.54292284487656],[129.45345461013147,35.54292050608888],[129.4534583013358,35.542918165498826],[129.45346192802282,35.54291580251538],[129.45346549923167,35.54291342600699],[129.45346899127432,35.54291105979628],[129.45347245157055,35.54290865804029],[129.45347579121574,35.542906193331945],[129.45359357099574,35.54281506399806],[129.45359968445294,35.542810271756515],[129.45360553899758,35.54280562794935],[129.45361111417148,35.54280110766636],[129.45361632567415,35.54279660048881],[129.4536209857581,35.5427919147372],[129.45362483859824,35.542786780504116],[129.45362800613827,35.54278140495942],[129.45383338281215,35.542352500141014],[129.45384611726217,35.54220173018502],[129.45380410040153,35.541958440452795],[129.45380345299435,35.54195521458999],[129.45380264155398,35.54195186517691],[129.45380167422613,35.54194845518595],[129.45380061773236,35.541945006974515],[129.45379940901802,35.54194146747505],[129.45379810681501,35.54193789343112],[129.45379668623008,35.54193416805224],[129.45379518601806,35.541930342996814],[129.453793532736,35.5419264825596],[129.45379174736672,35.541922633278084],[129.45372099336933,35.54177170553743],[129.45288261190072,35.540341235038774],[129.45205737792114,35.5389039551342],[129.4519877654544,35.53875263631651],[129.45185145731605,35.53844134386091],[129.4518483056023,35.53843408198106],[129.4518423376223,35.53841965556011],[129.45183950596459,35.53841249307122],[129.45183675547693,35.53840522108891],[129.4518341205674,35.53839798509794],[129.45183161138738,35.53839074887424],[129.4513780442594,35.53706286525725],[129.4513007273571,35.53644117245589],[129.45130457983373,35.53624709978368],[129.45134791232334,35.5360320143402],[129.4515803374126,35.53520908331522],[129.45169968081888,35.534863585087905],[129.45186611561735,35.5343051416831],[129.45193412951522,35.53392043891847],[129.45195334442823,35.53378592972729],[129.4519538160708,35.53378190864303],[129.45195421250668,35.5337777878092],[129.45195451987385,35.5337736323577],[129.45195476126932,35.53376948518629],[129.4519549158447,35.533765305163804],[129.45195491391735,35.53376112947821],[129.4519548227467,35.53375691196584],[129.45195470046818,35.53375277609153],[129.4519545788011,35.533748665449124],[129.45195445870627,35.533744619688775],[129.45195430326848,35.53374066284699],[129.45195414741647,35.53373677993436],[129.451953916097,35.533732968560074],[129.4519536088733,35.53372921070133],[129.45195314968777,35.53372546251492],[129.45195247525405,35.533721752070264],[129.451951660538,35.5337180781536],[129.45195071588768,35.533714503701944],[129.45194328201296,35.53368653713681],[129.4519353862448,35.53365698601218],[129.45193441673098,35.533653386721085],[129.45193347053257,35.53364983933909],[129.45193262438337,35.53364632459398],[129.4519318473279,35.53364283938097],[129.45193110714393,35.53363932832918],[129.45193040551237,35.533635769775536],[129.45192979013302,35.53363222064334],[129.45192928349138,35.53362869859841],[129.45192894380892,35.533625148608515],[129.45192871777556,35.533621555309885],[129.45192857415233,35.53361799493373],[129.45192465972215,35.53350396892445],[129.45192454063533,35.53350014671791],[129.45192447295935,35.5334963525268],[129.45192444230824,35.533492629855694],[129.45192455274585,35.53347106254475],[129.45192461203763,35.53346759263853],[129.45192474561867,35.53346418463406],[129.45192489288806,35.533460886390166],[129.45192515016134,35.53345766749966],[129.4519255296196,35.53345448449363],[129.45195036484674,35.533150672197706],[129.45197246128072,35.53306417494901],[129.45197312758734,35.53306117841502],[129.4519737055673,35.53305799580047],[129.4519742376807,35.533054649856744],[129.45197465931025,35.53305120473458],[129.45197506926047,35.533047732756714],[129.4519754364448,35.533044225411516],[129.4519757699012,35.5330406915676],[129.4519869438421,35.53291570250208],[129.45199388518037,35.53278708043154],[129.4520198943977,35.53265324911262],[129.4520207656347,35.53264924319358],[129.45202175757052,35.532645211881466],[129.45202285955148,35.53264107962331],[129.45202404802308,35.532636875648286],[129.45202534741324,35.532632606772815],[129.45202675693585,35.53262824055585],[129.4520281767626,35.5326239354736],[129.452029642891,35.53261962964165],[129.45203263681694,35.53261092322389],[129.4520357389744,35.5326019500146],[129.4521834176962,35.53217651862499],[129.45241693620636,35.53134528880591],[129.45282315309046,35.53009303687706],[129.4535115063287,35.52807713678039],[129.45277972552816,35.52687674695907],[129.45204506059858,35.527438666746086],[129.45185084189063,35.52758513418305],[129.45171304685073,35.52768767587878],[129.4515611182749,35.52778603608232],[129.4513553079539,35.5278910864101],[129.4511313013076,35.52797547472811],[129.44749101291748,35.529167299504145],[129.4467655307842,35.5293473628265],[129.43874580868498,35.528584205086986],[129.43877038877935,35.52426861813891],[129.43881308460513,35.52000286226262],[129.43916428619016,35.519845869597575],[129.43972649071515,35.51975895563344],[129.43982705965323,35.52055719477101],[129.4399064127625,35.5211792510933],[129.44019050015575,35.52226643991601],[129.4406616593226,35.52227977235181],[129.44170698511766,35.52229280288042],[129.4459499131702,35.522363896163846],[129.4467129613735,35.52415942934964],[129.44646891550036,35.52465190593667],[129.44760983499935,35.52608388506593],[129.44816027310512,35.52602460972369],[129.4482053568377,35.52601514036834],[129.44824353645728,35.52600299333081],[129.44827385222868,35.52598277335312],[129.44993917076272,35.52481194401847],[129.44999996135616,35.52380606996829],[129.44804075539014,35.519904260292414],[129.44786259288,35.51954584418941],[129.44773525709047,35.51928692345414],[129.44728977948748,35.5181030834186],[129.44726505966935,35.518023013265804],[129.44561647841866,35.51161786802342],[129.44561598048438,35.5116015301078],[129.44567227998704,35.51134085531317],[129.44567945735878,35.511314709677066],[129.4457701847521,35.5109871399696],[129.44580252325233,35.5108871109031],[129.44581516418043,35.51085810589941],[129.44583974360253,35.510834034174536],[129.44603816995846,35.51066653078853],[129.44621435949833,35.51052607929471],[129.44768937814604,35.508958402859555],[129.4429814673735,35.50945876265414],[129.44149355708376,35.510999875455724],[129.43977293156297,35.511138109803305],[129.4349015548671,35.51124290722512],[129.43319432326484,35.511250596919155],[129.43282761965904,35.51096773718031],[129.432463239421,35.50830415273201],[129.43202407672587,35.50535858626383],[129.43351336202252,35.504362266883625],[129.433734901824,35.504217352474285],[129.4356898217342,35.50558677295666],[129.43730482475942,35.50672413752198],[129.43862125212482,35.507007684597795],[129.44214553330357,35.50704648160509],[129.4433796269166,35.50587318449959],[129.4434782447426,35.50574629063145],[129.44348594596275,35.505736012047315],[129.44349774420678,35.50571467096031],[129.44354575875474,35.505405961536404],[129.4435788793515,35.50500891627557],[129.44355667546972,35.502708854968056],[129.4435556405955,35.502674971682254],[129.44355370057625,35.50262063895855],[129.4435510309633,35.5025640281846],[129.44354826189772,35.50253970349053],[129.44353592810748,35.502449600908506],[129.44352993321243,35.5024092616839],[129.44351653471372,35.502370403028905],[129.4430189651371,35.5015146705007],[129.44291582088385,35.50135777287696],[129.44289760469812,35.5013381107441],[129.44269887256857,35.501182076616175],[129.442638580269,35.501147362824305],[129.44248157227966,35.501082812918405],[129.44238577057848,35.501050553230755],[129.4423594903551,35.50104384561268],[129.44210594686743,35.50101002057226],[129.4420807132472,35.50100895925842],[129.44162032036465,35.501010970072485],[129.4415967150345,35.501011786410615],[129.4415813653805,35.50101629580511],[129.44144182600743,35.501051886740896],[129.44122539246175,35.501102967892045],[129.4411885468728,35.5011109261825],[129.44115720929733,35.50111459121762],[129.44096282561728,35.50113614989509],[129.4409277181418,35.501137450507],[129.44088626103056,35.501136475135375],[129.4400853982572,35.5010853395518],[129.4400511229943,35.501081731377944],[129.43984370916087,35.501054647384684],[129.43982362702582,35.501050691865366],[129.43980409590628,35.5010422362087],[129.4395542306297,35.50088434712964],[129.43953793151192,35.500872942032665],[129.43951622412223,35.5008515523492],[129.43950028721608,35.50083164568791],[129.43949458100985,35.50081972406311],[129.43944092199013,35.50069146692467],[129.4394360858789,35.50067978552793],[129.43943249674712,35.500662379387954],[129.4394234881283,35.50051587546599],[129.4368557659753,35.49996108582025],[129.4368508248623,35.499958327246006],[129.43684588375635,35.49995575257751],[129.43684085644273,35.49995335238128],[129.4368195936771,35.499944561635374],[129.4368127785056,35.499942080165454],[129.4366617839526,35.49988765621313],[129.4366536928939,35.499884836424194],[129.43662322523755,35.49987449321802],[129.43661583842652,35.49987198665855],[129.43659528079382,35.49986547255808],[129.43658984021548,35.499864041789316],[129.43658171721444,35.499862187113834],[129.43536397483012,35.49959410643536],[129.43490444626312,35.499523759198865],[129.4348321967902,35.49972982216797],[129.43477968372358,35.49986563006035],[129.434767828493,35.49989320783098],[129.43473373036161,35.499952653465826],[129.43469437084752,35.50002043763027],[129.43464643267518,35.50007831126225],[129.43461564815485,35.50011146463117],[129.43455504894578,35.50015992951404],[129.43448758157086,35.50020830078913],[129.43442363729534,35.50024398008622],[129.4343379028803,35.50028757782537],[129.43419375648605,35.50035024144872],[129.43415300028613,35.50036505221493],[129.4340801624757,35.5003905698006],[129.4340633870801,35.500388413772455],[129.43355915042403,35.500149334078436],[129.43353774693705,35.50013760430869],[129.43309879975698,35.49973557896111],[129.4321705083797,35.498776084145405],[129.4320558696951,35.49864361671085],[129.4314121202124,35.49781396566851],[129.4313967527334,35.497792685696844],[129.43136536385214,35.49774316400464],[129.43132929423572,35.497677894097414],[129.43121227336513,35.49743521388627],[129.43109924501547,35.49714976007162],[129.43106299049757,35.497020291680954],[129.43104577865046,35.49695115341177],[129.43103929234894,35.49692122462733],[129.4310309837862,35.49687826225558],[129.43101889709652,35.49680448032704],[129.43101672649178,35.49674880587132],[129.43100869921523,35.49645124405139],[129.43104344339332,35.495861904285555],[129.4310505021938,35.4958176681632],[129.4310605993329,35.49577252156042],[129.43115319694903,35.49536573096053],[129.4311969862867,35.49519294754564],[129.43157545076468,35.49433221294783],[129.43185292686434,35.49383830759295],[129.4321234102418,35.49338542739932],[129.4323371564413,35.49311957067233],[129.43270103749464,35.49278840844141],[129.43300153543709,35.49256777357247],[129.43316711289418,35.49247214628215],[129.4333567601294,35.492382596739226],[129.43366021802257,35.492249906627016],[129.43414174409213,35.492170482683676],[129.4341910746035,35.49217094655248],[129.4342431128487,35.492180717357925],[129.43887208329895,35.4934602843403],[129.43907856339803,35.49351823471727],[129.43932411422787,35.49366347812397],[129.43943192580497,35.49375315322893],[129.43957102755448,35.49389433085455],[129.4397374367164,35.49413205620916],[129.43975882544336,35.49416410856664],[129.43977324000895,35.49419603508278],[129.43981143948457,35.494345908250125],[129.43978117599468,35.49452818075034],[129.4397535132248,35.49456033320387],[129.43962450662812,35.49464010634825],[129.43961496373288,35.49480217652588],[129.43963361473587,35.494908147291575],[129.43968853376154,35.4950335913972],[129.43972496377796,35.49508520062007],[129.43998903092975,35.49532017942119],[129.4404304881967,35.495574421340976],[129.44113728744475,35.49578560901485],[129.44121800699105,35.4957978252045],[129.44124094275472,35.495797740940276],[129.4415792869962,35.49575499810932],[129.44222339627794,35.495435957942675],[129.4442614063156,35.493693567864916],[129.44487937342768,35.4923872879587],[129.444898933878,35.49232533159992],[129.4449066762717,35.492292127118894],[129.444922209469,35.49222333741457],[129.44493993716958,35.49213053602845],[129.4449387219237,35.49211597476252],[129.44458637003845,35.49146773460938],[129.44457956676914,35.491461061400614],[129.44428713270787,35.49127198179308],[129.4442713855831,35.49126192786527],[129.4442517536659,35.49125917920595],[129.4442402585439,35.491258978649086],[129.44422363154013,35.49126373431938],[129.4442094037041,35.49126952049623],[129.4441461442399,35.49130533622146],[129.44407619658529,35.4913830785035],[129.44403276353114,35.49143264704181],[129.4440300749564,35.491449341082976],[129.44405608562926,35.49154754960349],[129.44381931775476,35.49184395810579],[129.44355465462053,35.491969292591556],[129.44352354749506,35.491976057440525],[129.44346638087987,35.4919856149106],[129.44341373758357,35.491991947829845],[129.4433604533454,35.49199418742328],[129.44327754783217,35.49198653335675],[129.4424509052587,35.49190431270437],[129.44238570733722,35.49189409747273],[129.44187133013082,35.49178686125309],[129.44169674228516,35.49172827601706],[129.44131654716656,35.49154764073542],[129.44116086266553,35.491441053865856],[129.44032532720092,35.49083392565523],[129.44011779876735,35.49063384547564],[129.43989822590416,35.490301742661835],[129.43983389443113,35.49017317924228],[129.43977828890658,35.49001408585325],[129.4397256057945,35.489848988316545],[129.43971882135406,35.48974871705636],[129.439691778264,35.48855512243741],[129.43968941373248,35.48844896719955],[129.43970122402962,35.48832281409841],[129.4397177346714,35.48823409147689],[129.43973210714563,35.488204251446895],[129.43975577758252,35.488188049460405],[129.43977780806298,35.48816598703701],[129.43978806843816,35.488143821799035],[129.4398268486812,35.48804280696671],[129.4398324553875,35.487995793652914],[129.43980827860545,35.48743192725142],[129.4397999745188,35.487315383051055],[129.43979708110464,35.4873060737968],[129.43833629438734,35.48525776366038],[129.43724608848046,35.484651235080534],[129.4370726323692,35.48461788831627],[129.43702511142894,35.484600873761934],[129.43695044864492,35.4845652552715],[129.43690352792242,35.48453513039742],[129.4368591507553,35.48450398022437],[129.43659391113889,35.48430852877665],[129.4322825579359,35.48055663900014],[129.43226504796772,35.48053936898594],[129.43214181867273,35.48038696017957],[129.43212888103923,35.480366122684316],[129.43210044998588,35.4803060799139],[129.43153410513193,35.47902954660375],[129.4314018507523,35.4786997031605],[129.4312888625598,35.47823194731254],[129.43114314333835,35.47838941985358],[129.4313100732468,35.478729394939464],[129.43145181397506,35.479084828157994],[129.43195549909007,35.480413772697105],[129.43195531545047,35.48043501687134],[129.4317736819338,35.48120431554192],[129.43075023341743,35.48356405258651],[129.4301968631424,35.4840324135418],[129.42977763751287,35.48438239888706],[129.42889852672306,35.484806648676496],[129.42807036605745,35.485053184739996],[129.4278597707281,35.4850662705607],[129.42741126061097,35.48507666676254],[129.42518584588205,35.485012260757514],[129.42499999250762,35.484904101852166],[129.42496160307186,35.484881758543985],[129.4246000839804,35.48466818724225],[129.4243690390365,35.48452006883236],[129.42402710792044,35.48420251564249],[129.42482145030047,35.481879883834935],[129.42499998671192,35.48136559508922],[129.42484626800348,35.4811620521998],[129.42373711807596,35.48089145204361],[129.4235686746896,35.48086911402089],[129.42257316927277,35.48073909269115],[129.42251208097335,35.48074138963669],[129.42118979623964,35.48094265845111],[129.42052361522047,35.48125768803309],[129.42029618846502,35.48143518183709],[129.42120801584133,35.481304595053416],[129.42127182435817,35.48133571031136],[129.42129767455444,35.48149405915315],[129.42130280302987,35.48156698499977],[129.4213010516053,35.48161332683886],[129.42129816481676,35.48164105083766],[129.42129104334066,35.48170145514314],[129.42128843636573,35.4817213027389],[129.4212819595987,35.48175554590361],[129.4212781726457,35.481766754232744],[129.42127017786652,35.48178686252741],[129.42124081022007,35.48183930383391],[129.4212095380606,35.4818794320507],[129.42116525525188,35.48191601539326],[129.42108201949682,35.481982416998875],[129.42089693801145,35.48209352684975],[129.4197524131446,35.482435150198754],[129.41974443600648,35.482437206366505],[129.4197204083328,35.4824340458145],[129.41851481663193,35.482227056898914],[129.41848215415757,35.48221404653779],[129.41839433484625,35.48217248634866],[129.4183126633528,35.48212182950057],[129.41536287970527,35.47995721589403],[129.415322618143,35.479916796887885],[129.41508245666034,35.4796073287249],[129.41502413275583,35.479485023986626],[129.4149422452691,35.479224369359706],[129.41493540772976,35.479197614788994],[129.41492855528364,35.47915480822142],[129.41492701053343,35.47913968201536],[129.41491491133084,35.4779687749497],[129.41491743325028,35.4779557784596],[129.41492198455373,35.47794080069909],[129.41493052664038,35.47792178214392],[129.41493860189667,35.47790872996021],[129.414951425085,35.477893355856295],[129.4149633916429,35.477880524977444],[129.41529833665678,35.47753490519287],[129.41538928959653,35.47744647839119],[129.41546662815156,35.47737770417489],[129.41559068880278,35.47725587179643],[129.4157676473441,35.477067609256096],[129.41590262254667,35.476921826898156],[129.4159080611182,35.47691461682057],[129.41593596150122,35.47687215809859],[129.41596322717402,35.47682413272744],[129.41598980678273,35.47676624133424],[129.41604467224394,35.476627998329576],[129.41621827303504,35.476022228404766],[129.41622086971725,35.476010999457415],[129.41622196577586,35.475983909788624],[129.4162196190885,35.47597149905066],[129.41621196071557,35.475952047166174],[129.41620092566504,35.47593390020491],[129.41617145223933,35.47589316945016],[129.41614794190676,35.47586584314708],[129.41611149858804,35.47582649059507],[129.41600966819632,35.475730474615695],[129.41343838975064,35.473348671502926],[129.41300780224157,35.47296897448379],[129.41265410837687,35.472657566765],[129.4119098956935,35.472017117526235],[129.41177781422843,35.47191117733824],[129.4117395806462,35.47188103451363],[129.41165428221186,35.471823090237564],[129.41161657469132,35.47180045401192],[129.41157543773136,35.471779682338784],[129.411082793117,35.47153214161855],[129.41099084646962,35.471489959564984],[129.4109571150088,35.47147596692064],[129.41092765189632,35.47146696412648],[129.41089500070927,35.47145903593212],[129.41073903628708,35.47142146100267],[129.4106894570511,35.47141004695546],[129.41064417058365,35.47140139564457],[129.41005162640388,35.471306574150965],[129.41002648938314,35.47130341474182],[129.4099829918315,35.471301247360124],[129.40979220583625,35.47130297469419],[129.40976499475326,35.4713034468841],[129.40967929142926,35.47130853207099],[129.40962286546127,35.47131216575739],[129.40927498385892,35.471341224200565],[129.40924358991987,35.47134479153551],[129.40914295299544,35.471364187015446],[129.40896991860293,35.471399022245905],[129.40846883123177,35.47151297778429],[129.406169374625,35.47204599014606],[129.40711368846377,35.47325341625048],[129.4067236384195,35.47378498792043],[129.40488984060931,35.47624474875912],[129.40426635722355,35.477204004991975],[129.40424447923525,35.487334441396115],[129.40453830472197,35.48733451940279],[129.40554269000384,35.48870838531058],[129.4084396656787,35.49325508648771],[129.40322063521202,35.49981673275395],[129.4010619464756,35.500232415558365],[129.39884172925076,35.500653680473974],[129.39847944246628,35.500720761846026],[129.3976467440071,35.500876911926774],[129.39695533276836,35.50100888611171],[129.39575688110256,35.50124626027471],[129.39703642888765,35.505774068210194],[129.39754369963856,35.50756616702493],[129.3971136509063,35.51187697094295],[129.39703586123426,35.51219727717731],[129.39638568508616,35.51344933810244],[129.3932400999003,35.518961255450336],[129.39321986757454,35.51899475932429],[129.39203127569078,35.52075030217545],[129.3916405405049,35.521311999639465],[129.39067420617764,35.522740266913424],[129.3888051948953,35.52551067778135],[129.38762906505076,35.52739434671986],[129.38771878519188,35.527357386699],[129.38832716274953,35.526981758970436],[129.3889538884804,35.52656507111848],[129.38907470320262,35.52647287816351],[129.38930330079637,35.526294489170944],[129.38944258864828,35.52617201512323],[129.3897263326894,35.52592188483972],[129.3902218798173,35.525425676427155],[129.3915344623619,35.52348163049549],[129.3916654234736,35.52328711368557],[129.3918782729649,35.522971674996576],[129.39202349862097,35.52281149589773],[129.3920601589006,35.522773775032846],[129.39214514304334,35.52269509594457],[129.39222510704832,35.52262494989284],[129.3922744754876,35.52258377330021],[129.39239576260493,35.52249125777387],[129.39243866847707,35.522459267908495],[129.39255315087314,35.522377906067504],[129.39272322744677,35.52226834325186],[129.39284879855688,35.52220041980271],[129.3930605473413,35.522102167119094],[129.3931933335007,35.52204895619398],[129.39331417854103,35.52200623141481],[129.39343033982522,35.52196691743525],[129.3935294984598,35.52193545561087],[129.39378723344058,35.521874456309824],[129.39388379270855,35.52185298943891],[129.39396053896326,35.521840093285824],[129.39397988230147,35.521837065108535],[129.3940770072696,35.521822968917206],[129.39416068489749,35.52181184429779],[129.39426903497596,35.52179847673019],[129.3943505190359,35.52179189396391],[129.39562863454717,35.52184332571791],[129.39580179079135,35.52184850059121],[129.39585218625206,35.521848642201945],[129.39592695062717,35.521847982332865],[129.39596554870087,35.52184566617977],[129.39601887493583,35.52184139114405],[129.39617749557502,35.521825307578645],[129.39626192025275,35.521813421507396],[129.3963461206199,35.5218009078519],[129.39637600566024,35.52179599703798],[129.3965300979014,35.52176686733964],[129.39662274869815,35.52174654517111],[129.4033551813052,35.52015855752913],[129.40377332236105,35.51987496059705],[129.4051646873332,35.51869538488345],[129.40550288472554,35.518371518288866],[129.40538371017084,35.51802298888628],[129.40535779486058,35.51787183942071],[129.4053655699334,35.51773811555694],[129.4054749816734,35.517519690501345],[129.40657779694874,35.51667134328023],[129.40675179808426,35.51657676851882],[129.40837627559915,35.51604457034303],[129.40899380562,35.51659212134141],[129.40915657722252,35.516965626198974],[129.4096895202479,35.51906291007386],[129.40943709982528,35.52142703179125],[129.41020760021536,35.52193906778902],[129.4104381096504,35.52225748825835],[129.4105712725779,35.52310635109423],[129.4103677336727,35.524060564914194],[129.40991761709944,35.52439968805761],[129.4088916964704,35.52516261409392],[129.40845493572917,35.52517768834546],[129.40714463868952,35.525933247654066],[129.4063694038067,35.526697993839235],[129.4024049602027,35.52796702755588],[129.40193487681796,35.528159491626646],[129.40121170669877,35.529404845148605],[129.40272404465526,35.53166441022085],[129.40384217060839,35.53318916915771],[129.40438215783675,35.533300017711056],[129.40491729469647,35.533820384375645],[129.40558973199296,35.53468253358821],[129.40663177063564,35.53745659304061],[129.40659807415662,35.53796818844456],[129.40657295568008,35.53830793393553],[129.40638375881076,35.53885040726229],[129.40587665728853,35.53922738773709],[129.40539442402525,35.54067217722548],[129.40558803149727,35.54165327767666],[129.4079652209792,35.544906147230314],[129.40844101334636,35.54549368446389],[129.40800073875315,35.546321422173676],[129.40703995141044,35.54853187929998],[129.40710881723638,35.549130742789266],[129.4073475011666,35.55034461716338],[129.40758924799454,35.551012117873356],[129.4080845978695,35.55166969709978],[129.40832635327342,35.55184553311332],[129.40895190169206,35.55211558270917],[129.4094613907632,35.552290468191195],[129.41002884997897,35.55233072629951],[129.41132649101684,35.552866997402674],[129.41183541597655,35.553176103795074],[129.4132830876011,35.55469313744693],[129.41346763643165,35.55497518731277],[129.41395631017483,35.55645955017931],[129.4133154213192,35.558802169980154],[129.4147309812676,35.55983581645771],[129.41501668572366,35.55997745754527],[129.41632523576018,35.56061329042374],[129.41889834685634,35.56242923692947],[129.41925921012984,35.562964721430255],[129.41978941430722,35.56357480243707],[129.42006017492523,35.563754867321094],[129.42008058709752,35.563763891522754],[129.42894186754646,35.56655163349807],[129.4331866356498,35.56692358333437],[129.44150798533454,35.56786308445217],[129.44254395218556,35.56776782784862],[129.44464464409498,35.56767006596845],[129.44569248545682,35.56794135558462],[129.4477771723197,35.56915024668059],[129.44778249399292,35.56922075178695],[129.44938146037683,35.57033439822264],[129.45199851936385,35.57141946362851],[129.45290870737622,35.571602097493574],[129.45299654701566,35.571405306146765],[129.4530185372949,35.57133958105203],[129.45302023011172,35.5713346819752],[129.45302196722147,35.57132978939242],[129.45302579435972,35.571319906555296],[129.4530277091228,35.571315059773596],[129.45303160699538,35.57130554540002],[129.4530393320949,35.571286788243896],[129.45304125691305,35.57128217388294],[129.45304317293312,35.571277651616334],[129.45304515604906,35.571273166124776],[129.4530471944694,35.57126877709759],[129.45304924505677,35.57126443475055],[129.45305128256555,35.571260189976165],[129.4530533331345,35.57125593777817],[129.45305531661495,35.57125183090554],[129.45306118518974,35.57123986499764],[129.45306501457483,35.57123216552707],[129.45306695615753,35.5712284235345],[129.45306895413088,35.57122464096248],[129.45307294865881,35.57121710829492],[129.45345385610702,35.57032687010833],[129.45364661359199,35.569899726757676],[129.4536503619188,35.56989151112871],[129.45365229016494,35.56988731319007],[129.4536542314272,35.56988310602551],[129.4536562137254,35.56987886213612],[129.45366035777514,35.569870221800954],[129.45366460992878,35.56986148956426],[129.45366681468556,35.5698571374956],[129.453669083631,35.56985279340118],[129.45367135587637,35.569848494327616],[129.453673681106,35.56984419619801],[129.45367844162158,35.56983567928838],[129.45368099849267,35.569831469355066],[129.4536836149656,35.569827260258414],[129.4536862807989,35.56982308461802],[129.4536890693551,35.569818964683236],[129.4536919029211,35.56981478992938],[129.45369758243842,35.569806496112975],[129.4537033799943,35.56979806515942],[129.45370632386937,35.56979379846806],[129.45371234388284,35.569785259334935],[129.45371540805536,35.569781039373446],[129.4537217029335,35.56977264182477],[129.45372494471218,35.569768465861024],[129.45372823170203,35.56976433423862],[129.45373152972087,35.56976020243733],[129.45373488180078,35.569756206785684],[129.45373828902697,35.569752210239905],[129.45380029634333,35.56967972052676],[129.45380690596252,35.569672107574526],[129.4538137348626,35.56966461907805],[129.45386689067618,35.56960738538917],[129.45387207728504,35.56960187614016],[129.45387738771996,35.56959664975352],[129.45388286237727,35.56959155232129],[129.4538883403779,35.569586501711996],[129.45391753427623,35.569560290880936],[129.45392324395795,35.569555330268415],[129.45392607606624,35.56955291343482],[129.4539316744664,35.569548277359],[129.4539397778958,35.56954165886066],[129.45394495078511,35.56953749304842],[129.4539474986623,35.56953545764496],[129.4539501126104,35.56953350771301],[129.45395261764932,35.569531707390944],[129.45395517884137,35.5695299476268],[129.45395768288284,35.56952828795296],[129.45405951064407,35.56946154219405],[129.4540619762481,35.56946038977771]]]]},"properties":{"name":"동구","base_year":"2018","name_eng":"Dong-gu","code":"26030"}},{"type":"Feature","geometry":{"type":"MultiPolygon","coordinates":[[[[129.3612332846084,35.67881085977709],[129.36315892144106,35.67863441738937],[129.36407366476652,35.67893449284792],[129.36416349915032,35.67678518677573],[129.36417840814136,35.67674054670588],[129.36505527994942,35.67569924861579],[129.36575145966128,35.67552859806103],[129.3667153375682,35.6752848227686],[129.36672213654765,35.675281305187546],[129.36672756836964,35.67527824152416],[129.37057179546662,35.67289669681839],[129.3713372072891,35.67230286242976],[129.37159639304113,35.67209389813692],[129.37277367246222,35.67015474751749],[129.37277604221026,35.67012978448812],[129.37265443069967,35.669226786514066],[129.37450329894224,35.669694368478616],[129.3807610250216,35.670997814919836],[129.381849391323,35.671184803572125],[129.38319975407794,35.67097956467164],[129.38580892607422,35.670276771789304],[129.38639580487646,35.67034397949887],[129.3864078103043,35.67034148985805],[129.38641534455962,35.67033950841016],[129.38751515978842,35.66994885542297],[129.38777394918864,35.66985615935781],[129.38849091534934,35.66957571662698],[129.38877735471155,35.6693107036957],[129.3919583065792,35.66848451061404],[129.39366383319054,35.66805431666605],[129.39417470195022,35.66803782460657],[129.39532963765893,35.66801598320104],[129.39664446044216,35.66795279451987],[129.3986274487023,35.66780195943964],[129.39889918238768,35.66777331317751],[129.39994251783173,35.6675626087937],[129.40069563547127,35.66723561903963],[129.4007283996024,35.6672122950367],[129.40073603673608,35.66720242759536],[129.40116125469345,35.66653789760649],[129.40134652571476,35.666168301598226],[129.40142070840187,35.66597254264022],[129.40144065132887,35.66590090488458],[129.4015664251572,35.66559584896747],[129.40157617689945,35.66557566303437],[129.40199886870442,35.66480459837704],[129.4020255119625,35.66476085295942],[129.4029975746856,35.66330164632803],[129.40310257730596,35.66314412419974],[129.40319271407475,35.663066170349715],[129.40335273723537,35.66299469654689],[129.40341715954827,35.66296848864862],[129.40351810314337,35.66294042852271],[129.40373981638038,35.66291263283747],[129.40611819684054,35.662777856026494],[129.40624167300794,35.66277664633309],[129.40654494112576,35.662787624080934],[129.40667599021373,35.66279697929126],[129.40684740018884,35.66281776139591],[129.4075818285719,35.66335327567833],[129.40787734434613,35.66357712841878],[129.4101724297948,35.663862346529314],[129.4102174362544,35.66386721433342],[129.41027107170365,35.66387233102213],[129.41096979094024,35.66382738130384],[129.41357594156304,35.66300593158036],[129.41419026011403,35.66277103824807],[129.41435843364778,35.66269530508154],[129.41946576248606,35.66023283228545],[129.42574491814304,35.65717046803802],[129.42839884492466,35.65558032999443],[129.42860950487693,35.655587487427596],[129.4289440148953,35.65560552517859],[129.43008245792097,35.65584356896646],[129.43107290043608,35.656286061773116],[129.43129913252778,35.65640834337154],[129.4316646790739,35.65653991196656],[129.43175664859643,35.6565691722114],[129.4321242649496,35.65659849181626],[129.43279467292194,35.65664619495362],[129.43280123325565,35.65664662059976],[129.43311489727236,35.65508997441253],[129.43308436394025,35.65434499261366],[129.43309739469964,35.65430813008238],[129.43355545390258,35.65365676009288],[129.43363129750156,35.65355287775972],[129.43387480674266,35.6532897592397],[129.4344354287589,35.65268783978686],[129.43506816428808,35.65245021441636],[129.43507942690798,35.65244604704497],[129.4352621988288,35.652557651293066],[129.4359327412656,35.65297474927745],[129.43647502006223,35.653314337426075],[129.43651062978245,35.6536461484557],[129.43687393421115,35.65423811688634],[129.43738672201468,35.654560268135015],[129.4376780006998,35.6546662937526],[129.43926909388983,35.65524466286911],[129.44184475921566,35.65473267784338],[129.44251208679617,35.65457779542091],[129.44427078463673,35.65393068911775],[129.44438604721273,35.65388640040396],[129.44478340494535,35.65372586624391],[129.44533704722747,35.6534295426862],[129.4462389840583,35.652687460474816],[129.44765155503424,35.65165427222144],[129.44776904221806,35.65157008998164],[129.44791259450346,35.6514811516015],[129.44840755264434,35.65121838008076],[129.4486042108483,35.65113990760463],[129.44866267099195,35.65112252924979],[129.44926716228693,35.65102380102918],[129.4494793760693,35.65101427184427],[129.44962645065698,35.651018329501014],[129.44978703980394,35.651069276649714],[129.44888309042526,35.64879621575132],[129.4488790275918,35.648786188563115],[129.44879417689376,35.64861754135924],[129.4486204348048,35.64827490146612],[129.44852636380162,35.64812246762337],[129.44839867205943,35.64796631920107],[129.44614049239078,35.646196402080506],[129.4456079656841,35.646147577144845],[129.44518425216893,35.64628525509765],[129.44517136413845,35.64628855719303],[129.44509070130297,35.64629008931761],[129.4450239136896,35.64629122776193],[129.44493646753602,35.64628756866498],[129.4448699734576,35.6462836864497],[129.44484187708915,35.64628040997389],[129.44481300759793,35.64627330567657],[129.44259423724083,35.645668430241116],[129.44244407531986,35.64560195458515],[129.44241959968926,35.645589470904376],[129.44238251533594,35.64556099103219],[129.44236331848214,35.64554593950324],[129.44231430703326,35.64550443451918],[129.44208685967422,35.645305230767256],[129.44203007235606,35.64525519327012],[129.442005794218,35.645233615789934],[129.44198858002065,35.64521751895546],[129.44196731445942,35.64519729918578],[129.44194959582165,35.645176057620525],[129.44167074836736,35.644802149413955],[129.44162844861836,35.64472215447014],[129.44160469537897,35.644663297634764],[129.4415938822912,35.644624924704566],[129.44152761644267,35.64431855240077],[129.44143009023534,35.64373270048004],[129.4413695321552,35.64312497380438],[129.4413655390849,35.6430354454382],[129.44136213610366,35.64226426195968],[129.44136805670564,35.642114248451186],[129.44137905175992,35.641908870715525],[129.44138701139022,35.64176416830099],[129.44141957640167,35.64118298501766],[129.4414452387364,35.64093066864233],[129.44144768708964,35.64090981216887],[129.44169875404407,35.63882013159713],[129.44170288651225,35.638792663538574],[129.44179001294188,35.63823393044559],[129.44180447695666,35.63816191044542],[129.44186786495155,35.63786979813264],[129.44093401079834,35.6325896374644],[129.4409306777243,35.63251345465015],[129.44094532592646,35.63243526198442],[129.4409616071356,35.63235400500061],[129.44105377945866,35.631923999787794],[129.44146085762563,35.630325511865934],[129.4415137111831,35.630159798472235],[129.44154369577856,35.63006590164619],[129.44348382290855,35.6255743332248],[129.44367425919933,35.62523018210473],[129.44404965131002,35.62455622530027],[129.4440541109933,35.624548342864884],[129.44405888169794,35.62454044639387],[129.4440692927243,35.62452463580752],[129.44407454017616,35.624516729837005],[129.4440902284923,35.62449378987449],[129.4440953318292,35.62448640728646],[129.44433304993424,35.62415902391672],[129.44433835830756,35.624152541294016],[129.44434374347017,35.624146311649426],[129.44515342611734,35.62325263980579],[129.4451995795187,35.62320359292147],[129.44525595091253,35.62314372905951],[129.44526060805362,35.62313880926913],[129.44526533383996,35.62313389738463],[129.44527005673942,35.62312904865037],[129.44527478409663,35.623124201646874],[129.44527960564616,35.623119414422604],[129.4452893870395,35.62310989723753],[129.44530436496686,35.62309539385224],[129.44530933890653,35.62309060777124],[129.4453194435009,35.62308121517676],[129.44532450373913,35.6230766188155],[129.44573335918787,35.62270815890575],[129.44646818406437,35.62205949741223],[129.44735275715368,35.6212924165797],[129.44740124024884,35.62124930082216],[129.4474088509078,35.62124262037696],[129.44741747905715,35.621235647625106],[129.4474268211622,35.621228340597376],[129.44743676672724,35.62122069567144],[129.44744728749532,35.62121309553261],[129.4475142676968,35.62116577360606],[129.44763914063589,35.62107810983958],[129.44809052608323,35.62077034710489],[129.44810694322965,35.6207592295069],[129.44812320630376,35.62074849662747],[129.44813925358974,35.6207381530709],[129.4481550074171,35.62072809191571],[129.44817060581946,35.62071854170874],[129.4481863209054,35.62070970538934],[129.44820236831077,35.620701642573046],[129.44821892404676,35.62069414487455],[129.44823589851092,35.620687159654146],[129.4482534337513,35.620680352868256],[129.4482715189687,35.62067346145849],[129.4483092801725,35.62065926165363],[129.4483284770782,35.62065241174942],[129.448478614301,35.620599984838634],[129.448496883064,35.620593743099235],[129.4485150805151,35.6205875656146],[129.44855147490702,35.62057528096107],[129.44857030268503,35.62056896345664],[129.44858983553632,35.62056249210746],[129.44861015462786,35.62055593591557],[129.44925088224073,35.62020725025562],[129.44925178927878,35.62020404613107],[129.44925277874853,35.62020078117456],[129.44925383926372,35.620197441146615],[129.4492549800034,35.620194040322424],[129.44925627304337,35.62019063703326],[129.44925781230887,35.62018709814255],[129.44925950369966,35.62018354957784],[129.44926127238787,35.62018000156501],[129.44926505085527,35.620172831321625],[129.44927076399532,35.62016231050779],[129.44927656759194,35.62015196852609],[129.44928035721355,35.620145257857686],[129.44928400083458,35.62013880917908],[129.4492910072908,35.620126624931174],[129.44930688363652,35.620099428073054],[129.4493098024655,35.62009468591131],[129.44931580161074,35.62008557759648],[129.44932483227706,35.620072367150684],[129.44933732844447,35.6200544669945],[129.4493404163186,35.62005004843255],[129.44959439319567,35.61969361651355],[129.44961467748672,35.61966526828628],[129.44962177556116,35.61965567880559],[129.44962887844744,35.6196462875727],[129.4496359993505,35.6196372746703],[129.44972488243212,35.6195249769258],[129.44972990338925,35.61951914598935],[129.44973494011356,35.61951369161706],[129.44974046471492,35.61950868729944],[129.4497434774734,35.61950626943121],[129.449746564189,35.619503987390935],[129.44974981577138,35.61950176578534],[129.44975730955906,35.619497016259544],[129.44976719784836,35.619490940652135],[129.44977450386077,35.619486733251584],[129.44978243637627,35.61948250128437],[129.44978689544962,35.61948044763795],[129.44979149714223,35.61947844757437],[129.44980127923452,35.619474364156346],[129.44980644440236,35.61947229006326],[129.4498117639011,35.61947020625958],[129.44981740336064,35.619468113669775],[129.44982328782262,35.61946601711326],[129.45009826488254,35.61937301428461],[129.45010797944687,35.61936978834353],[129.4501181305978,35.619366991649954],[129.45012868043736,35.61936451844249],[129.45013956225495,35.61936262221624],[129.45015079700372,35.619361165606534],[129.45016205827073,35.61936061906347],[129.45095501168663,35.61881612769624],[129.4509649303438,35.6188118544649],[129.45097509382524,35.618807570055004],[129.45123328414786,35.618699684491226],[129.45143970626538,35.618615183244714],[129.45173487693032,35.61854339677012],[129.4517438602998,35.618541345460095],[129.45175339799357,35.61853947988655],[129.45176318825483,35.61853774003273],[129.45178377599555,35.618534092551236],[129.4517945951358,35.61853225849389],[129.4518055797751,35.61853087429754],[129.45181675752224,35.61853007654001],[129.45213153237907,35.61851966522121],[129.4521437514866,35.618519286871845],[129.45218446504416,35.618518242927315],[129.45219343692867,35.618518081276356],[129.4522020151697,35.6185179855031],[129.45221012398852,35.61851810828492],[129.45221776822135,35.618518557721345],[129.45222471578882,35.61851941510174],[129.4522311256535,35.618520679652526],[129.4522368914643,35.61852215477163],[129.45224236885488,35.61852402761169],[129.4522475346304,35.618526161523484],[129.4522523140089,35.61852856853697],[129.45225734257718,35.61853123474378],[129.45226766392233,35.61853726242405],[129.45227271227466,35.61854037905049],[129.45227767720823,35.61854342491035],[129.45228287200322,35.61854620741721],[129.4522881275977,35.618548675222556],[129.45229392202344,35.61855060061602],[129.45229993491276,35.61855206631806],[129.4523061646882,35.618553007447524],[129.45231237737488,35.61855324569773],[129.4523309427816,35.618552697746445],[129.4523341195057,35.618552487590634],[129.45233728807457,35.6185522144632],[129.45234367102017,35.61855100938371],[129.452350028502,35.61854902944216],[129.4523562063774,35.61854647366032],[129.4523625232123,35.61854345767276],[129.45236907396,35.618539981743176],[129.45237599411996,35.61853616988251],[129.45238362202372,35.61853195169947],[129.45239155262504,35.618527468982265],[129.4523955914828,35.61852502900651],[129.45239953961453,35.61852239938717],[129.45240742037646,35.61851668424954],[129.45241504572485,35.61851045399825],[129.45244381723708,35.61848603881694],[129.4524482864312,35.618482227019605],[129.45245719535663,35.618474209052955],[129.45246584246524,35.61846568509123],[129.45247004836375,35.61846148812123],[129.4530115666815,35.61793446612442],[129.45324471122206,35.617630010449496],[129.45401513632336,35.61671376724077],[129.454024694062,35.616704115967806],[129.45402943483865,35.61669913138675],[129.4540341608369,35.61669408394156],[129.45403880408816,35.61668890261637],[129.45404337513133,35.61668365755581],[129.45404777044962,35.616678359454156],[129.45405202820794,35.616673124884905],[129.45405626610136,35.616667890637785],[129.45416408563477,35.6165316798844],[129.4541676458053,35.616527177815016],[129.4542149761549,35.61646699139733],[129.45421816404487,35.61646288841298],[129.45422397232588,35.61645495308171],[129.45422676784113,35.61645105839552],[129.45422948097587,35.61644722634671],[129.4542319512369,35.616443394632654],[129.45423434955342,35.61643950999697],[129.4542366556664,35.616435556541695],[129.45423896078472,35.61643147148615],[129.4542411911231,35.6164273984617],[129.45424777597373,35.61641489984833],[129.4542499253191,35.616410765034146],[129.45425198981374,35.61640668207968],[129.45425389516043,35.6164026828408],[129.4542557274081,35.61639867397022],[129.45425908478904,35.61639073873953],[129.45426059492516,35.61638674050423],[129.45426203090975,35.616382689383165],[129.45426329510227,35.61637856532505],[129.45426441159168,35.61637445087536],[129.45426521633354,35.61637040999663],[129.45426585328877,35.61636637003738],[129.45426624979723,35.61636233938846],[129.45426634167637,35.616358311879395],[129.45426609369977,35.616354291687706],[129.45426578797242,35.61635034815753],[129.45426532248345,35.61634646311149],[129.45426486099987,35.61634265192199],[129.45426432092222,35.616338968215175],[129.4542631000233,35.61633198711651],[129.45426174044218,35.616325477038636],[129.45425990372556,35.61631923072347],[129.45425776287794,35.61631318947197],[129.45425523543156,35.61630741231706],[129.45425232340278,35.61630170991481],[129.45424909116494,35.616296277743736],[129.45424539854335,35.616291253300524],[129.45424124337373,35.61628636617567],[129.45423660047084,35.61628148876734],[129.4542312396917,35.61627623717239],[129.45422539360598,35.616271004269265],[129.45421899586808,35.616265785725474],[129.45421196769328,35.616260519715475],[129.4541292439727,35.61620223788487],[129.45412035745753,35.61619636917973],[129.45411148253558,35.61619088612009],[129.45410247005688,35.616185738839874],[129.45409347183127,35.616180905043436],[129.45408455018472,35.61617640535517],[129.45407581657022,35.61617228304097],[129.45406700697905,35.61616848649227],[129.45405814055914,35.6161650766992],[129.45404935558508,35.61616192881682],[129.45404074254935,35.61615904137703],[129.45403253722063,35.61615639432815],[129.45402458536245,35.61615400099031],[129.45401663869401,35.61615200241686],[129.45400871668485,35.61615038206525],[129.454000811398,35.6161493582229],[129.45399286091674,35.616149108584786],[129.45397682467635,35.61614958329922],[129.45396858332114,35.61614999285437],[129.45396033860408,35.61615071798219],[129.45395196818248,35.616151903101624],[129.4539434598951,35.61615368363223],[129.4539349618975,35.616155977840066],[129.45392624508594,35.61615853522391],[129.45391768498044,35.616161090064914],[129.45390944414896,35.61616369922364],[129.4539015227669,35.61616636990915],[129.453893526707,35.616169238328695],[129.4538854646223,35.616172297130014],[129.4538774802397,35.616175554799305],[129.45386958478488,35.61617892821811],[129.45386193021423,35.616182310349444],[129.45385467960713,35.61618586982942],[129.453851177055,35.6161878395936],[129.45384777094424,35.61618987089695],[129.45384101656063,35.61619413269409],[129.45377937445633,35.616235742609526],[129.4537729663803,35.61624044411736],[129.45376687861585,35.616245333346065],[129.45376120057375,35.616250545870564],[129.4537585222567,35.6162532685215],[129.45375073440138,35.61626151900794],[129.45374578775247,35.616267026171364],[129.45374335235115,35.61626975029043],[129.4537409830761,35.616272469730845],[129.45373871325376,35.61627519296686],[129.4537365115456,35.61627790247718],[129.45370794149224,35.616313727451775],[129.45370590107865,35.61631644155703],[129.4537039373738,35.61631922293059],[129.4537021344832,35.61632198907479],[129.45370050703775,35.61632488759537],[129.45369894342392,35.61632777786866],[129.45369754759653,35.61633066722324],[129.45369622901893,35.616333555324715],[129.45369374095552,35.616339197492856],[129.45368340619865,35.61636392330555],[129.4536824727754,35.61636621559009],[129.45368160186845,35.61636844555978],[129.45368080974603,35.616370737355254],[129.45368002865925,35.61637302897171],[129.4536793981991,35.61637524963223],[129.45367884719604,35.61637746900389],[129.45367790040623,35.616381843928686],[129.4536773512237,35.616386134876485],[129.45367713858622,35.61639282371629],[129.453677138696,35.616395097252166],[129.4536771638808,35.61639976291456],[129.45367719483824,35.616404756622785],[129.45367729616885,35.61640728814358],[129.45367777502778,35.61641771412892],[129.45367795384175,35.61642043550706],[129.45367814810572,35.61642315663457],[129.45367840267897,35.61642581548305],[129.4536787505951,35.616428590010074],[129.45367917598045,35.616431372295295],[129.45367967781175,35.61643421103535],[129.45368026855755,35.61643698342642],[129.45368175725096,35.61644272155149],[129.45368266763734,35.61644574477859],[129.4536836575248,35.61644876851905],[129.45368464150732,35.61645173105449],[129.45368578773736,35.61645455573584],[129.4536870013515,35.6164572459048],[129.45368837770957,35.61646000014355],[129.45368975023828,35.61646268773471],[129.45369281600452,35.61646799461106],[129.45369587802944,35.61647323844425],[129.45369757338662,35.61647585408905],[129.45369925396648,35.61647840686979],[129.45370270525456,35.61648331444612],[129.45370621468982,35.616487889333754],[129.45370788517084,35.61649011774465],[129.45370948790298,35.61649228415074],[129.45371235139163,35.616496627919],[129.45371482317844,35.616500844621704],[129.45371672325683,35.616504886695836],[129.45371799267673,35.61650887229029],[129.45371846864947,35.616513007780696],[129.45371831558506,35.61651742572239],[129.45371786812166,35.61652217657904],[129.4537168697034,35.61652751512429],[129.45371511567944,35.61653346991929],[129.4537122614285,35.61653976168586],[129.4537084715217,35.61654634808918],[129.45370403375063,35.616553078420814],[129.4536989762231,35.616560018934386],[129.4536936067565,35.616566843709144],[129.4532912369582,35.61705929574393],[129.4532869827264,35.617064405825346],[129.4530299221111,35.617372844507116],[129.45283625632894,35.61759662970595],[129.4524198978125,35.61807049360145],[129.4524166178211,35.61807408418787],[129.4524135544943,35.61807714119049],[129.45241064583945,35.61807974855063],[129.45240770785475,35.61808196694592],[129.452404748788,35.618083590704764],[129.45240145542115,35.61808472406764],[129.45239758642552,35.618085340296176],[129.45233329906586,35.618086988207835],[129.45231575205918,35.61808737000373],[129.4509395646897,35.61809617655861],[129.45093400509563,35.618096189087694],[129.45092853158206,35.61809620022216],[129.45071664973779,35.61809644452769],[129.4507137115004,35.618096382136194],[129.4507108404164,35.61809626637102],[129.45070534208287,35.61809589206289],[129.45069985231544,35.618095506797985],[129.4506945879444,35.61809512870001],[129.45068965060645,35.61809466958055],[129.45068517889865,35.61809419931347],[129.45068111101966,35.618093718899765],[129.450677909991,35.618093018908226],[129.4506753316642,35.618092047401305],[129.4506728056824,35.61809068560619],[129.4506701268204,35.6180889386497],[129.45066742242054,35.61808686757312],[129.4506644615339,35.61808441842207],[129.45066134412266,35.61808170677023],[129.45065299796863,35.6180733571936],[129.4506511759543,35.618071524240534],[129.45064729161547,35.61806760079649],[129.4506453124894,35.61806557206181],[129.45064331259752,35.61806341565291],[129.4506413266238,35.618061195914805],[129.45063934136894,35.618058914864214],[129.45063733733656,35.61805649709239],[129.4506332481424,35.61805141225053],[129.450629311245,35.618046324941936],[129.45054804672108,35.61793909717798],[129.44963791828872,35.616680467595174],[129.44960943287373,35.61664000678979],[129.44960790893592,35.61663771645035],[129.44960512736785,35.61663337305804],[129.44960401175865,35.61663125820842],[129.4496023430876,35.61662728083314],[129.44960172966478,35.61662365959034],[129.44960159622505,35.61662016399747],[129.44960154751277,35.616616793240695],[129.4496015705622,35.61661328609991],[129.44960174559415,35.616609581778704],[129.44960240084242,35.616605739870714],[129.4496063063847,35.61658325677678],[129.4496068396653,35.61658084839758],[129.45007382532458,35.61485546433379],[129.4500782217171,35.61484402004578],[129.45008399376644,35.614836671458434],[129.45009544845482,35.61482793092626],[129.45072751518202,35.61444266795809],[129.45073934227958,35.614437720182984],[129.4523718279412,35.61393441925907],[129.45238045100638,35.613932736144704],[129.45243054315162,35.61393393626932],[129.45418987899558,35.61398368384773],[129.456170662537,35.61417774789553],[129.4574798013413,35.614064351041804],[129.45749096335948,35.614061124431075],[129.457627774683,35.61399328924561],[129.45782144532302,35.613890969325254],[129.45786506076982,35.61386496478225],[129.45789618512273,35.6138418280521],[129.45801443629136,35.613752368301576],[129.45860856762127,35.61328914599984],[129.4586135228687,35.613285098902395],[129.45861643402955,35.61328070822497],[129.4586170237535,35.61327609927632],[129.4586775863698,35.61270623086591],[129.458627041377,35.61221145784187],[129.4586251777595,35.612194520457706],[129.45862272046298,35.61218374984749],[129.45861837001354,35.6121756549693],[129.45824423528944,35.611655292683764],[129.4582405740477,35.61165173726558],[129.45807922767736,35.61149700483803],[129.45716382250797,35.60937678695487],[129.45715759540204,35.60936070472472],[129.45714799118835,35.60932544694516],[129.45713937477456,35.60927753974076],[129.45713163094248,35.60918887496025],[129.457129743793,35.60914422274762],[129.45713001090792,35.609119211286306],[129.45713811712375,35.60900463638602],[129.4571470232923,35.608947633378804],[129.45715157914273,35.60893227562145],[129.4571581979431,35.60891758750068],[129.45717937696134,35.608878966432],[129.45788771565364,35.60779241194801],[129.45790747029207,35.60777662862417],[129.45811596418437,35.60761850726823],[129.45812617117946,35.60761091853617],[129.458179609212,35.607575643850865],[129.4581883762686,35.6075724741503],[129.45820153606303,35.60757190142541],[129.45841687814848,35.60757510208819],[129.45847208521872,35.607579885630436],[129.4584900571067,35.607582357368884],[129.45858434493726,35.607314165812596],[129.45858209318786,35.60731236159879],[129.45843441235456,35.60719357650063],[129.4584301446782,35.60719013190866],[129.458427525437,35.60718801454194],[129.45842547001567,35.60718584113118],[129.4584241272986,35.60718274563561],[129.45842220006867,35.607175687711845],[129.4584215924032,35.60717313016968],[129.45842121299955,35.60717033633384],[129.45842104833906,35.60716702335867],[129.45842100380406,35.607164653183986],[129.45842098795856,35.60716228254286],[129.45842108665124,35.60715990102469],[129.45842151650808,35.60715751953118],[129.45842224818054,35.60715511149501],[129.45842327210423,35.60715255627305],[129.45842460266272,35.60714990050851],[129.45842633330201,35.60714708318425],[129.4584283347927,35.60714405591832],[129.45843060166646,35.607140775528464],[129.45844529253213,35.607119874698014],[129.45844892518144,35.60711474930463],[129.45845286204846,35.60710942424474],[129.45845495093755,35.607106721894034],[129.45845936799114,35.607101261016176],[129.45846401268045,35.60709562876136],[129.4584664163719,35.60709279869051],[129.4585959828453,35.60694048521553],[129.45863363013694,35.60689768369108],[129.45863696369273,35.606894146158645],[129.45865143629933,35.606879238301886],[129.45907949894072,35.60650207974814],[129.45908319609833,35.60650032663414],[129.45908656948177,35.60649969121514],[129.45909073821218,35.606499531464],[129.459095720817,35.606499520742744],[129.45910129132648,35.60649953651886],[129.459104316522,35.60649965138674],[129.45910743087106,35.60649980086385],[129.45933832898135,35.60651299857378],[129.45948170129807,35.60652275527188],[129.45973304146773,35.606540136111725],[129.45973643047242,35.606540412720456],[129.4597394558722,35.606540716880296],[129.45974508651517,35.60654147807554],[129.4597479615673,35.60654195415988],[129.459751044575,35.606542628792866],[129.45975444760475,35.60654348031859],[129.45975797203025,35.60654460211682],[129.4597616350668,35.606545975877815],[129.45980977661932,35.60656930727822],[129.4598122815133,35.606571442701906],[129.4598139590433,35.60657323820567],[129.45981597448147,35.606576034265835],[129.45981741974748,35.60657844475344],[129.4598189960638,35.606581249761035],[129.45982074323348,35.606584542395154],[129.45982246978693,35.60658834740658],[129.45982423583712,35.60659268545285],[129.46036465753468,35.608041121064986],[129.46036618236064,35.60804733270089],[129.46036721557192,35.60805411666542],[129.46036777454717,35.60806109946224],[129.46036796925128,35.6080680827786],[129.4603681306916,35.60807487912808],[129.46036827645892,35.60808121417388],[129.46036836554563,35.608087126445604],[129.4603683312529,35.60809268734438],[129.4603679748634,35.6080979866466],[129.46036729997576,35.60810326228488],[129.46036634781737,35.60810848474086],[129.4603651945304,35.60811360770123],[129.4603644912395,35.60811609101067],[129.4603637441701,35.60811849930812],[129.460361860436,35.608123183415366],[129.4603592930759,35.60812753788829],[129.46035592790219,35.608131588023745],[129.4603518346924,35.60813538857794],[129.46034702120284,35.60813907644983],[129.4603414879973,35.60814276521686],[129.46033536097306,35.60814627613958],[129.4602543991662,35.6081867108385],[129.4602466849039,35.60819050000232],[129.46023904476016,35.60819415994904],[129.4602313947406,35.60819768663666],[129.4602237570902,35.60820108691503],[129.45999600971467,35.60830220532929],[129.45983056595972,35.60837012672021],[129.45988524543947,35.608484834083946],[129.46031803220737,35.60827683131277],[129.460894744318,35.60796147589142],[129.46113587031923,35.60781158958063],[129.46149142134044,35.607521350298725],[129.4616196753752,35.60734651257283],[129.46171120035046,35.60700078940036],[129.4617063633218,35.60699654647115],[129.461701725598,35.606991966747614],[129.4616975010009,35.6069867654852],[129.46169374840554,35.60698100302591],[129.46169033243814,35.606974741072214],[129.46168721040712,35.606968129965416],[129.4616843740066,35.60696128162454],[129.46168179767835,35.606954234328065],[129.46167943882514,35.60694705187348],[129.4616773218921,35.606939831222725],[129.46167552483033,35.606932509805574],[129.46167412584842,35.60692512601358],[129.46167307694245,35.60691743181954],[129.46166884137935,35.6068853809982],[129.46166797687812,35.60687710144364],[129.46166745476938,35.606868558489225],[129.46166710004562,35.606851138621174],[129.46166694066244,35.60684253206475],[129.46166679339456,35.606834240829684],[129.46166686092192,35.60682624719153],[129.46166718911095,35.606818440422536],[129.461694260383,35.60641872780392],[129.46169455083785,35.60641579506036],[129.46169493406222,35.6064129545601],[129.46169538021638,35.60641025006026],[129.46169596274274,35.606407705606266],[129.4616967112546,35.606405358578094],[129.46169756815362,35.60640320089893],[129.4616999536842,35.606399361401294],[129.46170310455292,35.606396124250274],[129.46170693832036,35.60639336818686],[129.46171142753596,35.606391053992844],[129.46171619792074,35.60638913367463],[129.46172121972288,35.60638765459379],[129.4617266112262,35.60638666891284],[129.4617294768458,35.60638639687335],[129.46178752618343,35.60638356016781],[129.46179552429103,35.606383177492816],[129.46180351249595,35.606383022152016],[129.46181147946845,35.6063829014128],[129.46181935987678,35.60638294254668],[129.4618272552553,35.60638350629575],[129.46191810009591,35.606392496513664],[129.46192687999215,35.60639357051212],[129.4619349379841,35.60639591113081],[129.46194214660258,35.60639954208157],[129.46239051116171,35.60664827191166],[129.46259857901103,35.606819581967756],[129.46259498907176,35.60682084123277],[129.46259188599197,35.60682241890163],[129.46258953904817,35.606824402538166],[129.46258836268575,35.60682685750835],[129.46258827930146,35.60682995094927],[129.4626006711449,35.60693729942276],[129.46260112662222,35.60693985761853],[129.46260173774144,35.60694218971094],[129.46260271154142,35.60694445639633],[129.4626040701242,35.60694683941386],[129.46260592872602,35.60694944686672],[129.46260817515417,35.60695220485843],[129.46261087257676,35.606954987955255],[129.462614076215,35.606957706912226],[129.46261772159073,35.606960252799084],[129.46262158797276,35.60696262740931],[129.46262566230135,35.606964748019315],[129.46262992026755,35.6069664329259],[129.46263423905106,35.60696744433604],[129.46263874220318,35.60696759813736],[129.4626432341382,35.60696711206927],[129.46264786098845,35.606966093731515],[129.46265264685337,35.606964535519566],[129.46265762213935,35.60696250725355],[129.46266013967102,35.60696136101714],[129.4626626954293,35.60696015285707],[129.4627631466161,35.606910124556],[129.46276745418052,35.606907423842614],[129.46277124818647,35.60690430599794],[129.4627745617214,35.6069010409274],[129.46277723324354,35.60689761323367],[129.46277937591978,35.606894046314245],[129.4627811214138,35.606890307373355],[129.46278251085832,35.60688645343562],[129.46278356985,35.60688253817286],[129.4627839224285,35.606878535257884],[129.46277054833365,35.6066429814612],[129.46277017046174,35.6066386298558],[129.46275808980198,35.60658224790767],[129.46275742460858,35.60657923878281],[129.46275664315613,35.60657626039973],[129.46275483246143,35.60657037257781],[129.46275381032927,35.60656739270755],[129.4627506249884,35.60655837390146],[129.46274841742246,35.60655232667353],[129.4627461305861,35.60654628794908],[129.46265490300107,35.606321929784016],[129.46265288763504,35.60631715231459],[129.46265051130322,35.60631260068808],[129.46259492191152,35.606210625710595],[129.462576755014,35.60617829346965],[129.4625755549267,35.60617616208685],[129.46257434623223,35.606174039859106],[129.46239752766098,35.60580404786698],[129.46239560896686,35.60580024422095],[129.46235794356315,35.60573527862909],[129.4623557177242,35.60573218674783],[129.4623527863404,35.60572940384952],[129.4623490324494,35.60572693183952],[129.46234452535515,35.60572462535164],[129.4623420267113,35.605723560839756],[129.46233938391296,35.60572255997698],[129.46233369092622,35.60572069109541],[129.4623306033096,35.60571982729225],[129.4623274004915,35.60571903748426],[129.46228224317161,35.60570798173576],[129.46227428522357,35.605706119097846],[129.46226648601862,35.60570451890912],[129.46225896133635,35.60570304045536],[129.46225172283303,35.605701618640026],[129.46224500527558,35.605700193746934],[129.46223876126984,35.6056986331289],[129.4622328286661,35.60569680600807],[129.46222728357085,35.60569448397128],[129.4622219703054,35.60569180117091],[129.46221704114149,35.60568875512653],[129.46221223342158,35.60568534831384],[129.46220748711502,35.60568165382927],[129.46220281894622,35.60567772368638],[129.4621981797105,35.60567344149403],[129.46219374118897,35.60566879003026],[129.46218928570903,35.60566362499785],[129.462184893163,35.60565787297683],[129.4621806836826,35.605651661823735],[129.46217691731638,35.605645063027005],[129.46217348994094,35.60563815220433],[129.46217050147416,35.60563104311781],[129.46216795478895,35.605623672616964],[129.4621656683847,35.60561620231916],[129.46216358695247,35.60560871786467],[129.46216182127407,35.60560123547858],[129.46211837279031,35.60540993296104],[129.4621175717375,35.60540624091827],[129.46211693336792,35.60540261113228],[129.4621164479739,35.605399007701905],[129.46211624893346,35.605395468119774],[129.4621162507145,35.60539192526649],[129.46211718040823,35.605334986943],[129.46211738527543,35.60533189512858],[129.46211810189854,35.60532824327124],[129.4621194818443,35.605324000054694],[129.46212046037328,35.605321670912716],[129.46212156386105,35.60531921533075],[129.46212281658268,35.605316632913414],[129.46212422405824,35.60531387849668],[129.46212571080937,35.60531102542855],[129.46212726822893,35.60530808286405],[129.46212892227055,35.60530502874486],[129.4621306343998,35.605301912378664],[129.46213239313641,35.605298806071055],[129.46218164330338,35.60521196818579],[129.4621842583611,35.60520767600188],[129.46218711555537,35.605203987472535],[129.46219047469535,35.60520123551986],[129.46219466241132,35.60519977721894],[129.46219968156458,35.60519972971575],[129.46220547307905,35.60520075321229],[129.46221157753357,35.605202929113794],[129.46221777773533,35.605206223095934],[129.4622239683411,35.605210480016844],[129.462230058437,35.60521559317965],[129.46223611764682,35.60522124953744],[129.4622424605137,35.60522704010238],[129.46224915075086,35.605232590623004],[129.46225635079477,35.605237682097496],[129.46226410011582,35.6052421227686],[129.46227230179554,35.60524583127867],[129.46228069757368,35.60524908047638],[129.46241921525248,35.60529778649369],[129.46242275289694,35.605298907998986],[129.46242635702174,35.6052998589425],[129.46242995939136,35.60530064764776],[129.46243354892763,35.60530127249226],[129.4624408910369,35.605301875866694],[129.46244828462,35.6053016039646],[129.4624560257267,35.60530073683109],[129.46246412070195,35.60529944384139],[129.46246827350922,35.60529863516669],[129.46247256513192,35.605297725067295],[129.46247695064108,35.60529668182179],[129.4624814683892,35.60529553906165],[129.4624860500967,35.60529430330817],[129.46249067996357,35.60529296039503],[129.4624953508851,35.60529149060539],[129.46250008938716,35.60528989531003],[129.4625047877315,35.6052881924909],[129.46250940305828,35.60528643513226],[129.46251397336783,35.605284642447565],[129.4625353985713,35.60527612415363],[129.4625393404077,35.60527454183629],[129.4625431296648,35.605272949383945],[129.46254679772247,35.605271366117975],[129.46255038126023,35.60526975718448],[129.46255383853008,35.60526804032729],[129.4625572251869,35.60526623447228],[129.46256045066283,35.605264337489096],[129.46256355079535,35.60526237042943],[129.4625664836603,35.60526024382816],[129.462569252169,35.605257986485285],[129.4625718662493,35.60525564331317],[129.46257436747874,35.6052531992107],[129.46257673763034,35.605250631036306],[129.46257898394097,35.6052479639136],[129.46258110994376,35.605245161725726],[129.46261460124387,35.60519719269847],[129.46261617798206,35.6051948610179],[129.4627023119746,35.60506195122566],[129.46275085366798,35.60495771163454],[129.46275186594247,35.60495531883406],[129.46275273720082,35.60495293734612],[129.46275347154847,35.60495055448309],[129.46275413505782,35.604948163759445],[129.46275463852626,35.604945818914686],[129.46275499029682,35.60494349998023],[129.46275517324327,35.60494122887068],[129.4627605741751,35.6048570452216],[129.46276040130664,35.604854577977754],[129.4627600692447,35.60485201055889],[129.46275960186273,35.60484941649753],[129.4627590331435,35.604846831299206],[129.46275833532843,35.60484420313029],[129.46275755687398,35.60484161774348],[129.4627567069597,35.60483908941291],[129.46275572944126,35.60483666953641],[129.4627546033126,35.60483431157917],[129.46275336661256,35.60483212670514],[129.46304713863216,35.60463032614345],[129.46305119932396,35.60463360987539],[129.46305533505253,35.60463680223616],[129.4630595012854,35.60463988772478],[129.4630636684043,35.60464291910991],[129.46306787918022,35.60464583980262],[129.46307216640704,35.604648636647745],[129.46307656459604,35.60465136677769],[129.4630810348173,35.60465406328024],[129.4630856025837,35.60465668607438],[129.4630901586558,35.604659282014474],[129.4630947109801,35.604661814911715],[129.46309922958605,35.604664323116815],[129.46310374638676,35.60466675742961],[129.46310829603055,35.60466909024103],[129.46311291969815,35.60467129022954],[129.46311758684652,35.60467337231662],[129.46312241249387,35.60467534544557],[129.46312726794073,35.60467718286639],[129.46313219913372,35.604678867603596],[129.46313717248623,35.60468038037194],[129.46314213684536,35.60468170577841],[129.46314701925428,35.60468283960312],[129.4631518606245,35.60468382985933],[129.46315660843786,35.604684605284426],[129.46316120747522,35.60468525512355],[129.4631656793251,35.60468566904412],[129.46317001568866,35.604685868816944],[129.46317424128117,35.6046858720689],[129.46317836925536,35.60468567497968],[129.46318242640115,35.604685289733446],[129.46318643235963,35.60468470699529],[129.46335937684725,35.604658184722496],[129.46336377527146,35.60465740086158],[129.463368098233,35.604656419904465],[129.4633722975738,35.60465534901095],[129.46337644969532,35.60465415267946],[129.46338051527138,35.60465284777767],[129.4633845462083,35.604651390188415],[129.46338848645038,35.60464983491429],[129.46339239487673,35.60464815214818],[129.4633962441688,35.60464630807906],[129.46340002258322,35.60464436419911],[129.46340383900682,35.60464225923574],[129.46340764480183,35.60463999037579],[129.46341137005507,35.60463758760624],[129.4634150209465,35.6046350327967],[129.46341850448198,35.60463231484223],[129.46342181695712,35.60462937250243],[129.46342492151692,35.6046262334225],[129.46342787487768,35.60462286963355],[129.46343070086917,35.60461935286571],[129.46343328359242,35.60461563813107],[129.46343554320143,35.604611800652606],[129.46352077682943,35.60445342187978],[129.4635220646483,35.60445038092357],[129.46352294999232,35.60444731227152],[129.4635833827964,35.60420169744814],[129.46361974146677,35.60387599432692],[129.46361909170292,35.60387054554413],[129.46361724812573,35.60386484758013],[129.46361587458938,35.603861941956836],[129.463614216466,35.60385904457853],[129.46361001887112,35.60385332008055],[129.4636049234591,35.60384780493778],[129.46349034071477,35.603731611004285],[129.46342959673592,35.603676226035546],[129.46342753684098,35.603674503523735],[129.46342543081937,35.60367288092676],[129.46342324751183,35.60367134793469],[129.4634209770296,35.60366995158578],[129.4634186429426,35.60366866264841],[129.4634138957419,35.60366655483226],[129.4634090972058,35.60366541784728],[129.46340451901838,35.60366552852762],[129.4634003640363,35.603666696058646],[129.4633968798545,35.60366902458264],[129.463394481044,35.60367240457357],[129.46339339478035,35.603676646623434],[129.46339340652963,35.60367902454146],[129.46339361983996,35.6036815199728],[129.463394044023,35.603684152598305],[129.46339457911762,35.603686806854554],[129.46339523368204,35.603689561932484],[129.46339590065043,35.603692282551926],[129.46339655566004,35.60369496550404],[129.4633970570365,35.603697595068354],[129.46339731320077,35.603700127663444],[129.46339732914356,35.603702496498286],[129.4633970515451,35.60370477816645],[129.46339654815026,35.6037070346675],[129.46339568973258,35.603709217624704],[129.46339454174205,35.603711385469076],[129.4633930772128,35.60371351880756],[129.4633913338803,35.603715626039886],[129.46338939184935,35.60371773290487],[129.46335888761072,35.6037501245267],[129.46335557381843,35.60375355368637],[129.46335146556365,35.60375654325078],[129.46334914479925,35.60375787740759],[129.46334667084662,35.603759086050694],[129.4633440708085,35.60376010383163],[129.46334145939346,35.60376092707783],[129.46333617512894,35.60376168571011],[129.4633310293366,35.603761244917145],[129.46332594548394,35.603759634793754],[129.46332344491336,35.60375839905102],[129.4633209852683,35.60375694087662],[129.4633185913566,35.603755191353606],[129.46331631759435,35.60375320909289],[129.4633140855064,35.60375103503873],[129.4633119236928,35.60374866511902],[129.46330978638363,35.60374612351832],[129.463143952382,35.60354712504353],[129.4631403170115,35.6035426336078],[129.46313858231062,35.60354021525592],[129.4631369809462,35.603537742445056],[129.46313411224847,35.6035325533883],[129.46313179851884,35.60352721826191],[129.46313004544777,35.603521789259126],[129.46304173348574,35.60322554642785],[129.4630116048578,35.60301145220005],[129.46301137786796,35.603008396268585],[129.46301130323278,35.603005341460296],[129.46301127626575,35.60300224981592],[129.46301132746007,35.60299919476011],[129.4630115077459,35.60299311042352],[129.4630116392643,35.602990090118034],[129.46301185225676,35.602987061273],[129.4630281023709,35.602787085707405],[129.46302833451674,35.60278484083965],[129.463029145352,35.60278043921102],[129.46303055504958,35.602776152227904],[129.46303252786092,35.60277196244317],[129.46303515496234,35.60276798736664],[129.46303836700943,35.602764370562504],[129.46304207704776,35.60276125768488],[129.4631176242752,35.602705229043664],[129.46312142917805,35.60270247521055],[129.46312546450272,35.602699845632664],[129.4631296324865,35.602697405006964],[129.46313395695836,35.60269522506366],[129.46313832983142,35.602693309367176],[129.4631427537528,35.602691675904026],[129.46314725810996,35.60269044319089],[129.46315194560253,35.60268965823415],[129.4631568357291,35.60268948658869],[129.46316173643413,35.60268956718566],[129.46316663778973,35.60268985511273],[129.46317150421868,35.60269043028012],[129.46317625499594,35.60269133186571],[129.46318106400975,35.60269262915416],[129.4631858421044,35.6026943776874],[129.46319066409433,35.60269647708312],[129.46319316441392,35.60269761367041],[129.4632219223438,35.602710858337126],[129.4634127645927,35.60273783038555],[129.4634158030845,35.60273840468637],[129.46341879763148,35.6027387164706],[129.4634217003944,35.6027387052172],[129.46342449018178,35.602738497479066],[129.46342951607474,35.60273737705339],[129.46343368540664,35.60273517258362],[129.46343658773503,35.60273162031516],[129.4634374156049,35.602729362130944],[129.46343780028343,35.60272685514952],[129.46343769449936,35.602724152427356],[129.46343719446443,35.602721306485186],[129.46343624651192,35.6027182893503],[129.46343494278761,35.60271525818165],[129.46343324586957,35.60271212704685],[129.4634312635758,35.60270897171601],[129.46342894489143,35.602705692054634],[129.46342641202472,35.60270232032712],[129.46342362511734,35.60269894192241],[129.4634206457382,35.602695546822176],[129.46341750213477,35.60269211653632],[129.46341419448314,35.60268865827382],[129.46341080809336,35.60268523014202],[129.46340731215898,35.602681836248955],[129.46340376988306,35.602678443111095],[129.46340023356709,35.602675022831534],[129.46339669195712,35.60267156657885],[129.46339318543528,35.60266810073933],[129.4633897630346,35.60266464434641],[129.46338650177117,35.602661187129996],[129.46338335662912,35.60265769376451],[129.46338037015332,35.60265418879805],[129.46337762434587,35.60265068531778],[129.46337499642135,35.602647217778355],[129.463372573725,35.60264374689389],[129.4633703022378,35.60264023027371],[129.4633681515496,35.602636688246065],[129.4633660326369,35.60263318175977],[129.4633639730865,35.60262966529109],[129.4633599919499,35.602622676982044],[129.4633580421603,35.60261922543396],[129.46335616978337,35.60261577983598],[129.46335438262835,35.602612388740866],[129.46335270452914,35.6026090337305],[129.4633512443211,35.6026057418785],[129.46334993566958,35.60260250885708],[129.463348822049,35.60259930691324],[129.4632960206604,35.60242063010131],[129.463295164784,35.60241758622287],[129.46329433410665,35.60241457979599],[129.46329351071017,35.602411600294886],[129.4632927301227,35.602408656155376],[129.4632919870451,35.60240580155273],[129.46329054175646,35.602400138558444],[129.46328550383765,35.602379895849005],[129.46328326518756,35.60237085621174],[129.46328256762047,35.60236787646274],[129.4632818973711,35.602364930524836],[129.46328131702097,35.60236204983142],[129.4632807712693,35.60235922987492],[129.4632798590262,35.602353879120564],[129.4632769728846,35.60233568737079],[129.4632764876546,35.6023318207085],[129.46327310888014,35.60229735261283],[129.46327298273337,35.60229508113062],[129.46327272092208,35.60228373393359],[129.46327264563794,35.6022802914985],[129.46327236812488,35.60226631403225],[129.46327244532128,35.60226296827509],[129.46327269322455,35.60225974233736],[129.46327313995474,35.60225652217399],[129.4632737822873,35.602253356517565],[129.4632746234859,35.60225028858607],[129.46327555519994,35.60224731113054],[129.46327659967793,35.602244340852],[129.4632778854784,35.602241489241976],[129.46327970696402,35.60223905800693],[129.4632822521726,35.60223742450767],[129.46342749992482,35.60220569951044],[129.4634269994398,35.60220310599029],[129.46342674090346,35.60220047607324],[129.46342663926117,35.60219794276199],[129.46342674492024,35.60219540066301],[129.46342708479725,35.60219295751545],[129.4634276667943,35.602190575328244],[129.46342853513426,35.602188256986544],[129.46342974710421,35.602185997950684],[129.46343129021238,35.60218382907462],[129.4634957026347,35.60209523805518],[129.46349783999133,35.60209263399263],[129.4635000866184,35.60209016517427],[129.46350242239097,35.602087821110324],[129.46350484161377,35.60208563975586],[129.4635073425251,35.60208354902105],[129.46350996303585,35.60208156451459],[129.46351266302838,35.60207967066373],[129.46351536897575,35.60207783981949],[129.4635180830847,35.602076071945916],[129.46352083359773,35.60207443870124],[129.4635236158812,35.602072931146125],[129.46352650103051,35.602071658102595],[129.46352933916845,35.60207053907725],[129.46353217994428,35.60206961833493],[129.46353507124093,35.602068958198885],[129.46368260606675,35.60203833329038],[129.46368808822163,35.602038088869406],[129.4636908983816,35.60203862541765],[129.46369373818052,35.602039561740746],[129.46382987778392,35.60209232921199],[129.46383350734342,35.602093964827574],[129.4638371262971,35.60209588909022],[129.4638407275843,35.60209808408541],[129.46384431429706,35.6021004956738],[129.4638478867878,35.60210313827337],[129.46385145604611,35.60210600990197],[129.46385490582412,35.602109051153995],[129.46385824547733,35.602112283512504],[129.46386146701576,35.602115741364074],[129.4638646551807,35.602119369238274],[129.46386779571853,35.60212312589929],[129.46387095341757,35.602127042744264],[129.46387403563895,35.60213112308644],[129.4638770394711,35.60213533812584],[129.46388004263858,35.60213961627976],[129.46388305021568,35.6021439845099],[129.4638860072584,35.602148362578646],[129.46388890471954,35.60215274161868],[129.46389171073562,35.60215708248423],[129.4639155159598,35.60219404278935],[129.46391803463487,35.60219800791336],[129.46392055242498,35.60220202714065],[129.46392308301114,35.60220611827785],[129.46392547787684,35.602210346849986],[129.46392780711332,35.60221459993058],[129.46393005249394,35.60221885437824],[129.4639920404705,35.6023378995304],[129.46403038706876,35.60241169347412],[129.46408484820833,35.60239458605147],[129.4640365177512,35.602001767139924],[129.4639759116623,35.601768820640956],[129.46390357933268,35.601596033669885],[129.46380461511015,35.60151204589654],[129.46380174324335,35.60150835156288],[129.46364585242162,35.601304873466304],[129.4636438085486,35.60130253949058],[129.4636418429723,35.601300157361436],[129.46363995268865,35.60129778482273],[129.46363818496812,35.60129536881794],[129.4636365366305,35.6012929598819],[129.46363501169282,35.601290541722484],[129.46363360613802,35.60128813063184],[129.4636323571279,35.6012857115805],[129.46363126170698,35.60128325396626],[129.46363033055192,35.601280833339565],[129.46362955501658,35.60127836690502],[129.46362898655553,35.60127597281954],[129.4636286092418,35.601273541361905],[129.4636283541782,35.601271143970806],[129.46362830862034,35.601268737755724],[129.46362832771783,35.601266357531195],[129.46362840092158,35.60126402330178],[129.4636285004297,35.60126168143172],[129.4636286042632,35.60125933588523],[129.4636288554918,35.601254620643616],[129.46362903885503,35.60125227740666],[129.46362926855926,35.60124993341432],[129.46362952915743,35.60124758891838],[129.46362979200634,35.601245246188725],[129.4636330635485,35.60122058059101],[129.4636334758553,35.60121784959065],[129.4636339254118,35.6012151071653],[129.46363445886746,35.601212365175314],[129.46363511903058,35.601209658982164],[129.46363584980844,35.60120695163793],[129.46363670839938,35.601204234998384],[129.46363764007603,35.60120152798529],[129.46363865256413,35.60119878539856],[129.46363974361293,35.60119600547195],[129.46364203803685,35.60119034462463],[129.4636432458695,35.60118746543423],[129.46364445215596,35.60118461331349],[129.46364566016007,35.60118183148036],[129.4636469145491,35.60117905069407],[129.46364821328797,35.601176368347886],[129.46364958709444,35.60117377672922],[129.46365104060217,35.60117128477736],[129.46365256997032,35.60116891599344],[129.46365423645827,35.60116664774334],[129.46365605701496,35.60116445090329],[129.46365804156838,35.60116237038561],[129.463660105823,35.6011603895347],[129.4636622113399,35.60115847111489],[129.4636643529964,35.60115667651052],[129.46366662957044,35.60115489232757],[129.4636690134319,35.601153162287595],[129.4636714431892,35.60115150361802],[129.46367399502023,35.601149871805895],[129.46367662187927,35.60114823877068],[129.46367929291648,35.601146606818226],[129.46371772822656,35.60112316916886],[129.46372157714754,35.6011208653412],[129.46372531699683,35.601118886022114],[129.4637288915012,35.601117277203045],[129.46373242180061,35.60111620819089],[129.4637360247142,35.60111576182066],[129.46373965831452,35.6011159387758],[129.46374336780187,35.6011166012942],[129.4637473363287,35.60111783653839],[129.46375151923246,35.60111962360084],[129.46375594599763,35.601121904306005],[129.46376042976755,35.60112453025093],[129.46376268822274,35.6011258889288],[129.46376499486888,35.60112732254554],[129.46376725490992,35.60112874610419],[129.4637718509938,35.60113154149939],[129.46377410883275,35.60113287494558],[129.4637764143825,35.60113417335762],[129.46377871243126,35.60113543583261],[129.46378321604084,35.60113760890913],[129.46378783022385,35.601139428604824],[129.46379256037142,35.60114075420057],[129.46379732316137,35.60114151854202],[129.46380221295794,35.60114160830703],[129.4638072955088,35.60114127483881],[129.4638124221671,35.60114057825546],[129.46381752656396,35.60113933213061],[129.46382013947536,35.6011385737575],[129.46382278178302,35.601137753604306],[129.46382546668318,35.60113686965295],[129.46382820075186,35.60113591999324],[129.4638309207433,35.60113493630665],[129.46383360675307,35.60113391711467],[129.4638361720147,35.601132834984405],[129.46383869160042,35.60113169049494],[129.46384112437553,35.60113051677025],[129.46384349015642,35.60112931168432],[129.46385060842482,35.6011255590598],[129.4638556469076,35.601122880651126],[129.4638608743785,35.60112007655967],[129.46386354721258,35.601118608643674],[129.4638662543848,35.6011171005026],[129.46386892338217,35.601115565939345],[129.46387164141584,35.601113960261],[129.4638743146985,35.60111233007065],[129.46387697527365,35.601110631574755],[129.4638821979587,35.60110727044438],[129.46389979862298,35.60109578168589],[129.4639022709618,35.601094149362],[129.46390470291908,35.60109249065193],[129.46390709714618,35.601090733393875],[129.4639093587106,35.60108887733255],[129.463911543445,35.601086858453975],[129.46391351696045,35.6010846879639],[129.46391538186677,35.60108240926362],[129.46391707836256,35.60108001431324],[129.4639186090951,35.60107752109928],[129.46391998509787,35.601074929441836],[129.4639211169531,35.60107228406987],[129.4639220152538,35.60106956678102],[129.4639227038774,35.60106676095936],[129.46392319760582,35.60106392946765],[129.46392348959878,35.60106106340258],[129.46392353718002,35.60105813280951],[129.46392335831152,35.60105515001637],[129.46391688196294,35.600961425720044],[129.4640066612123,35.6005995728395],[129.46406781571224,35.60035482938878],[129.46406609474636,35.600352248557726],[129.46406455636304,35.60034964131127],[129.4640632709119,35.60034699568464],[129.46406212876346,35.60034434231269],[129.4640611117355,35.60034165985628],[129.4640602567209,35.60033901262064],[129.46405866196827,35.60033373790544],[129.46405788026323,35.60033101915891],[129.46405710147383,35.60032823906404],[129.4640563267936,35.60032535613318],[129.4640556121827,35.600322401907334],[129.46405495499388,35.60031935839998],[129.46405440796738,35.60031621573646],[129.46405397039422,35.600313035229114],[129.46405369841074,35.60030985562791],[129.46405354978148,35.60030666500073],[129.46405322434762,35.600291002543564],[129.46405319756664,35.6002879199106],[129.4640532118276,35.60028489069743],[129.46405333734793,35.60028189753254],[129.4640535520608,35.60027894077572],[129.46405379969772,35.60027597627024],[129.46405413423238,35.60027304460433],[129.4640545078665,35.60027017720764],[129.46405487796827,35.60026734592785],[129.46405529065783,35.600264540998175],[129.46405582652116,35.600261807981816],[129.46405648644344,35.600259092775424],[129.46413489122995,35.60000065397809],[129.46420038551958,35.59988841710027],[129.46426489474715,35.5997619888877],[129.46427034561356,35.5997478278679],[129.46428038485152,35.59971519818468],[129.46437072336792,35.59941805692205],[129.46438509120063,35.59934134627478],[129.46438750072477,35.599206297371296],[129.46375426240343,35.597279816790326],[129.46375866592106,35.59653162423373],[129.46375739314988,35.59652163491493],[129.4631911506973,35.5946411189959],[129.4628472125072,35.59373611686135],[129.4632998187541,35.589429667395486],[129.46397972248377,35.58845336544604],[129.46465508021194,35.58659173419311],[129.46465823827685,35.586581239905364],[129.46465956927784,35.586570223702125],[129.46465611920044,35.586405110050976],[129.46465453350118,35.586392426785444],[129.46465146778607,35.586383216731484],[129.4646447404171,35.58637184152253],[129.46448352175764,35.58612807123284],[129.46393336218395,35.58534032104669],[129.46375635254753,35.58517557877933],[129.4637124316946,35.58513542492345],[129.46369556110733,35.58512271850766],[129.46314100836057,35.58480869758755],[129.46287199467415,35.584726487438104],[129.4608277635413,35.584125151024125],[129.4608052025525,35.58412407400241],[129.46079354972835,35.58412519216831],[129.46011029196407,35.584225284213254],[129.45909436987964,35.58478236832952],[129.45375997416483,35.5805202914704],[129.45373853324685,35.58050222896367],[129.45365424611447,35.58042407185349],[129.45363356133427,35.58040460877751],[129.45360882937712,35.58037789845543],[129.45347342667475,35.580204206424604],[129.45329857616983,35.579934919985874],[129.45315845622005,35.57970852017236],[129.45307337590995,35.57956247908673],[129.45299560638304,35.57940765975465],[129.45289365634187,35.57917073357747],[129.45287047472488,35.57910759591338],[129.452818118129,35.57892945417928],[129.45267932854128,35.57837814699379],[129.452673829092,35.57835198300275],[129.45267239319907,35.57833783849837],[129.45267197631625,35.57830885342449],[129.4526763618546,35.57825505732204],[129.45268224318917,35.57822359927203],[129.4526963993168,35.578177453515345],[129.45271130417296,35.57814014822825],[129.45273877061882,35.57808173928948],[129.4527886272781,35.57798227615569],[129.45280849276244,35.57795085650674],[129.45292006320102,35.57779799150135],[129.45308333921727,35.57760148211496],[129.45301013455142,35.57686226086597],[129.4527690242174,35.57414464594971],[129.45276823518563,35.574133689432905],[129.45276812203463,35.57412266607103],[129.45276829373293,35.57411201311201],[129.4527685812181,35.57410149349978],[129.4527691653039,35.57409082844897],[129.4527700195803,35.57407993004174],[129.45277102610567,35.5740688488697],[129.45277238642998,35.57405752397147],[129.45277435224307,35.57404623253251],[129.45277701421603,35.574035164198875],[129.4527799664919,35.57402432735052],[129.45278309522405,35.57401403214119],[129.45278623536848,35.57400402522291],[129.45278955861596,35.57399419743785],[129.45284432018565,35.573839348499334],[129.45284750609756,35.5738309545009],[129.4528508665691,35.573822660443106],[129.45285427419685,35.57381439987755],[129.45285787162524,35.57380613984195],[129.4528750581132,35.57376731189656],[129.45287666129153,35.57376371782663],[129.45287827327553,35.573760213762746],[129.4528798888219,35.57375676553337],[129.45288155596262,35.57375344267611],[129.4528848477766,35.57374713841215],[129.45289127926532,35.573735262554685],[129.45289453905377,35.573729366281974],[129.45289621538265,35.57372642190049],[129.45289789055565,35.57372352080914],[129.45289969374437,35.57372071139783],[129.4529014869971,35.57371794722192],[129.4529033486168,35.573715272086794],[129.45290718241696,35.57370993084251],[129.45290909591137,35.573707301743966],[129.45291106697974,35.57370468072721],[129.45277641067335,35.572131869759076],[129.45277669113423,35.57212751463295],[129.45277806342656,35.57210622989812],[129.452778359336,35.572102056622214],[129.45277904159795,35.572093708604775],[129.45277950186534,35.572089669691636],[129.45278055273195,35.572081779065826],[129.45278112238398,35.572077882618196],[129.45279795804115,35.57196416653982],[129.45279860054927,35.571960180565604],[129.45279928475114,35.571956184900834],[129.45280077879755,35.57194800582871],[129.45280157115153,35.57194392006549],[129.45280243278233,35.57193977909035],[129.4528033463051,35.57193559400285],[129.4528052737911,35.57192708877996],[129.45280635041343,35.57192271353987],[129.45280748661378,35.571918247185494],[129.45280867575622,35.57191377997318],[129.4528099156785,35.57190931374093],[129.4528111622439,35.57190493935279],[129.45281371595883,35.57189614091435],[129.45282240374726,35.57186640247072],[129.4528236052013,35.57186235154621],[129.4528248639909,35.57185838984137],[129.45290870737622,35.571602097493574],[129.45199851936385,35.57141946362851],[129.44938146037683,35.57033439822264],[129.44778249399292,35.56922075178695],[129.4477771723197,35.56915024668059],[129.44569248545682,35.56794135558462],[129.44464464409498,35.56767006596845],[129.44254395218556,35.56776782784862],[129.44150798533454,35.56786308445217],[129.4331866356498,35.56692358333437],[129.42894186754646,35.56655163349807],[129.42008058709752,35.563763891522754],[129.42006017492523,35.563754867321094],[129.41978941430722,35.56357480243707],[129.41925921012984,35.562964721430255],[129.41889834685634,35.56242923692947],[129.41632523576018,35.56061329042374],[129.41501668572366,35.55997745754527],[129.4147309812676,35.55983581645771],[129.4133154213192,35.558802169980154],[129.41395631017483,35.55645955017931],[129.41346763643165,35.55497518731277],[129.4132830876011,35.55469313744693],[129.41183541597655,35.553176103795074],[129.41132649101684,35.552866997402674],[129.41002884997897,35.55233072629951],[129.4094613907632,35.552290468191195],[129.40895190169206,35.55211558270917],[129.40832635327342,35.55184553311332],[129.4080845978695,35.55166969709978],[129.40758924799454,35.551012117873356],[129.4073475011666,35.55034461716338],[129.40710881723638,35.549130742789266],[129.40703995141044,35.54853187929998],[129.40800073875315,35.546321422173676],[129.40844101334636,35.54549368446389],[129.4079652209792,35.544906147230314],[129.40558803149727,35.54165327767666],[129.40539442402525,35.54067217722548],[129.40587665728853,35.53922738773709],[129.40638375881076,35.53885040726229],[129.40657295568008,35.53830793393553],[129.40659807415662,35.53796818844456],[129.40663177063564,35.53745659304061],[129.40558973199296,35.53468253358821],[129.40491729469647,35.533820384375645],[129.40438215783675,35.533300017711056],[129.40384217060839,35.53318916915771],[129.40272404465526,35.53166441022085],[129.40121170669877,35.529404845148605],[129.40193487681796,35.528159491626646],[129.4024049602027,35.52796702755588],[129.4063694038067,35.526697993839235],[129.40714463868952,35.525933247654066],[129.40845493572917,35.52517768834546],[129.4088916964704,35.52516261409392],[129.40991761709944,35.52439968805761],[129.4103677336727,35.524060564914194],[129.4105712725779,35.52310635109423],[129.4104381096504,35.52225748825835],[129.41020760021536,35.52193906778902],[129.40943709982528,35.52142703179125],[129.4096895202479,35.51906291007386],[129.40915657722252,35.516965626198974],[129.40899380562,35.51659212134141],[129.40837627559915,35.51604457034303],[129.40675179808426,35.51657676851882],[129.40657779694874,35.51667134328023],[129.4054749816734,35.517519690501345],[129.4053655699334,35.51773811555694],[129.40535779486058,35.51787183942071],[129.40538371017084,35.51802298888628],[129.40550288472554,35.518371518288866],[129.4051646873332,35.51869538488345],[129.40377332236105,35.51987496059705],[129.4033551813052,35.52015855752913],[129.39662274869815,35.52174654517111],[129.3965300979014,35.52176686733964],[129.39637600566024,35.52179599703798],[129.3963461206199,35.5218009078519],[129.39626192025275,35.521813421507396],[129.39617749557502,35.521825307578645],[129.39601887493583,35.52184139114405],[129.39596554870087,35.52184566617977],[129.39592695062717,35.521847982332865],[129.39585218625206,35.521848642201945],[129.39580179079135,35.52184850059121],[129.39562863454717,35.52184332571791],[129.3943505190359,35.52179189396391],[129.39426903497596,35.52179847673019],[129.39416068489749,35.52181184429779],[129.3940770072696,35.521822968917206],[129.39397988230147,35.521837065108535],[129.39396053896326,35.521840093285824],[129.39388379270855,35.52185298943891],[129.39378723344058,35.521874456309824],[129.3935294984598,35.52193545561087],[129.39343033982522,35.52196691743525],[129.39331417854103,35.52200623141481],[129.3931933335007,35.52204895619398],[129.3930605473413,35.522102167119094],[129.39284879855688,35.52220041980271],[129.39272322744677,35.52226834325186],[129.39255315087314,35.522377906067504],[129.39243866847707,35.522459267908495],[129.39239576260493,35.52249125777387],[129.3922744754876,35.52258377330021],[129.39222510704832,35.52262494989284],[129.39214514304334,35.52269509594457],[129.3920601589006,35.522773775032846],[129.39202349862097,35.52281149589773],[129.3918782729649,35.522971674996576],[129.3916654234736,35.52328711368557],[129.3915344623619,35.52348163049549],[129.3902218798173,35.525425676427155],[129.3897263326894,35.52592188483972],[129.38944258864828,35.52617201512323],[129.38930330079637,35.526294489170944],[129.38907470320262,35.52647287816351],[129.3889538884804,35.52656507111848],[129.38832716274953,35.526981758970436],[129.38771878519188,35.527357386699],[129.38762906505076,35.52739434671986],[129.38753774968472,35.52745350507023],[129.3873233627669,35.527596417692486],[129.38715252883972,35.52772170538126],[129.3869937952406,35.52784335790586],[129.38685955657783,35.52795511601924],[129.38657835997168,35.528216757155114],[129.3841806635708,35.530483878849004],[129.3841478057053,35.53051576471978],[129.38383652991809,35.530854930358025],[129.38291645637972,35.53185935952906],[129.38234356813723,35.53251295006158],[129.3822440639298,35.532654979729124],[129.37892261639468,35.536070763898834],[129.37664952408326,35.537993611443234],[129.3764715742259,35.538175753937566],[129.3745518510998,35.53952578793051],[129.37425797702372,35.53939898246347],[129.3735668089634,35.53909748034157],[129.37339365240834,35.539020836915284],[129.37323418097333,35.53894956812685],[129.37276235367398,35.53874034416947],[129.37253929247692,35.538644836298204],[129.37240849687166,35.5386126484258],[129.3722183992068,35.53859969456994],[129.37205514016674,35.5385962943152],[129.37189672839142,35.53859653819039],[129.37164217131885,35.538615832287746],[129.37147131072956,35.53863759130101],[129.37094637981554,35.53871369992678],[129.37054930674284,35.53880403700891],[129.3694145249118,35.53925656358135],[129.3691949147703,35.53936838939656],[129.36910910906056,35.539415563186694],[129.36836465476335,35.539968690409125],[129.3683013607677,35.54001971576866],[129.36781925019596,35.540465140135744],[129.367665469789,35.54063120202756],[129.3675990499315,35.540715467131804],[129.36697046268742,35.541555585008766],[129.36645393017847,35.54240035292585],[129.3644669307102,35.54297622737183],[129.36446685294888,35.54297629889205],[129.36427172370333,35.543153296686974],[129.36320865874146,35.54398853479201],[129.35903763238784,35.54536835936627],[129.35806218316964,35.54568397009151],[129.35649879393617,35.54616055301417],[129.3550057201793,35.54657347641157],[129.35086751656368,35.54793824917311],[129.34811952268035,35.54924634795897],[129.34812317735447,35.54939113916384],[129.34821034483517,35.54982081227983],[129.34998567122133,35.54951902636176],[129.3509723483986,35.550481444576356],[129.35026960579756,35.55319037906453],[129.34931073895427,35.5579439494568],[129.34958943384413,35.558449273615246],[129.34982560999475,35.55865761876125],[129.3499457938418,35.5587402526255],[129.3500939118706,35.55884198603558],[129.35018997459156,35.558904635666835],[129.3503544984996,35.55897930968445],[129.35078338054112,35.55914012018646],[129.35106999578224,35.55923796222986],[129.3512119646326,35.55927495407779],[129.3513593291343,35.559314372672596],[129.3515301960567,35.5593712889006],[129.3522257459097,35.55965241614815],[129.3524304717568,35.5597742781617],[129.3532183889714,35.560261355257786],[129.35330384104944,35.5606288205985],[129.35351360103311,35.56148677883177],[129.35360326787466,35.561920993273745],[129.35368010744835,35.562645477135376],[129.3531029278311,35.56535731161051],[129.35303572733417,35.56564958716526],[129.35266773447324,35.56631978613076],[129.35234890297042,35.566897006152416],[129.35234257134147,35.5669095352347],[129.35228160755733,35.56708496769699],[129.35218587024278,35.567363347418876],[129.35216861215096,35.5674277872439],[129.35199972400466,35.56807497014479],[129.3519883386985,35.568186041128286],[129.3519755727767,35.56831699169315],[129.35195936231105,35.56850096405533],[129.35209438773092,35.570818891823784],[129.3523011724198,35.57283953329214],[129.3510084049163,35.57738087530151],[129.34924840788307,35.58008117444519],[129.34890639457237,35.581035794466224],[129.34880827087545,35.58139396045329],[129.34873100795875,35.58169054366089],[129.3486735713401,35.58197950963313],[129.34853402130025,35.58270644566275],[129.34818284641173,35.58555932287678],[129.34819665004878,35.58876109217917],[129.34858930534614,35.58876259507354],[129.34866215798849,35.58997085496068],[129.34869176767143,35.59062653457292],[129.34870428963248,35.59138970559706],[129.34868746847175,35.59191265340639],[129.34843983323123,35.595281104204915],[129.34572305209656,35.59604155163279],[129.3453296936954,35.5960771304036],[129.3445254390272,35.59613307560731],[129.3439432066136,35.59616109481025],[129.3434620404027,35.59618134260689],[129.34271134535624,35.5962087601777],[129.34221092593123,35.59622627381909],[129.34180610103067,35.59621300529666],[129.3411695706524,35.596122292771994],[129.34070511878107,35.596043063619696],[129.339320409192,35.59580000099419],[129.3391878049614,35.595771251645246],[129.3387361751972,35.59561354869162],[129.33829389574956,35.595438177902054],[129.3368860521311,35.594787159353125],[129.33669207629433,35.59467408219878],[129.33658511549427,35.59459968166125],[129.33603780650697,35.59421441580634],[129.33564926033904,35.59402403371129],[129.33521930297815,35.59388647286866],[129.33494150218075,35.59383674188369],[129.33454273348917,35.59379617791656],[129.33435025522135,35.593792482558],[129.334077637679,35.59384168837735],[129.33337680480767,35.59411156321045],[129.33315626953714,35.59420854570422],[129.3325831135657,35.594548680223554],[129.33244451629255,35.59463981197865],[129.33218880377922,35.59481190209004],[129.3316723346451,35.595192839661344],[129.3312004946702,35.59554145028493],[129.33100446371307,35.595735474939126],[129.33089606549953,35.596073897714504],[129.33111075784996,35.5966087001121],[129.33187821603255,35.59771822422581],[129.33193593256408,35.59788576937948],[129.3317422882009,35.59875328052461],[129.33166670390605,35.59885744289639],[129.331444738166,35.599060569317835],[129.3312298316197,35.59910996978762],[129.33104342363433,35.59911203864156],[129.32397951723982,35.59864077028305],[129.32356132661045,35.59852440599097],[129.32284882751907,35.598206360607975],[129.32251952040724,35.59784025383434],[129.32239048926104,35.59762688447754],[129.3223764010177,35.5975815336375],[129.32234557004466,35.59733569936854],[129.32235914485304,35.59711434362458],[129.32236701822495,35.59698599060947],[129.32239370660787,35.59655074152704],[129.32238995506907,35.59637434184552],[129.32238262062134,35.59623921414848],[129.32226166928675,35.595747605667086],[129.32221877852191,35.59564809156852],[129.32216704194073,35.59556106729441],[129.3220628281139,35.595439193770694],[129.321513255405,35.59486854535587],[129.32120871743166,35.59457939133295],[129.32109733423425,35.59447885037703],[129.32089868851065,35.59437364941049],[129.31958278039903,35.593882638067626],[129.3194087090166,35.59387377898141],[129.31890491368466,35.593903569277316],[129.31852013935617,35.59398463460123],[129.3182098216401,35.59406540536641],[129.31785474440633,35.5942288734856],[129.31755635052014,35.59428844582107],[129.3173590955362,35.594279825344266],[129.31476809477485,35.592811976300844],[129.31452017024506,35.59265477851979],[129.31241600620535,35.591216789988],[129.31214309614256,35.59100760242854],[129.31186202628805,35.590722391853134],[129.311634750093,35.590397144370115],[129.3114323496582,35.590102035816486],[129.31098878020984,35.589651287768284],[129.31046871854784,35.589333287974554],[129.31025369825443,35.5892312900022],[129.30998946445786,35.58912685942997],[129.30974182265587,35.58905522750239],[129.30957929872338,35.58902752383645],[129.30740120937512,35.589070448513624],[129.30731642959452,35.589080224185004],[129.30590348577306,35.59024557814544],[129.30577945032312,35.59037082779806],[129.30497574895125,35.591585814393206],[129.30496069878023,35.591677035599055],[129.3049636590727,35.59172147807715],[129.30496930955576,35.591767907749706],[129.30499269057796,35.591832751991895],[129.30378439717563,35.59402214587905],[129.30370386465393,35.59408608673519],[129.3036025659907,35.59411793903776],[129.3031065138286,35.59416083836059],[129.30087458812386,35.59426626832661],[129.3005637982518,35.59427777302104],[129.2995086108114,35.59430552267242],[129.29919031320293,35.594304417446445],[129.29793313352837,35.59429615126633],[129.29777253509872,35.59428719143125],[129.2975966926424,35.59423453810758],[129.29624856945566,35.59372091852956],[129.29616063770322,35.593673500968336],[129.29608534801648,35.59361323585672],[129.29554261271053,35.59310810937531],[129.29549932540013,35.5930450356363],[129.2954738427601,35.59296513668407],[129.29545399083986,35.59285640821586],[129.29540878512864,35.592775825921436],[129.29519045546286,35.59259319021254],[129.2951258602655,35.59254181990257],[129.29478929639316,35.5924226715046],[129.29414225375322,35.592264750756144],[129.29369948418207,35.59232941237446],[129.29147352590496,35.59269227413851],[129.2913955166417,35.592733335871706],[129.29044785248772,35.59325255331615],[129.2903223871479,35.594326430372185],[129.29073116771292,35.59771667352232],[129.29230034180185,35.60136503058486],[129.2961000460685,35.60648450744862],[129.2978110930088,35.60837224066174],[129.2983222063025,35.60863805091077],[129.29851088702964,35.60873617776363],[129.29927481052968,35.609663857009295],[129.29950842944226,35.61062983521219],[129.30017770121646,35.614266388073275],[129.29978312147819,35.615037699900995],[129.2986409758885,35.61632841183741],[129.2982749598584,35.61667942399976],[129.29795525340313,35.61690932669289],[129.29662141455813,35.617570465212836],[129.29590639137052,35.61780982849933],[129.2954444851697,35.61790404295963],[129.2947011351517,35.61832254363295],[129.29464506544247,35.61840204649469],[129.29453313726202,35.61864892802155],[129.29410653659946,35.62014410151302],[129.29400402673383,35.620608122830625],[129.29459752433303,35.62602425758811],[129.29469085080828,35.626221816034686],[129.29478178724827,35.62641428855154],[129.29567543547904,35.62712170631922],[129.29568243175444,35.62712724183214],[129.29635291625314,35.62753934382941],[129.2969753271796,35.62827181368712],[129.29750105482387,35.62912642495497],[129.29813885073548,35.6314205332655],[129.2981499920726,35.63157356162195],[129.29816436200335,35.63200600679349],[129.2981441387945,35.63215565852958],[129.2981073785809,35.63240134938522],[129.29795379152213,35.63296592702368],[129.2977363729239,35.63328970776843],[129.29752022068928,35.633487132207016],[129.29747882182966,35.633525411442754],[129.29728291277962,35.633773023947086],[129.29711517845456,35.63398503712932],[129.29697273637424,35.634314509396575],[129.29677365486694,35.634939917365855],[129.2965554888141,35.63572050100271],[129.29618459709127,35.63790894734808],[129.2963438393281,35.63934331356046],[129.2967501035845,35.64184590174105],[129.29718680502,35.64228410328622],[129.29728596309795,35.64257631546665],[129.29712825850507,35.64285702865191],[129.29670512838328,35.643257873018726],[129.29642441031953,35.64351182053793],[129.29642290786649,35.64351244155218],[129.29624563685127,35.644128727695005],[129.29623737072905,35.64418942309697],[129.29623426858757,35.64421370091422],[129.29624166544116,35.64438785500254],[129.29625730762754,35.64474149642678],[129.29699265711307,35.64646143318273],[129.29837025160037,35.64764707506451],[129.30078825615,35.64797554586978],[129.3016512541798,35.64807957686511],[129.3033134727579,35.65007965851099],[129.30383560525863,35.654712172906436],[129.30407973168053,35.65664151774245],[129.30427270702359,35.65700613107661],[129.3044893802883,35.65717430508226],[129.31046743802196,35.660194152792364],[129.3111424973828,35.66052443952689],[129.31262486735355,35.660253688358594],[129.31648283694545,35.65935425305801],[129.31657080323703,35.65933004028145],[129.31736656427714,35.65910791778153],[129.3174280599348,35.6590870185255],[129.31795081864257,35.65885000693844],[129.31804785760045,35.65880534711919],[129.3181295323257,35.658754354540505],[129.31910529068665,35.65793237991413],[129.3191170776732,35.65792243497053],[129.3222340049132,35.65812734356424],[129.3278206963178,35.65883635658678],[129.32868611628908,35.660409113584606],[129.32860988270994,35.66257280331263],[129.32862898159303,35.662660283835194],[129.32863982227948,35.66268907704502],[129.32982404646683,35.664401799094634],[129.32999971213735,35.66464084250118],[129.3303480995514,35.66507631172904],[129.3310307445973,35.66555655962749],[129.33254545929677,35.66652780882659],[129.3331001408909,35.66798153324449],[129.33382599880582,35.669399128342384],[129.33408875434387,35.669760507349],[129.33416768553772,35.66976953663588],[129.3357413840107,35.669136882317474],[129.3371546206772,35.669108337738145],[129.3373208043107,35.669127350633644],[129.3379117568629,35.669229356327094],[129.3400578631036,35.669636926806916],[129.34050884996608,35.66990847374927],[129.34586704199262,35.67391997494481],[129.34801323757574,35.6762696891022],[129.3483004711377,35.676756559231336],[129.3483634706507,35.6768574008511],[129.34875143604586,35.67717828896817],[129.3492334548186,35.67746989271182],[129.34983769933757,35.67776360061144],[129.35112250157607,35.67835178693434],[129.35355872577395,35.67938023028171],[129.35583228883357,35.67943952436786],[129.35925182046606,35.67936568311747],[129.36006360377462,35.67913451639209],[129.36055417821788,35.67888288895698],[129.3612332846084,35.67881085977709]]]]},"properties":{"name":"북구","base_year":"2018","name_eng":"Buk-gu","code":"26040"}},{"type":"Feature","geometry":{"type":"MultiPolygon","coordinates":[[[[129.37730721125206,35.426551581707045],[129.37726316235214,35.426550881976645],[129.3771965632167,35.42655313648572],[129.37715982874732,35.426555801041836],[129.37712338255508,35.42656120533247],[129.37707403354548,35.42657179745338],[129.37705950602341,35.42657588906457],[129.37704064673247,35.426583735247476],[129.37702938381432,35.426591243341484],[129.37701222865704,35.42660806921212],[129.3769893620947,35.42663517106607],[129.3769828528557,35.426644195524936],[129.37697619155202,35.42665615950152],[129.37697273765278,35.42667106845864],[129.37697212792767,35.42670791586828],[129.37697488047377,35.42677402844486],[129.37697827752757,35.42679881251429],[129.37699820512867,35.42691852569043],[129.3770012934117,35.42693380171588],[129.37700395317998,35.426939915941325],[129.37700737933974,35.42694516721496],[129.37701176144733,35.426949370482234],[129.37701718206665,35.426952571338305],[129.37713809817973,35.427296856965455],[129.37721435676798,35.428277273452046],[129.37726106299579,35.42888254898197],[129.37771412236893,35.434915593969826],[129.3780401345247,35.43923893063972],[129.37807248076734,35.43965329717327],[129.37808878292103,35.43982819053178],[129.37809080862556,35.43984909407459],[129.3780940915967,35.43986332665034],[129.38073365112575,35.44493645104196],[129.38085873663104,35.44515995863416],[129.38088867713748,35.44520754471091],[129.38091384739133,35.44523628948551],[129.38093311245456,35.44524343938503],[129.38093996405277,35.445243877120866],[129.38095346584174,35.44524121096423],[129.38097977203475,35.4452324222797],[129.38106090526094,35.44520275637948],[129.38112558770842,35.44517837008816],[129.38116256828908,35.445163299096016],[129.38118024158493,35.44515554644316],[129.38118666349143,35.44514850466306],[129.3811870816204,35.445143655194904],[129.38118328379593,35.44513232822759],[129.38069272256203,35.44421118697931],[129.3799718569585,35.442858255589194],[129.37835220949046,35.43981530508744],[129.37823720702463,35.43825899292573],[129.3781654360537,35.437272542788854],[129.37808306612234,35.43612250183411],[129.37808657356706,35.4357186857286],[129.37801329182565,35.434101963187295],[129.37800161522534,35.433948197812725],[129.37743451436899,35.426756297111105],[129.37742937200636,35.426709380828875],[129.37742332317887,35.42667314002369],[129.37741491885285,35.426641710302945],[129.37740365801503,35.42661647337504],[129.37739261064317,35.42659730035844],[129.3773831218112,35.42658595714838],[129.37736753038067,35.426572305390025],[129.37735134001971,35.42656189038695],[129.3773387723635,35.426556557709766],[129.3773318374095,35.42655464254637],[129.37730721125206,35.426551581707045]]],[[[129.15948456472066,35.71585939525013],[129.16031495909826,35.71481010603856],[129.1640844924036,35.71483039750685],[129.1658261471511,35.715000405097534],[129.166843712988,35.71552512320702],[129.16812552006317,35.715543299009816],[129.1710730671586,35.71464965603169],[129.17349199675317,35.714724976058925],[129.17645727176148,35.71565538596049],[129.1770749763802,35.71606194125882],[129.178431790045,35.717212583152005],[129.1809699391089,35.7214957943258],[129.18121839751564,35.722376873124844],[129.1811738403452,35.72331421494249],[129.181163800073,35.72352854355073],[129.1812927910079,35.723788924778844],[129.1817242322371,35.72366776512737],[129.18355637816373,35.72284287519827],[129.18549613553301,35.72182523965334],[129.18557501995338,35.72176749071193],[129.18623515566216,35.721284129912505],[129.18650138360283,35.72062701091287],[129.19081112321572,35.718864662563895],[129.1921433321295,35.71862865597464],[129.1922520545506,35.718589225461415],[129.1924192373553,35.71852831708977],[129.19265991094372,35.7184405841523],[129.19273239131448,35.718414062471325],[129.19716563758107,35.71610423232273],[129.1976456963117,35.71579431961555],[129.19775525952915,35.71564758993221],[129.19777344354867,35.71559276763749],[129.19806779569598,35.7145144120831],[129.19844639484427,35.714662810788184],[129.2006030051436,35.715795906177945],[129.2008289147244,35.715987755292],[129.20091321721023,35.716153187710596],[129.20096467076237,35.716254180302805],[129.2009713299357,35.716307848575745],[129.200993647977,35.71649158972265],[129.200919718434,35.717369504261924],[129.2009168874086,35.71740460758982],[129.20091641116156,35.71741236550003],[129.20108105560783,35.717950267141966],[129.20114181654134,35.71806291434601],[129.20123529149672,35.7182355054552],[129.20170139533258,35.71888700175888],[129.2052485721185,35.721094988581356],[129.20546622367857,35.721174206529035],[129.20658007863574,35.72143495248553],[129.20658180256726,35.721434921720395],[129.2070513968902,35.72142166490757],[129.2071045199763,35.72142012320033],[129.20822787928495,35.72123620529296],[129.2086303717505,35.7211691312066],[129.2089393732199,35.72108025116341],[129.2095486862527,35.720137174546224],[129.2092890852001,35.71885075502465],[129.21005568877223,35.7184027695519],[129.2114297182138,35.717395664174425],[129.21322531290153,35.71602685490683],[129.21383859416616,35.71559250241991],[129.2189824654579,35.713687094774144],[129.22187129744293,35.71199586520461],[129.22242346960476,35.7114275842554],[129.22436614715477,35.70956101085299],[129.2264636110803,35.70863357169537],[129.2268493872176,35.70889942708058],[129.2274265763387,35.70919524984898],[129.22832961628941,35.70929032551983],[129.2308804925924,35.708765521409155],[129.23176414081124,35.70843715511932],[129.2330676188888,35.707367482469486],[129.2337061302541,35.70614836953839],[129.23370975235372,35.70606748652699],[129.2337291228652,35.70562321755438],[129.23369712243255,35.70557762970319],[129.23346275622532,35.705244935644146],[129.23371645643192,35.70421612384309],[129.2340076188548,35.70387465599442],[129.234776610287,35.703794631090105],[129.23650133494584,35.703931270906835],[129.23650376616965,35.70393150987891],[129.23810498844244,35.704058448906125],[129.2394510810743,35.70404904754176],[129.24136783983315,35.703867801241],[129.2421501145109,35.703140424149645],[129.2439617641426,35.70260912129563],[129.24643168592715,35.70194160863648],[129.2492654625126,35.70175551868654],[129.24980705382734,35.701778483877824],[129.25095135401602,35.701972784113174],[129.25301744524853,35.70172788137845],[129.2534468040091,35.70161425293808],[129.25633007439666,35.70084914979139],[129.2563301776799,35.70084912214031],[129.25685043705957,35.700703365838336],[129.25911778115722,35.69813453096361],[129.26187932872537,35.69340314032148],[129.26253780908095,35.69156572890698],[129.26258885209566,35.69116112671967],[129.26259307194988,35.691127112491195],[129.26218608949677,35.68592908531826],[129.26186482342376,35.68531973542529],[129.2603015947231,35.684226995530494],[129.25940985533222,35.683703385890084],[129.258642869907,35.683111538131904],[129.25868722508437,35.68224836585531],[129.25958674152824,35.68045290577711],[129.26103172169385,35.67906970628008],[129.26078165781533,35.67699395201255],[129.25971990659204,35.672284203990685],[129.25957986407755,35.67200468905827],[129.259295762597,35.6714379986298],[129.2591861964216,35.671248009913505],[129.25910458282604,35.671106927723045],[129.25882030526307,35.6708274379261],[129.25881569185847,35.67082301763254],[129.25782938192427,35.67012109448261],[129.25653653676562,35.66892440041273],[129.25474504847722,35.66641176942499],[129.25500833961488,35.66410478608114],[129.25550370543715,35.660455676372976],[129.25774401251954,35.6589241530457],[129.25817311692583,35.65738825513456],[129.25987799601344,35.65488275359655],[129.260444839304,35.65463755995303],[129.2654762913656,35.65359580868948],[129.26794670033968,35.65246777273523],[129.26968965738308,35.65113968268924],[129.27323207107534,35.652566945683645],[129.27494798968578,35.65308742926297],[129.27495053853622,35.65308695986543],[129.275016631408,35.65307473288179],[129.27620818441585,35.652853424168825],[129.27744428082124,35.65201377091302],[129.27776849737344,35.651743513923414],[129.2810912666686,35.650596423821185],[129.28110977099087,35.65061648806486],[129.2816656896695,35.6511675663686],[129.2826092369353,35.6516044388102],[129.28267143727254,35.65163212084964],[129.28289855424413,35.65173312791335],[129.28540715674663,35.65052799991112],[129.28902015312556,35.64862773216402],[129.29015562677586,35.64787179537332],[129.29019851288302,35.647730471577624],[129.29023634032825,35.64760557628132],[129.29027522403803,35.64676785329868],[129.2906747295636,35.646249051720766],[129.29124829451987,35.645520260217204],[129.29154441721383,35.64519869248417],[129.29192984709053,35.64497328197009],[129.29489720265988,35.64410472053042],[129.29642290786649,35.64351244155218],[129.29642441031953,35.64351182053793],[129.29670512838328,35.643257873018726],[129.29712825850507,35.64285702865191],[129.29728596309795,35.64257631546665],[129.29718680502,35.64228410328622],[129.2967501035845,35.64184590174105],[129.2963438393281,35.63934331356046],[129.29618459709127,35.63790894734808],[129.2965554888141,35.63572050100271],[129.29677365486694,35.634939917365855],[129.29697273637424,35.634314509396575],[129.29711517845456,35.63398503712932],[129.29728291277962,35.633773023947086],[129.29747882182966,35.633525411442754],[129.29752022068928,35.633487132207016],[129.2977363729239,35.63328970776843],[129.29795379152213,35.63296592702368],[129.2981073785809,35.63240134938522],[129.2981441387945,35.63215565852958],[129.29816436200335,35.63200600679349],[129.2981499920726,35.63157356162195],[129.29813885073548,35.6314205332655],[129.29750105482387,35.62912642495497],[129.2969753271796,35.62827181368712],[129.29635291625314,35.62753934382941],[129.29568243175444,35.62712724183214],[129.29567543547904,35.62712170631922],[129.29478178724827,35.62641428855154],[129.29469085080828,35.626221816034686],[129.29459752433303,35.62602425758811],[129.29400402673383,35.620608122830625],[129.29410653659946,35.62014410151302],[129.29453313726202,35.61864892802155],[129.29464506544247,35.61840204649469],[129.2947011351517,35.61832254363295],[129.2954444851697,35.61790404295963],[129.29590639137052,35.61780982849933],[129.29662141455813,35.617570465212836],[129.29795525340313,35.61690932669289],[129.2982749598584,35.61667942399976],[129.2986409758885,35.61632841183741],[129.29978312147819,35.615037699900995],[129.30017770121646,35.614266388073275],[129.29950842944226,35.61062983521219],[129.29927481052968,35.609663857009295],[129.29851088702964,35.60873617776363],[129.2983222063025,35.60863805091077],[129.2978110930088,35.60837224066174],[129.2961000460685,35.60648450744862],[129.29230034180185,35.60136503058486],[129.29073116771292,35.59771667352232],[129.2903223871479,35.594326430372185],[129.29044785248772,35.59325255331615],[129.29108477174623,35.59133762838889],[129.2934491797541,35.58639677577068],[129.29349286431983,35.58631280412666],[129.29386637210857,35.58542970962117],[129.29374473041707,35.58502360575505],[129.29346043343295,35.58443666324144],[129.29305232274075,35.583973470457316],[129.29268522460288,35.58367108379435],[129.29218014843306,35.58223591221376],[129.29216183689934,35.582175254864325],[129.29214350199604,35.582096711828925],[129.29227611191044,35.58172252254475],[129.29414032260604,35.57657296189164],[129.29453891598834,35.576131155631536],[129.29156614996165,35.578012295829815],[129.2888899859393,35.577897951965824],[129.28674181900848,35.57786858964269],[129.28572891009924,35.57793248589842],[129.2856393718809,35.57794146657415],[129.28455845918245,35.57827217787912],[129.28416368275526,35.57856587016033],[129.2807838936965,35.58109142561957],[129.2817819014666,35.58396425470908],[129.2829839771259,35.5838572290217],[129.2831003230852,35.58382620455749],[129.28309822195592,35.58384701196018],[129.28306461184013,35.58413928638204],[129.28106612385358,35.584789478271],[129.27095501807923,35.587316312167715],[129.2706315600046,35.587390183276604],[129.27048734454718,35.58739800362991],[129.26767815747672,35.58719586250514],[129.26748656145682,35.58711637909335],[129.2649190488143,35.585681010614465],[129.2594500297356,35.58751619097273],[129.25862456696927,35.588085037346495],[129.2578052190918,35.58879739359519],[129.25705518764084,35.589447841454025],[129.2567278794787,35.58961896757391],[129.2558862244851,35.58987168347365],[129.2550320193947,35.58950174792293],[129.25343472997295,35.59013744090268],[129.2533893922458,35.59015209224936],[129.25272877791812,35.59025593785605],[129.25263076889172,35.59010581643166],[129.2526119311909,35.59007696056881],[129.25258417371398,35.5897212716052],[129.2525998940434,35.58929264839448],[129.25320212499284,35.588446958441715],[129.25412476098123,35.58818039987751],[129.25548843782764,35.583558981625025],[129.25515847096082,35.58309390024871],[129.25498348109406,35.58263050049613],[129.25483198630775,35.58195723251638],[129.2554241489338,35.58014870382087],[129.25683217253393,35.5785679224878],[129.25798204223267,35.57869643842374],[129.25878086705322,35.57834728032154],[129.25924942211742,35.57764398645137],[129.25972249327705,35.57471071793013],[129.25974355313127,35.57427397025959],[129.2585302475329,35.57436707177193],[129.25779526064196,35.57393757698493],[129.2568277691873,35.56708856966835],[129.2568737387328,35.56697481995394],[129.25700577105857,35.56673001997956],[129.25751083179105,35.56654364272504],[129.25785580304662,35.56628864511773],[129.25817875750178,35.565689150292656],[129.25876095045055,35.562657306778604],[129.25888528949196,35.56152792141482],[129.25935551223313,35.56147572280705],[129.25983830081864,35.56144875098799],[129.26036790554966,35.56142972464863],[129.2605409434596,35.561422060381915],[129.26070210066175,35.561407618692016],[129.26092285202202,35.56138516067789],[129.26118263000978,35.56133341674981],[129.26161802573387,35.5611879744429],[129.26177720121763,35.56110309918787],[129.26218360896664,35.56083249125812],[129.26223018400378,35.56080029492922],[129.26238697298538,35.56066625776167],[129.2625212979087,35.56054769985532],[129.26275805964585,35.56033848506408],[129.26288894571084,35.5602076388309],[129.26534010146452,35.557406563837375],[129.26563609127084,35.556905695803955],[129.2640395949854,35.555962045032814],[129.2631310373171,35.55643584632884],[129.26303083922468,35.55648806759584],[129.2627706296752,35.5561741716097],[129.26168599057476,35.55446460217907],[129.2606905842876,35.55233167253979],[129.26168948621293,35.55168232141785],[129.26028255649388,35.55174361654068],[129.25881336368323,35.5527114430312],[129.25845902750882,35.552932655351135],[129.25809295489728,35.55316119231106],[129.25798849809283,35.5532263975462],[129.25768708633643,35.553402969466184],[129.25696294470737,35.553827123625666],[129.25676655623266,35.55393362145525],[129.256693417014,35.55397325272597],[129.2559182541421,35.554345051766404],[129.2546089309791,35.55341523916517],[129.2544083501532,35.55325081428202],[129.25432643627565,35.553155720146314],[129.2542082084624,35.55301608726075],[129.25414359238354,35.55293919725029],[129.25390942014926,35.55265943977066],[129.2531960257708,35.551586770211124],[129.25317913782024,35.55144124662273],[129.25319698737857,35.55136802127733],[129.2532282492863,35.55123979541226],[129.25324164139835,35.55118487812846],[129.25326810252392,35.55107621663018],[129.25327692149514,35.551039966098905],[129.25330399670872,35.55049318563954],[129.25330399424058,35.5504924644562],[129.25329876408213,35.5504775139248],[129.2532908628095,35.55045499698671],[129.253221913199,35.55027136768554],[129.25226527708767,35.548486694701666],[129.25213463414693,35.54832362366254],[129.2493623156469,35.5454535200123],[129.24719381593857,35.54389458999628],[129.24395794346347,35.54223315026477],[129.24199716711138,35.540052986122696],[129.24034087188548,35.53976559311531],[129.23881162090754,35.53986745651577],[129.23771002790474,35.53824585434879],[129.23737280107855,35.537650316434686],[129.23653927026027,35.53617209658511],[129.23654139633788,35.53617146374169],[129.23893464265927,35.53593277882798],[129.24334748522554,35.53536480006279],[129.24559683041886,35.53609595993731],[129.2458726219442,35.535748286420635],[129.2460365531143,35.53554103322228],[129.24671009284438,35.53468770741344],[129.24690318912033,35.53441267202698],[129.2472066025303,35.53396850693585],[129.24778918565443,35.53334620964176],[129.24784888836354,35.533334217523446],[129.24829729287273,35.53324415201026],[129.2492742115589,35.5331413299091],[129.25385108503448,35.53272871709426],[129.2543635213091,35.533050569682786],[129.25438822585133,35.53307678179941],[129.25468457153212,35.53339123460306],[129.25473937966242,35.533449577066186],[129.25508806399787,35.5338214587847],[129.25470778484268,35.53461999413399],[129.2546211426609,35.53496498528384],[129.25462052186646,35.53496747351464],[129.25556762925552,35.534806359153656],[129.2572131245531,35.53435717270936],[129.2578487902801,35.5322581646541],[129.25757974865292,35.53158366513451],[129.25891845571783,35.530353410407336],[129.26072634700233,35.53021133431365],[129.26258079596911,35.53044431175724],[129.26394142026865,35.53079671143207],[129.2643733127974,35.53083991658403],[129.2672131047156,35.53068720578712],[129.27235828547356,35.52984961337713],[129.27428524901103,35.529208289101874],[129.274472435304,35.528942397756744],[129.27465160404722,35.528679669478606],[129.2748460653257,35.528394491478274],[129.27385204417405,35.52721943036308],[129.27384039872967,35.52720601932224],[129.27366455516471,35.52700355082491],[129.27354869858118,35.52680697919695],[129.27325299147114,35.526285155544834],[129.27325419124082,35.52628094220732],[129.27339927456646,35.52577194275443],[129.273535443016,35.52531353255023],[129.27471470184537,35.52367031723766],[129.27598174261607,35.52259915104688],[129.27688241154792,35.5218598273921],[129.2777561839176,35.52198267679581],[129.2792734843115,35.521571238200906],[129.28014489154512,35.5210126596085],[129.2806548385151,35.52068291146756],[129.28351184174142,35.517136164482686],[129.28674297869452,35.51599178378661],[129.28680068975845,35.51595526624563],[129.2882585725391,35.5149697206216],[129.28825842763527,35.51496905384004],[129.28822402301142,35.514817653726034],[129.28839916000112,35.51235248395242],[129.28857207115573,35.51119083066112],[129.28901425587875,35.50909700629938],[129.28978506712912,35.50848990038451],[129.2907509456158,35.50874235780371],[129.29076131050587,35.50874328753402],[129.2925133251028,35.50539328112482],[129.29342478067866,35.50360571264791],[129.2949121455705,35.5025297831854],[129.29651959937894,35.50137633534552],[129.2969986462914,35.50060072216904],[129.29713427485984,35.499368925454],[129.29725391746675,35.4987955855729],[129.29872058161416,35.4970839531247],[129.3009030335002,35.49509884962668],[129.3024617292778,35.4947219508211],[129.30292432983677,35.49473233214634],[129.3038348317537,35.49512796080553],[129.3044598869412,35.495406832469214],[129.30521624466598,35.49576502796324],[129.3052171962118,35.49577474115718],[129.30524965878814,35.49591117865141],[129.30526693295366,35.49598230272032],[129.30529536935174,35.49608542065923],[129.3053898714231,35.496318160625826],[129.30563570865857,35.4968063246884],[129.30583461262452,35.49714614566885],[129.306179534751,35.49760710996558],[129.30748065776694,35.49716474053749],[129.3075314834737,35.497140366222844],[129.3078378222164,35.49692891906038],[129.30791528449976,35.49679134685327],[129.30791232074375,35.49678876604195],[129.30789735639462,35.49671653857114],[129.30792054628856,35.49658618782609],[129.30801592615302,35.496363612884544],[129.30846687724784,35.49548806968729],[129.30899231000154,35.49450829708736],[129.31048044536382,35.492600857620715],[129.31403101726042,35.49113593259657],[129.3188579603784,35.49101810605178],[129.31912519719148,35.49020388785685],[129.31943222023588,35.489282644333514],[129.3200823469847,35.48744450936558],[129.32166487945173,35.48718188647487],[129.3231517597666,35.487192735290606],[129.32351318350945,35.48744662391482],[129.32403646328748,35.48782051956983],[129.3249753731685,35.48844333725488],[129.32614151241984,35.48920245600044],[129.32693102880202,35.48921201348221],[129.3292508416709,35.4867155433215],[129.32901596797896,35.48659702796692],[129.32897411624066,35.48643968546298],[129.32913356434634,35.486193377757054],[129.32943892524625,35.485895479061114],[129.33055845242873,35.48555192031439],[129.33115649035048,35.485551012651555],[129.33122281266083,35.485439516482025],[129.3322009566865,35.48400955715761],[129.33341700843314,35.48314870152601],[129.33475879076428,35.48278232036529],[129.3357803974826,35.482507319477605],[129.33759680426627,35.480876433247964],[129.33890576976435,35.47916558867104],[129.3392251768703,35.47672968279086],[129.3392225973896,35.47530687620025],[129.33912072497316,35.475291821332355],[129.33791313666967,35.475113372591295],[129.33677300125282,35.474962720825935],[129.33684048057984,35.47419634380977],[129.33686792475405,35.473980992592566],[129.3368898563437,35.4738180567775],[129.33698733038844,35.47340343814074],[129.33712487386484,35.47325129475135],[129.33754448908172,35.472842061894596],[129.3383173258817,35.472507326478706],[129.34104267633157,35.47013917750493],[129.34359258720824,35.4673557817407],[129.34737552756508,35.46430741731949],[129.34737870396174,35.46430272225255],[129.34738285020916,35.46429369766028],[129.34795023905622,35.46209854834309],[129.3482293505342,35.46083509805657],[129.34840915933788,35.45997121485021],[129.34840869423851,35.45996572089436],[129.34840658451472,35.45996202992955],[129.34839576288766,35.459956202381534],[129.34747294108078,35.45983024517234],[129.3474947513233,35.45955571543884],[129.34749698881728,35.45953021140994],[129.3498948380564,35.448237312512674],[129.34991553010016,35.44821900096217],[129.35203871181605,35.44748475100031],[129.35219888432277,35.4474390361311],[129.35248414810354,35.447574840916616],[129.35455509395612,35.4490137559235],[129.35978627924578,35.447911729039475],[129.36011031054724,35.446316535925924],[129.35884639317393,35.442899655791955],[129.35881080212204,35.442821618312024],[129.35608049265815,35.44178048503036],[129.3539945023055,35.44097958563729],[129.35388267925225,35.44092177933219],[129.35385227109137,35.440843721976215],[129.3552283255154,35.438262920387466],[129.3650237921201,35.44139172096044],[129.36505678477113,35.44140523339975],[129.36511161407495,35.44144950003257],[129.3651385972515,35.441473844224426],[129.3651646160006,35.441504229076486],[129.36574886865256,35.442562573844796],[129.36669040562782,35.44435562621633],[129.3682350194792,35.44724156434885],[129.36910568115835,35.448787384954336],[129.36945315726865,35.44898578949149],[129.37299284998414,35.44763331372816],[129.37373693551373,35.44707058806515],[129.37236272060522,35.44527934014043],[129.3700568328248,35.443742734968744],[129.36649454577116,35.43704954463335],[129.3693214195897,35.43604159676071],[129.37144114448287,35.43528541212518],[129.37144823165892,35.433391923721594],[129.37364157133698,35.431238550492914],[129.36743612332984,35.430918996718425],[129.36387514628993,35.428241035810736],[129.36172344660295,35.42612953766567],[129.35882234658507,35.426458791254134],[129.35377009843089,35.427018541046095],[129.35289169883237,35.42707095452752],[129.35284054424193,35.427057223335545],[129.3528146982961,35.42703954446203],[129.35279830803222,35.42701786914354],[129.35278212015908,35.426967623207204],[129.35276701742947,35.42688772209272],[129.3527631587564,35.42686150367757],[129.3527623995666,35.4268135560266],[129.35276607695064,35.426798494612264],[129.35277263279536,35.42678657681046],[129.35279010449628,35.42677805429728],[129.35334626745737,35.426668090115896],[129.35714008350277,35.42605791593864],[129.36403948885112,35.42492284025193],[129.36414259718762,35.424882960444634],[129.3642170343279,35.42480937001205],[129.36424263307734,35.42474782260391],[129.36424471524057,35.424720416608906],[129.36424705744594,35.42462955741633],[129.3642518295357,35.42387955906588],[129.36423775838458,35.422955664728256],[129.36391461192684,35.41517019317965],[129.36231398733307,35.41478048211976],[129.35625761095505,35.41330459219014],[129.35624484355301,35.41044124090597],[129.35995478330537,35.410614627299005],[129.36000622050275,35.41061979040643],[129.36003685708033,35.41062673079401],[129.36009936183356,35.41064475040756],[129.3601285890232,35.41065620027781],[129.36025544448967,35.41071179387069],[129.36070776073245,35.4109189184692],[129.3608663199613,35.410998030442435],[129.36260262831044,35.410897020949044],[129.36264387903057,35.410889145346204],[129.36266310795207,35.41088070613127],[129.36268845284988,35.41086116133522],[129.36271189071746,35.41083378285317],[129.36277622657286,35.410744267764834],[129.3627865695405,35.41071854815797],[129.3627940831798,35.41067535376687],[129.3627982798192,35.41062928239648],[129.3628129871198,35.40924346548457],[129.36281064316614,35.40918650902596],[129.36260810815304,35.40651082825152],[129.36218579649068,35.40587487323684],[129.36212477826479,35.40579429828418],[129.3599164998983,35.40311794818994],[129.35987456491915,35.40309463873136],[129.35982781367147,35.403077652819725],[129.35944177163384,35.40303418713181],[129.3568591766809,35.40300894614577],[129.3539639051575,35.40245149023334],[129.35412170185862,35.39794611595419],[129.35412352229363,35.397924162838194],[129.35443782130216,35.39660479141725],[129.35449804176392,35.396440836074454],[129.35458947468263,35.39632317085358],[129.35516701045495,35.39522421894516],[129.3555126120044,35.39456445566863],[129.35548982459807,35.393909524420756],[129.3554891711047,35.393903587979246],[129.35542124392998,35.39381513507451],[129.354312865232,35.392958900175685],[129.35401893250543,35.392845979818574],[129.35078651454964,35.3921137125193],[129.35075501495012,35.392106820734824],[129.3507192656735,35.39210185662607],[129.35068080870798,35.39210462945587],[129.35064241200044,35.392113796800736],[129.35032754263815,35.39219216095888],[129.34976233206544,35.39226899662565],[129.3497101982251,35.3922729955548],[129.349656213356,35.39226883511848],[129.34959027807125,35.39226069621933],[129.3495468820887,35.392251611683434],[129.34949625427586,35.39223719264304],[129.34944149213698,35.39221895490664],[129.34933660070777,35.39218189814942],[129.34930923240478,35.392167889154535],[129.34916407328348,35.39207658174387],[129.34861890823768,35.39145515507582],[129.3482845771224,35.391015754758726],[129.34740717935958,35.39055234192622],[129.34734971211546,35.39052616244108],[129.34734495732727,35.390523804645554],[129.34733905565054,35.39052068727366],[129.34733322823917,35.390517350595154],[129.34732881282025,35.3905145224183],[129.34732448641648,35.39051144586039],[129.34731960446027,35.390507663788014],[129.34731552987174,35.39050433275257],[129.34730790577342,35.39049761937626],[129.347303860116,35.39049381910211],[129.34729977237217,35.390489911287915],[129.34729571431504,35.39048585697158],[129.34729175755032,35.39048180290882],[129.34728792106569,35.390477712748],[129.34728417102224,35.390473550945494],[129.34728068601638,35.3904694247563],[129.34727747742366,35.39046535023395],[129.3472729256776,35.390459055051394],[129.34726994409647,35.3904544108955],[129.34723647328016,35.390400250438596],[129.34723362327938,35.39039538970493],[129.3466184143215,35.389887198595744],[129.34652262576395,35.38962051732716],[129.34697993838995,35.38811315580525],[129.34728581656046,35.38694422108324],[129.34768423557398,35.385187799009095],[129.34747363998568,35.38499675681002],[129.34720149148885,35.38471600306493],[129.34711441166206,35.38462602955444],[129.34687740133484,35.38437765976463],[129.34685723805228,35.38435457875703],[129.3468157961362,35.38430691019761],[129.3467335925598,35.38421165999712],[129.34665176387227,35.38411642744441],[129.34663096446428,35.38409189924744],[129.34659005622194,35.38404290440639],[129.34655291508096,35.38399226526227],[129.34626786385965,35.38358830851537],[129.3460805603132,35.38330623525068],[129.34595024022536,35.383105155259585],[129.34587626359698,35.382982236899615],[129.34551150889965,35.38209161432016],[129.34545800720716,35.38195672059909],[129.34518968069196,35.381132634995616],[129.34513218946435,35.38092904580169],[129.34510745396537,35.380837004009976],[129.3451005917293,35.38080994567713],[129.34508696463647,35.380752563976294],[129.34504574280092,35.38055182926854],[129.3450290933591,35.38046739547428],[129.34500732509454,35.38035356697927],[129.3450015731744,35.38032344269619],[129.34458861091503,35.37810396405066],[129.3446058053669,35.378058244402595],[129.34486124370437,35.37786644409294],[129.3448670231401,35.377862111407175],[129.3448694946562,35.377860625797794],[129.3448740637226,35.37785844101769],[129.344876688441,35.377857495790785],[129.34487950375404,35.377856702716365],[129.34488629841653,35.37785557479757],[129.34505321764576,35.37784113042619],[129.34517572828778,35.377859877076894],[129.34528023348827,35.37794226557492],[129.34538186728318,35.37804356331199],[129.3455165238223,35.37796544913371],[129.34564911118977,35.37780762589204],[129.34557561284936,35.3773881552165],[129.3455684630066,35.37735996355483],[129.34556564315778,35.377351761224155],[129.34556476392748,35.37734988865216],[129.3455626035994,35.37734647780608],[129.34556117631627,35.377344707367115],[129.34554384343377,35.377331741305156],[129.34554164648705,35.377330395527345],[129.3454605273329,35.377283523725644],[129.34545863045332,35.37728259347591],[129.34545329783637,35.3772807330473],[129.34545125928645,35.37728025212198],[129.3454435393634,35.37727903038996],[129.3454354257672,35.37727840607722],[129.3454331695469,35.37727842071383],[129.34542936334904,35.37727872047519],[129.34542754997938,35.37727904027611],[129.34542576870894,35.37727951284711],[129.34542410944002,35.37728012239016],[129.3454227025345,35.37728079298796],[129.34542142904482,35.37728161841408],[129.34542033310908,35.37728260340339],[129.34541946874472,35.377283606491574],[129.34541871509083,35.37728473410288],[129.34541813599404,35.37728588969943],[129.34541732566024,35.37729496788957],[129.34541738237007,35.37729755442121],[129.34541715090475,35.37730015076474],[129.34541610582642,35.37730530185987],[129.34541571409673,35.37730656458083],[129.34541520167915,35.37730774800769],[129.34541446900613,35.37730883022181],[129.34541358237152,35.3773097254663],[129.3454124652827,35.37731045834963],[129.34541118978976,35.377311002528145],[129.34540963742157,35.377311376039366],[129.34540798851657,35.37731157071896],[129.34540104373562,35.37731151814934],[129.345397277776,35.37731116819161],[129.34539363293266,35.37731052969609],[129.3453918807673,35.37731005701597],[129.34539004025237,35.37730937833312],[129.34534428368676,35.377286651954],[129.34534254076277,35.3772856183788],[129.34534113916038,35.37728458860446],[129.3453399665432,35.37728346337557],[129.3452874353654,35.377225235348185],[129.34528398537503,35.37722135917413],[129.34528179293568,35.3772183743366],[129.34528077288147,35.3772166012792],[129.34527998331527,35.3772147020923],[129.34515733288515,35.37688902551799],[129.34515653036095,35.37688684705296],[129.34514462341437,35.37682724290639],[129.34514391482705,35.37680840448819],[129.3451441996394,35.3768052501829],[129.34499227746096,35.375652262098825],[129.34497857311024,35.375517183810814],[129.3449788704131,35.375501815349],[129.34501262742063,35.37517713561446],[129.34501844291196,35.37516549995655],[129.34507562907436,35.37506093758691],[129.3451170492736,35.374998474181716],[129.34512586311334,35.374985388131286],[129.3451398647276,35.37497312617268],[129.34582360013377,35.37458719899199],[129.34651684659187,35.37424429702356],[129.3465556788732,35.37422522199549],[129.35197999159664,35.37239203686226],[129.35212192220956,35.3723508569288],[129.35215840586983,35.37234161939454],[129.35220886755863,35.37233292841632],[129.35322358726287,35.372173560195215],[129.3533005226692,35.37216237646973],[129.35335120022404,35.37215764844509],[129.3533813584279,35.37215665924297],[129.35340667796726,35.372158748176915],[129.3534391004014,35.37216464618106],[129.35346043326567,35.37217145178225],[129.35348502424213,35.37218316941899],[129.35430627609549,35.37201455196013],[129.3553193210995,35.37176634601148],[129.35532512995823,35.371763245679176],[129.35532876233557,35.371758539790626],[129.3553321548944,35.37174941647489],[129.35555928312223,35.36943338746303],[129.35468327779046,35.36804149768056],[129.35456266776131,35.36782539131064],[129.3545259976749,35.36771901451163],[129.35451675472441,35.3676380130993],[129.3545334604216,35.36731660563127],[129.35455305147866,35.36718692057991],[129.35460593663484,35.367025798235346],[129.35467110184462,35.36688293629407],[129.35475886895193,35.36674064867453],[129.35486223864288,35.36662512953454],[129.3549731475097,35.36653068776533],[129.35510471803258,35.36645534581919],[129.35524322972665,35.36639254923928],[129.35530754447578,35.36637743452077],[129.35626511977026,35.36625557749867],[129.35776145746013,35.365882570797],[129.3603929660863,35.36467403635904],[129.36040211673347,35.36466820317298],[129.3606163382105,35.364487318576245],[129.36136034513527,35.36327970197654],[129.36140435516546,35.36317313359951],[129.3615385989951,35.362782115565025],[129.36156888147264,35.362690938639425],[129.36157536727637,35.362662815490744],[129.3619454348687,35.360274416475846],[129.36184654914044,35.35945429138716],[129.36174662542027,35.358779319742276],[129.36084981922625,35.35721047769815],[129.36029385758667,35.35664205839345],[129.36003322385625,35.35641055472571],[129.3590651871142,35.35559550069891],[129.3589959627921,35.35554601686305],[129.35885999623073,35.35546333584111],[129.35841055000387,35.355283502586786],[129.35775789029663,35.35513406917351],[129.35473166071623,35.35484033238552],[129.35373712571544,35.35491292011326],[129.35004842747077,35.35485643782946],[129.34632061107538,35.35217629797362],[129.34511828716535,35.351818675102734],[129.34505709149025,35.35180737573931],[129.345048941105,35.351807633623416],[129.3449349872373,35.351820613996864],[129.34478569773117,35.3518752347907],[129.34475748176925,35.35190952186501],[129.34469856420452,35.3519836711768],[129.34468192081104,35.35200782859658],[129.344672965912,35.352056606780515],[129.34478647558734,35.35233823552688],[129.34488320929142,35.35246933842545],[129.34499659372418,35.35264527639967],[129.34500203923176,35.35267093930725],[129.34486945986376,35.35357984555307],[129.3448442775292,35.353740831426],[129.3448166927496,35.353859099545886],[129.34478885707713,35.35390539107936],[129.34124646862918,35.35623670719398],[129.34097363038939,35.35640537704665],[129.3407607812874,35.35650961914275],[129.34055031232944,35.35659695687307],[129.3403695827723,35.35664688548522],[129.3401979563203,35.356670442286664],[129.34005138579857,35.35668363545056],[129.33880615736723,35.356729206620884],[129.33856961535707,35.35673306962284],[129.338116829784,35.356714346281436],[129.33792037779807,35.35669702142646],[129.3376389200931,35.356660160079365],[129.337326362254,35.356615976328825],[129.33694640217044,35.356533880987854],[129.3366245455321,35.35645177390334],[129.33595855494949,35.35624658181814],[129.33532690282993,35.3559838421816],[129.33519836344692,35.355911390811954],[129.3351765623104,35.355899100433405],[129.3351743440437,35.355897848534866],[129.33488985812477,35.35571823585633],[129.33474136647888,35.35560456579629],[129.3342068859944,35.35517965451733],[129.3341403175433,35.35512450650355],[129.3341276737963,35.355111004087036],[129.33374269315442,35.354638160041866],[129.3337367305945,35.354629776083115],[129.33359684274876,35.35437093281181],[129.33323886340744,35.35326178307414],[129.33322863812572,35.35322624453609],[129.3332722036644,35.352907272206195],[129.33327526992613,35.35289025513644],[129.33336174461198,35.35275964090323],[129.33341267558788,35.35270419524224],[129.33284603782678,35.35022236897766],[129.33228230693948,35.34786919637986],[129.32925658450634,35.3471612262833],[129.3280281996611,35.34699520756389],[129.32790244839006,35.34741977860059],[129.327875748758,35.347479714739194],[129.32784548602376,35.347509468942974],[129.32763234030375,35.347629509022525],[129.32743337619573,35.34769449181479],[129.3272414047395,35.347731200843896],[129.3271791664644,35.3477359032045],[129.32571558409091,35.34769475190655],[129.32513628076998,35.34765117432011],[129.3226694337734,35.346564774498106],[129.3221951460179,35.34621143761916],[129.3220494697978,35.346032929506165],[129.32069628385602,35.34323772699866],[129.32033301978913,35.341914488290286],[129.32033838044552,35.34052431714914],[129.3199292419653,35.339859716203904],[129.31990205876392,35.33981418120504],[129.31987724723157,35.33975949950272],[129.31986402940902,35.339710178668916],[129.3198533400885,35.33964330099663],[129.31985243410634,35.33960643977886],[129.31985773318365,35.33956122338934],[129.31987311276788,35.33949462027981],[129.319905805785,35.339397405131656],[129.31992004995595,35.33936926446224],[129.3199376269179,35.3393496166101],[129.3199592403609,35.33933814625512],[129.31999202763907,35.33932892014225],[129.32003657158094,35.33932447543863],[129.32009553124152,35.33932720444262],[129.32014867559195,35.339326036190755],[129.32018849666406,35.339320387784674],[129.3202122164116,35.339310311899204],[129.32021919898278,35.33930464060853],[129.32061182185438,35.33877662000114],[129.3206123460923,35.33876977841691],[129.32060689546333,35.33871819137099],[129.32043831406867,35.33847070998434],[129.32041853462727,35.33845082602022],[129.32040495045786,35.33844236141963],[129.32039671054292,35.33843965289671],[129.32038866171393,35.33843722277586],[129.31928247212727,35.337917369343614],[129.31926365332555,35.337914697387056],[129.3192458322113,35.33791726639897],[129.31858224486263,35.338046674158505],[129.31836334756906,35.338224901442],[129.3183663652411,35.33831861462109],[129.31836417753033,35.33833558210697],[129.31835482504883,35.338357653744374],[129.31833247615924,35.338380786410184],[129.3182300910497,35.33848166240913],[129.31812675709236,35.338565343961314],[129.31800280721941,35.338650916872076],[129.31790346448014,35.338706213542224],[129.31777555290796,35.33877222285177],[129.3177729386159,35.33877300324302],[129.31769092072955,35.3387973921179],[129.31759781864176,35.338817149640114],[129.3175075860802,35.3388341629142],[129.31743976961758,35.33884438937439],[129.317183826936,35.33887297654558],[129.31706830086262,35.338882084652504],[129.3170332607251,35.338880922018106],[129.31665206658093,35.33886520161426],[129.31654879701685,35.33883891974718],[129.31647665131786,35.338816872416665],[129.31644441749893,35.33879893119513],[129.31640704473594,35.33877190933721],[129.31636509931892,35.33873711818455],[129.3163224984928,35.33868985591322],[129.31540898525205,35.33660790287563],[129.3154107535049,35.336593404746594],[129.31551066408377,35.33633564210143],[129.31561684956128,35.33613708138515],[129.31534197524837,35.33543540340476],[129.31286098468937,35.33056070064546],[129.31157942054492,35.32950053008235],[129.30855306864598,35.32833881624878],[129.30817369073677,35.32820540388157],[129.3077483729397,35.32810671977465],[129.30745225928268,35.32806796971049],[129.30736145890754,35.32805697636432],[129.30725317718927,35.32805286349026],[129.30716626070355,35.328056914610926],[129.30710085177887,35.328065245590174],[129.30705900387392,35.32807679980283],[129.30699594071135,35.32811825810158],[129.30696041797262,35.32814462206492],[129.3069372976339,35.32818531368019],[129.3069204926523,35.32822307641802],[129.30691156641714,35.328282181754936],[129.30691475634015,35.32836390603943],[129.30692108851704,35.32843852965475],[129.3069370794972,35.328479345163146],[129.30696773796393,35.32849549147372],[129.30705682697172,35.32852456864961],[129.30713701910886,35.32854320185322],[129.30721566568477,35.32854844672435],[129.3075830605836,35.32856365579062],[129.3077675808445,35.32853173827756],[129.3078020092732,35.328518284347886],[129.3078048550238,35.32850874129914],[129.30779625481878,35.32849729950318],[129.3077504096734,35.32844960649023],[129.30774985454988,35.32844562455375],[129.30777620776027,35.328448748218875],[129.30788855286966,35.32846803234371],[129.3080137233969,35.32849948288948],[129.30813894695783,35.328538940034974],[129.30829464134112,35.328594397971436],[129.30840813326478,35.32864025642507],[129.30856810080172,35.328711315313576],[129.3086544671488,35.32875936989472],[129.30880919082568,35.32885120820447],[129.30885219631264,35.32888053555198],[129.3089335940311,35.328937337150926],[129.30907350469212,35.32904755573088],[129.30934340670777,35.32937362343213],[129.30936027983995,35.32939709589128],[129.30936951849478,35.329410810723346],[129.30945701859847,35.329650115882],[129.30945652973566,35.32965414409081],[129.30945459888358,35.32966464894893],[129.30800197936762,35.3308017178458],[129.30702769385465,35.33078521417792],[129.30696378395953,35.3307833947425],[129.30674692777654,35.33076135559068],[129.30628595873577,35.330702640288294],[129.30621661239215,35.3306885757783],[129.305116779751,35.33031486172727],[129.30504040985764,35.33028374141576],[129.30487889047723,35.33017466483941],[129.30483740484232,35.33011609248139],[129.3048328643769,35.33010207994621],[129.30482876423042,35.32988602267439],[129.30446406048912,35.32999439769002],[129.30418591946005,35.330135650752865],[129.30413958676917,35.330162337550334],[129.30270692164024,35.332302111138354],[129.30236855609064,35.33303309029272],[129.30222722787244,35.33346605098137],[129.30218372301655,35.33362837027051],[129.30226849868308,35.333891166051586],[129.30231746684936,35.33404257520257],[129.2999377306551,35.33596831319164],[129.2918892541842,35.33681723354132],[129.28977477357637,35.33926488458643],[129.28600220601504,35.33929177756581],[129.28557295175963,35.33922977523933],[129.28550672456774,35.339220890811745],[129.28172651652477,35.340284199805765],[129.2811336054373,35.34057401559022],[129.27966242491595,35.34137064720536],[129.28082272756217,35.342927217773386],[129.28210199814478,35.34389765678977],[129.28344951840782,35.3454357396158],[129.2838808536963,35.34608370388255],[129.28493108445178,35.35073205506791],[129.28433149826034,35.35233788670565],[129.28415696951168,35.352779907117416],[129.28398215607785,35.35307775175802],[129.28325814763966,35.35368332791013],[129.28318881039664,35.35372321054544],[129.28278595853547,35.35395482475647],[129.2826264156557,35.35409934435089],[129.28212802356148,35.35455127210245],[129.2811301381952,35.355526941448936],[129.2805161967055,35.35622236876154],[129.28094436047962,35.35907862392727],[129.28127251311912,35.360785626317664],[129.2815012433144,35.3610962683372],[129.28173544360118,35.36152788237858],[129.2819341210961,35.361906255298905],[129.2823588508972,35.364014522907205],[129.28223140417595,35.36532477144405],[129.28091181530084,35.36558621197096],[129.2795379693093,35.366094210248136],[129.2794282106387,35.366139510399705],[129.27834482291462,35.367944648150875],[129.2775703406938,35.369929243010105],[129.2775705113232,35.36994726057346],[129.2773441785064,35.371362858480914],[129.27684065636407,35.372139106403935],[129.27234580938534,35.37721473519474],[129.27117056272738,35.377911379931625],[129.26807621084816,35.380640230894514],[129.26625930191472,35.38373575756803],[129.26610680255246,35.38415973816589],[129.26578021087533,35.3852689845307],[129.26552213236982,35.38714429032406],[129.26333798851232,35.38564393314038],[129.2619386257319,35.38510611261777],[129.25846877070654,35.38420318503283],[129.25797311946985,35.38412318270058],[129.2578301510648,35.38415048961593],[129.25746725867845,35.384232449574114],[129.25581868071288,35.384929910522054],[129.25544519404903,35.38513793652552],[129.25486283677085,35.385463760386855],[129.25479379370435,35.38556514976384],[129.25471913011756,35.385674960960415],[129.25470922572114,35.385689357393616],[129.253775602768,35.386281079819014],[129.25289705405365,35.38683783449114],[129.2506422352563,35.387365171181514],[129.25029925738397,35.38675304495928],[129.2508247974695,35.385841603041456],[129.25087628829618,35.38472385271103],[129.25074350235167,35.384498805827874],[129.24983855391375,35.383671447571906],[129.24879119966275,35.38315084905917],[129.2484583198919,35.383075241992714],[129.24800399653844,35.382972185028756],[129.24724102618885,35.3827991181933],[129.24693008878197,35.382758154187506],[129.24683116438052,35.38274928829809],[129.24680915263232,35.382749278467266],[129.2419794227994,35.38335386877914],[129.2402211161011,35.384303758722886],[129.23701625373752,35.383561990444164],[129.23680654595623,35.38336411831065],[129.23643130803887,35.382986267349004],[129.23625333308368,35.38235569909075],[129.23609770308903,35.381724996832425],[129.23539981650268,35.3802572986722],[129.23334290558037,35.380540591047605],[129.23244104204846,35.38074070743284],[129.23176429343778,35.38105014306145],[129.23174833414083,35.38105748239607],[129.2301968501823,35.38114145842874],[129.22481323632894,35.380421532831974],[129.22188421189603,35.37982296436746],[129.220474098993,35.37929372226934],[129.21853628687185,35.37895478988329],[129.21650120587222,35.37934595180878],[129.2115636964165,35.38077875921696],[129.2110140799173,35.381050136649684],[129.2084090883614,35.3823345184059],[129.20794708490294,35.38245250746345],[129.20509022815295,35.38434107812703],[129.20435516448526,35.38521658568902],[129.20366431895232,35.38629023263999],[129.2034011106619,35.386588171627324],[129.2025773536985,35.38723845892562],[129.2011698914996,35.38778167625433],[129.20182775629524,35.38968230777032],[129.20187291272802,35.390623271512524],[129.20203314669308,35.39116040777379],[129.202815499076,35.39261065225375],[129.20326426105552,35.39290818652639],[129.20378328190174,35.393239815483604],[129.20495513843514,35.39397003177926],[129.2059072310328,35.39456822499854],[129.20653617848956,35.394968381061744],[129.20723491404655,35.395417293075354],[129.20780565659587,35.395784733639736],[129.2078285358622,35.39612549974978],[129.20785476754912,35.39649824065639],[129.20790252374763,35.39708274110704],[129.20891850313416,35.3994327404899],[129.20941373746138,35.399518780634274],[129.2096861420313,35.39956591440489],[129.21027326074696,35.399666716681494],[129.21056957635182,35.399714367185446],[129.21380836096867,35.402081433568476],[129.2188837843623,35.406971481735816],[129.21907199554443,35.407684454672186],[129.21888797882826,35.409302079841765],[129.21817540455962,35.41152947280452],[129.21680031489188,35.41214074352209],[129.21611988133316,35.41243952483087],[129.21478802842688,35.41302014137149],[129.21390004110958,35.414079902576525],[129.2130797161027,35.41602423641997],[129.21296612591408,35.41672859251107],[129.21286335531596,35.417363066491525],[129.21145653565267,35.41906295373587],[129.2108593881416,35.419399164989734],[129.2102397347562,35.4197476683135],[129.2086441563484,35.42006488562653],[129.2078344482725,35.42003909624812],[129.20694524644074,35.42000737071165],[129.20563044319962,35.420260986067056],[129.20327927014526,35.42101317409564],[129.20213734713678,35.421547834665006],[129.20015744960088,35.424147740372575],[129.20055654174848,35.425377086223094],[129.20093207509288,35.42807308841528],[129.1999430513858,35.430451930623946],[129.2007277341067,35.43068666489208],[129.202112185148,35.43207423307554],[129.20192021967145,35.43258717259868],[129.19845199574164,35.43684045314024],[129.1980087293259,35.43733901025685],[129.19694784882458,35.4382092023106],[129.1973581356634,35.4383947674636],[129.19712665875318,35.438695659246086],[129.19697791901183,35.43888844042445],[129.1933628993158,35.43748547539254],[129.19205671672276,35.43662162979117],[129.1914820139903,35.436224928323696],[129.19132530455798,35.43610026171437],[129.1911149818744,35.435932433332816],[129.1910554954724,35.43588352280404],[129.19081825588177,35.435687156465704],[129.19075408193126,35.43561824835904],[129.19069573445,35.43554017820533],[129.1906593736354,35.43544235727136],[129.19060326877377,35.435289930117],[129.19056949496553,35.43519928711695],[129.19051313723884,35.435088542086135],[129.19043871199253,35.43504852236257],[129.1903887653558,35.43502817781993],[129.1903296861885,35.435004331498824],[129.19024253127046,35.43496926270486],[129.19014060442362,35.434944211335015],[129.1900646838157,35.43492560067524],[129.1899360997996,35.43490833488444],[129.1885809888567,35.434756236279675],[129.18830703110078,35.434748205562386],[129.18716032424334,35.4348250366553],[129.18444283281545,35.434484433171505],[129.18369854816652,35.43415094528814],[129.182069668013,35.433522897653276],[129.17835873771904,35.432259515014444],[129.1774671402881,35.43291990168545],[129.17674546795803,35.43363256482409],[129.17283042541754,35.43361522929288],[129.17276364557836,35.43360814528417],[129.17266313320798,35.43359730396991],[129.17184594301636,35.433505932031885],[129.17112942691378,35.43342356842888],[129.17107607283887,35.43341716311349],[129.17063319427805,35.43326963598428],[129.17007774922016,35.43261076388935],[129.17001503135427,35.43248903476234],[129.16993834103886,35.43234689659425],[129.16823465468462,35.43183946073544],[129.16804993532494,35.43179254141084],[129.16783674470278,35.431794805425135],[129.16760893235409,35.43179835471426],[129.1656455952471,35.432120163613625],[129.1651939978349,35.43360962718019],[129.1634688289968,35.43448735399674],[129.16261522049237,35.43477128833663],[129.16195143934365,35.43498792321356],[129.16034685426146,35.43552759406987],[129.15847121175952,35.436498113728454],[129.15509161745777,35.438874178535755],[129.1540039314984,35.43972391769348],[129.15344840633117,35.44016696486216],[129.15276955814667,35.44082648270599],[129.15245084619536,35.44128725546624],[129.1520444217847,35.441865583429895],[129.14779653211014,35.444142395031555],[129.14599327378184,35.44411893815433],[129.145080344304,35.4446729167197],[129.14315226333832,35.44565411158643],[129.14046610302026,35.44762913281733],[129.13959301887508,35.44852933663609],[129.13875306160273,35.450404597976835],[129.1386131517558,35.45071753952535],[129.13808867645687,35.452108126110154],[129.13567038693,35.45349082487491],[129.13408702917263,35.454606486609514],[129.13128449882404,35.456353760019255],[129.13088394970194,35.45816596366616],[129.12855819725235,35.460031333326285],[129.12638468937314,35.461676941146685],[129.12176606408906,35.46344269843353],[129.12058203593796,35.46549351405561],[129.12112255209715,35.466534409799294],[129.12169084285654,35.46748881293779],[129.12127176180906,35.47010668627703],[129.1199977157681,35.4710724780827],[129.1188378275804,35.4719573116875],[129.11854646274222,35.47237009184718],[129.117559753848,35.47398480544638],[129.11712585974013,35.47515254830314],[129.11569592341905,35.47664036572821],[129.11373436402818,35.47744690556167],[129.1120207288563,35.478152210846545],[129.10962854093034,35.47949859643284],[129.1094393719956,35.47966184389337],[129.10832247108806,35.48107422893624],[129.10792143032637,35.48364879521382],[129.1079479489579,35.483911136926835],[129.1080469517716,35.484040333733084],[129.10815007339028,35.48415727119885],[129.10825832597627,35.484250404031485],[129.10876322141357,35.48468948243434],[129.1089390727046,35.48485972474888],[129.10895803889528,35.484878163749],[129.10908227240495,35.48507492917339],[129.10926828582566,35.485372473812724],[129.1093749513665,35.48659674876594],[129.10850855170372,35.487922437364965],[129.10797186780988,35.48821048734911],[129.10745949164638,35.48865032589163],[129.10678937719857,35.48947743627453],[129.1062658635996,35.49129275484598],[129.1062185035367,35.4918201951889],[129.10633013183764,35.49383873917942],[129.10649011084703,35.494372769251],[129.10672323676405,35.49513585353715],[129.10526757404787,35.49646513156717],[129.1042751159168,35.49711083779907],[129.1040569283807,35.497252131487166],[129.10400944338045,35.49728259172546],[129.1025991995101,35.49767274629748],[129.10221323508657,35.49764054278779],[129.10128973657004,35.497272623680054],[129.10045579748137,35.49661986389631],[129.09953190258025,35.49647922630673],[129.0991476953672,35.496609520058406],[129.09826103996122,35.49693160417203],[129.0978774635396,35.49715512886525],[129.09741444115073,35.497485180049196],[129.09713471252408,35.49772579912357],[129.09695982963063,35.49793956876201],[129.09679182025775,35.49814601849746],[129.09489575154237,35.4981162359191],[129.09433825211016,35.49761812719611],[129.0934646025157,35.497893839426766],[129.09112885119268,35.4981458485446],[129.09069830756553,35.49827981823426],[129.09061876581322,35.49830522715546],[129.09045593879574,35.498379559891156],[129.09015021333448,35.49858433628307],[129.0900503281695,35.49865223646787],[129.09003691735646,35.498661385525864],[129.089834032474,35.498801516281105],[129.089260134538,35.49919963998025],[129.08733125441995,35.500725353108884],[129.08690748092872,35.50122520154185],[129.0864410393812,35.501839941396376],[129.07974751923467,35.50299236446261],[129.07724720927473,35.50371993085857],[129.07169590827715,35.5056405319113],[129.07104063803254,35.505896656120825],[129.06946942333582,35.506521848871934],[129.0688129698855,35.506822742451966],[129.06860345035952,35.50692777619619],[129.06807102600223,35.50726550055321],[129.06679559779698,35.5080354024611],[129.0653356803262,35.50879932993368],[129.06440562801004,35.50925624707181],[129.06161365016604,35.509625651435236],[129.05861693025653,35.51132733880663],[129.05263036810183,35.5144724617121],[129.05191492035135,35.51705936164529],[129.05115861651993,35.519092109444884],[129.0510564070588,35.51984009644458],[129.05218976976812,35.52133944308639],[129.05242633892595,35.52250863764925],[129.05211296757616,35.524401499471026],[129.05327729918153,35.5257171882801],[129.053307467798,35.525740270819526],[129.05427090621973,35.525905326576584],[129.05656928376763,35.527109926134415],[129.05671993690396,35.529233400393835],[129.05679606177367,35.53020902283927],[129.05682879341128,35.53069979139176],[129.05582321213848,35.53226752700897],[129.05559380803493,35.5321900932263],[129.05354823396848,35.531499609577324],[129.04823411974908,35.5295790608013],[129.04765227229686,35.529461979888914],[129.04581905939108,35.5294530926733],[129.04324523331718,35.52911968332492],[129.04230278711577,35.528595418559895],[129.0392640517035,35.527549216614936],[129.0333344113645,35.52582888321759],[129.0324557740833,35.52567997299093],[129.031056203906,35.52600127350741],[129.03004833615807,35.52624247054471],[129.02734328586635,35.527114389579296],[129.02415259844523,35.52579011754546],[129.0203338566575,35.52412914728657],[129.01295538306337,35.523140760391264],[129.01165599746162,35.523123270121964],[129.01087789328452,35.52321416551632],[129.00903249764943,35.52399180823721],[129.00896437057386,35.52489522488072],[129.00903402221218,35.525546978757234],[129.00925445387276,35.52650529909653],[129.0093571455035,35.52674343288707],[129.00951015346624,35.52705732796736],[129.00955031936118,35.52727096079853],[129.00969079594688,35.528039308192554],[129.0096933892415,35.52806099437412],[129.00955042583928,35.52831970789075],[129.00759705723607,35.52910887968127],[129.0073806784782,35.52912509193486],[129.0042728099067,35.52917913821539],[129.0020330377791,35.52893201610548],[129.0018585233517,35.52891215913734],[128.99777044130752,35.52811473799056],[128.99539238571865,35.52782439251263],[128.99458594512777,35.528130796042035],[128.99456748163442,35.52848061115089],[128.99457945385535,35.529469782203535],[128.99463487088056,35.53016364267604],[128.99466344478358,35.53043136150444],[128.99551012833027,35.53133763205651],[128.99607861677097,35.53202279026727],[128.99620712644077,35.53225769584951],[128.9961347021426,35.533233911829456],[128.9960483541257,35.53367118324837],[128.99592133129096,35.534312081541394],[128.99592161467544,35.53524774792455],[128.99617846847548,35.53572558128578],[128.99643136842397,35.53619596208956],[128.99723679108396,35.53689252592593],[128.99802189883744,35.53764612238337],[128.99883355214195,35.5385420918582],[128.99896117704185,35.54000148945775],[128.9983489307813,35.541720699807506],[128.99659111839762,35.54403528670242],[128.99441282126116,35.54575187085855],[128.9944014459945,35.54575538550505],[128.99229112325006,35.54737110788873],[128.99094254630407,35.54896769841806],[128.9903294772293,35.54991118346321],[128.98934785284192,35.55160482380992],[128.9874246883645,35.55071050099405],[128.9854831904579,35.549544208892314],[128.98434553850262,35.54869204813155],[128.98219415216332,35.54722725157003],[128.9809219865529,35.54637321114387],[128.98038609262798,35.54703416048704],[128.97967899768815,35.548635239323],[128.9787857489525,35.54968987506449],[128.97702888279153,35.55156352609806],[128.97618738696448,35.55223355076053],[128.9752094636996,35.55322744011026],[128.97291614198573,35.55606262588628],[128.97236773459153,35.55712263858548],[128.9713444033724,35.559877114847005],[128.97119034737432,35.56029998383248],[128.97185561263882,35.56023761913542],[128.97562681036715,35.561899262032874],[128.97697947480273,35.56275450805025],[128.97790547715732,35.563446998626574],[128.97957330705492,35.5634283049814],[128.9816576083494,35.5638501548559],[128.9849924493615,35.56459661736499],[128.98701089419637,35.56539593115156],[128.98932013344145,35.5663414192546],[128.99318407721492,35.567346125381604],[128.99408020694509,35.56699693209773],[128.99581423463135,35.567885502244344],[129.0030808855627,35.57511512662575],[129.00377697030254,35.57617568448547],[129.00432687911578,35.57678558573244],[129.00450184511402,35.57697767449351],[129.00484437767454,35.57729889053409],[129.00793072682745,35.580191626813374],[129.0122546807832,35.58269747203017],[129.01305081400767,35.58296553631882],[129.0144728152107,35.58257177977883],[129.01728671267,35.58324346916622],[129.01889543364894,35.58381993289332],[129.01919584393573,35.58426363588862],[129.01882330127646,35.58505428834206],[129.01893193155396,35.58676123681129],[129.01943002039948,35.58765189110119],[129.0205134534192,35.58862145147178],[129.0216149610088,35.58938329007037],[129.0220428272402,35.5898880803913],[129.02275488724942,35.59126495755514],[129.02301897052794,35.59622735855703],[129.02462285803563,35.59991614902243],[129.0243699417205,35.60126447188146],[129.02430621520293,35.60153092724864],[129.02304787641904,35.602433286988706],[129.02264797282785,35.60295357247307],[129.02290260576746,35.60405901060073],[129.02360085706306,35.60924551736203],[129.02301841682998,35.61343942869786],[129.0224548609788,35.614223359507896],[129.02035161224873,35.615232167723526],[129.019413504042,35.61559423055301],[129.0166749853083,35.616288518380074],[129.01327675270306,35.61533516587198],[129.00850135318714,35.61593743187405],[129.00791724158378,35.616191659997796],[129.00646749240119,35.61850028253367],[129.00574091468724,35.61905277308415],[129.00273979074169,35.62025845564048],[129.00386549887415,35.62170775141542],[129.00606462526406,35.623457667841755],[129.008939583141,35.625341678565164],[129.01026538943168,35.62605829102396],[129.0126217348548,35.62688433077246],[129.01472928272352,35.627775775990806],[129.01677653225568,35.6287698305134],[129.018023180821,35.62964775940065],[129.0186190280124,35.63074216880407],[129.01933029738933,35.63236426928541],[129.02007571947954,35.63402561894067],[129.02067209903785,35.63496552820996],[129.0209092155531,35.635083107732314],[129.02477079037877,35.636098826901915],[129.02661073038703,35.63639548351335],[129.0268692268712,35.63614142002185],[129.02852344295619,35.63486738470607],[129.02896858434883,35.63464454027288],[129.03043354073998,35.63400591707368],[129.03548622404097,35.63202091460414],[129.0363779170917,35.63216409928141],[129.03696705782116,35.63246172911167],[129.03723260592025,35.63319381729744],[129.0373382097278,35.63360332024431],[129.03796743892963,35.6348716432902],[129.04067011856142,35.63727324569188],[129.0433434043186,35.64096747115846],[129.04383072377308,35.64203511321148],[129.04417054512572,35.64285696284449],[129.04446879278584,35.643618782556565],[129.04462973113417,35.64447860230378],[129.04473156718709,35.64490767493503],[129.0450993033972,35.646301528521285],[129.04607888874082,35.64912738112785],[129.04690108035405,35.65051760682825],[129.04850061512383,35.650183347323406],[129.05058404026727,35.649480106256654],[129.05204644478496,35.649059995569296],[129.0548036944722,35.64849544196855],[129.05670954911133,35.64833830905748],[129.0576820493995,35.64825624384742],[129.06330616738924,35.64663467288906],[129.0693022654704,35.645413511719866],[129.06930942366685,35.64541057858756],[129.0696220448333,35.64527905358299],[129.0705393833016,35.64489271916356],[129.0711090843263,35.64449743145914],[129.07118940697057,35.64444127063246],[129.07177225186476,35.6440206959989],[129.07217627788452,35.64372906174299],[129.0721976073561,35.643713628413124],[129.07222249491517,35.64368870230829],[129.07554602196655,35.64035588855456],[129.07769039638134,35.64149331221965],[129.0784277052644,35.64188439638029],[129.0789555068924,35.64216447434276],[129.07911867584255,35.64225796716897],[129.0796621300659,35.642569463526016],[129.08068147314364,35.64315376170886],[129.08085479919868,35.64325313474673],[129.08091862447546,35.643492784533436],[129.08103214436287,35.64391954761633],[129.08131080236402,35.644967598931906],[129.0813627932396,35.64516367475812],[129.08115024655663,35.646691884599704],[129.08113014924731,35.64683513397575],[129.0807429636051,35.64781556526053],[129.08068856313503,35.64795307311114],[129.08053821350137,35.648141945078294],[129.0798255347091,35.649036468308935],[129.07976438012184,35.64911313132398],[129.07797758096936,35.649882855710494],[129.07617653854905,35.65091735485734],[129.07535999787277,35.6517878785219],[129.07532407773195,35.65182636717371],[129.07217667466512,35.655638230917965],[129.06807625201233,35.65856345175235],[129.0680341709172,35.658617397821956],[129.06789322957457,35.65879849394791],[129.0674697931806,35.66089797837639],[129.0672733611301,35.66199195085117],[129.0673923683487,35.662178004063065],[129.06845303514754,35.66374290018493],[129.06903957027254,35.669052212267694],[129.06715348835243,35.671346468486504],[129.06809482624024,35.67319064158766],[129.06900048040413,35.67375656304767],[129.07118102238192,35.67551464527631],[129.0730282745899,35.677379381551305],[129.07299369899837,35.67738982958046],[129.07229543130842,35.67760022142884],[129.07152398079822,35.678090079967575],[129.07070530743786,35.67863565969154],[129.06999808161729,35.67998326124788],[129.06980194313468,35.681436537037364],[129.0698768313378,35.68237223525529],[129.07188635798792,35.68435373145483],[129.07269869279224,35.685282509506436],[129.07374278493612,35.68653703044713],[129.0739463551735,35.686787805386565],[129.07411517419303,35.687042700983625],[129.07410833627847,35.687165305885685],[129.074071422411,35.68731250664982],[129.07397726495086,35.68756868760863],[129.07397364101035,35.687775857419666],[129.07408733613667,35.68800747508263],[129.07434982162718,35.688440541901016],[129.07722107459787,35.69293562190192],[129.0804648827788,35.69590486715709],[129.08306798407955,35.697643590108534],[129.08480964387894,35.697820407752424],[129.08573838817424,35.69809126976046],[129.0873470347654,35.6990050156957],[129.08992525794795,35.700971679088376],[129.09024380648432,35.702566267804784],[129.09029098942693,35.70267500947026],[129.09101599356055,35.70273814871472],[129.09177203008625,35.70280400319316],[129.09273255922977,35.70288770039489],[129.0928969213771,35.7029020236857],[129.09334535097005,35.7029411128329],[129.0936892924918,35.70297117331696],[129.09736006423557,35.704302832564785],[129.1016623331601,35.70599983583995],[129.10175903727782,35.706067143891026],[129.1020776047365,35.706142540088216],[129.10290544332875,35.70633814687072],[129.10320732269182,35.70640946206742],[129.10348632949422,35.70641148806692],[129.10501256585516,35.706422126639694],[129.11036727122325,35.70740629815666],[129.112746235608,35.70838364026474],[129.11569783746094,35.708478513318866],[129.11713127067026,35.70723601159581],[129.11750042569582,35.70666508817654],[129.11962670112715,35.70700203790732],[129.1228249078019,35.70780565107414],[129.12400925049468,35.708201931190814],[129.1241267198462,35.70824435168841],[129.12421212360533,35.70827523089013],[129.12427265791226,35.70848774447973],[129.12430388381932,35.70859799197492],[129.1243077658146,35.708614116478266],[129.12482473754758,35.710050516971584],[129.1256964116675,35.71244043252462],[129.12620535651172,35.71357270415041],[129.12699212245195,35.71403638318711],[129.1273641305169,35.71412047113296],[129.13136693952688,35.71276114158847],[129.13416347493833,35.71210914559662],[129.1352928296512,35.712342404918566],[129.1367782700916,35.71286458190291],[129.1364496183005,35.71311200723448],[129.13599606143143,35.71346612374594],[129.13581095437814,35.71363258362748],[129.13610887248115,35.71442010563672],[129.13656949979512,35.715482378352924],[129.13792976810547,35.71708156236823],[129.1394962575747,35.71822920182974],[129.13951493658809,35.718242951475524],[129.13949888964578,35.71826281062409],[129.1375346829268,35.72069933014264],[129.138399056024,35.72178835340605],[129.1409884211855,35.723851531935544],[129.1413093821567,35.72410332505339],[129.1420466627863,35.72434968803661],[129.1445325909645,35.724827062903444],[129.1461131562188,35.7249188472762],[129.14613113993607,35.72491979030361],[129.14721446178206,35.72466506328066],[129.14872472603054,35.72347616794177],[129.1498367332729,35.723313127856294],[129.15286884826483,35.72196308420607],[129.15483307337934,35.72094225864457],[129.15627609930155,35.719763757326504],[129.1580524034189,35.71764159179353],[129.15939299311222,35.71601028009454],[129.15948456472066,35.71585939525013]]]]},"properties":{"name":"울주군","base_year":"2018","name_eng":"Ulju-gun","code":"26310"}},{"type":"Feature","geometry":{"type":"MultiPolygon","coordinates":[[[[128.85950499061062,35.39554916093097],[128.86374487034297,35.39548421703376],[128.86523229103742,35.39546829635357],[128.8694534866975,35.39176940603332],[128.87072783960397,35.38891783523112],[128.87109964344387,35.38721727577643],[128.87140282555114,35.38583069657484],[128.8723705769145,35.382226450208044],[128.87238043167616,35.382190408544275],[128.87428589867577,35.38223129409443],[128.87454081001303,35.38120377664896],[128.87407283413285,35.37862297798443],[128.87642426987324,35.37141485308741],[128.8795907425606,35.3684390713267],[128.88033472971793,35.36807168760292],[128.8804399789416,35.368020936695146],[128.8808689660558,35.36781407755167],[128.88509547407514,35.366583687140015],[128.8905990785755,35.36502693012324],[128.8953546475934,35.364855601635604],[128.8959151063352,35.36483716913088],[128.89610095860104,35.364832679480585],[128.89646286005654,35.36483862772312],[128.90089778877103,35.36491408694599],[128.9010937866215,35.36491748540228],[128.90152651397042,35.36492671385664],[128.90160250472164,35.36492903306076],[128.9021027551414,35.364974228972486],[128.90265337912575,35.36502411600386],[128.90322239223696,35.36507569474005],[128.90364821392922,35.36511449070765],[128.90397328840507,35.36514446975125],[128.9040968921174,35.36515681890128],[128.9043789918273,35.36518296315388],[128.90502640248178,35.3652423513987],[128.90521343585112,35.3652592559864],[128.9063743458786,35.36536396668002],[128.90698291126472,35.36541823908242],[128.90710376661224,35.365424390704135],[128.9123299033383,35.364297480868814],[128.91260676900097,35.36423627513528],[128.9157297207893,35.36219534106794],[128.92143877988963,35.35846270239351],[128.9236203605036,35.357033278536825],[128.927752575483,35.353430565064414],[128.93183972926704,35.349827683807554],[128.9346271632861,35.34734920325372],[128.93925411337804,35.3426211110247],[128.9438159493262,35.33901806125625],[128.94563469797563,35.33777973188919],[128.94696937758405,35.33757523125546],[128.95113504777902,35.33693686158403],[128.95536506530675,35.33541770028978],[128.96213656905144,35.33285426661748],[128.96328404412057,35.332185112998964],[128.96391545402008,35.331813372235864],[128.96763550992503,35.329229344568844],[128.9678048367173,35.32910052773113],[128.96830371608445,35.32869464517147],[128.9684892001274,35.328543578083035],[128.9687561822027,35.32832578690422],[128.96888871910886,35.328212587652224],[128.97113888322244,35.32460771298824],[128.9712469307653,35.32425030709289],[128.97132883005403,35.3239757010085],[128.9717223102579,35.32265183398798],[128.97195233729286,35.32187562028289],[128.97211389124155,35.321328241145444],[128.97219357734488,35.320994484166896],[128.97227502156477,35.32003035787545],[128.97229401901953,35.31979321749498],[128.9727198749359,35.31379114248238],[128.9727459188715,35.31349891853691],[128.9727848965484,35.313074599000366],[128.9731434568985,35.310185914093054],[128.97348233189797,35.309872986383326],[128.97377560328502,35.309603289880386],[128.97539502734767,35.308089839956175],[128.97593620563052,35.3075833727043],[128.97680201332403,35.30676840924112],[128.97699947000487,35.30658142395584],[128.97908342332076,35.30354278480459],[128.98033411247033,35.30090604435088],[128.980866361573,35.2993723220361],[128.98145215448113,35.298708389752804],[128.981887237278,35.29821878294101],[128.9835216530128,35.29645931524551],[128.98471095006616,35.29540492508932],[128.9896399579914,35.292161970042656],[128.99039424107028,35.29193417576542],[128.99110043225596,35.291731716884726],[128.99399967900533,35.29087777526657],[128.99762275230415,35.28895964531122],[128.99836978039602,35.28855716560035],[129.0041019830737,35.28472748439522],[129.00557800293214,35.283394732128336],[129.0068963054124,35.282118162022094],[129.00766888451014,35.281341634954714],[129.00779449705468,35.28123649713995],[129.0079604043819,35.28109044540669],[129.0081779925371,35.28089861504358],[129.00854739608536,35.280572842866256],[129.00878885361848,35.280356931366235],[129.00957195356438,35.279644265515934],[129.01126965802925,35.27808778658245],[129.0115143619616,35.277851869611574],[129.01162512425034,35.27774073392212],[129.0118634426277,35.27724385476131],[129.01323110664825,35.27437536855268],[129.01333807031946,35.274144813551324],[129.01348433093813,35.273758610808834],[129.01413916155477,35.27218956494383],[129.01481782257508,35.270529732671186],[129.01403183326025,35.26868390107442],[129.01356435189214,35.267595231543076],[129.01309610547727,35.266530930631156],[129.01256991006335,35.2653714265486],[129.0116638898398,35.263402260144375],[129.0116233826391,35.2633192944391],[129.00677770580802,35.25384733897151],[129.002944938391,35.246642150572434],[129.0017684788388,35.24432965962593],[129.00063382386847,35.24168753097361],[129.00030552910084,35.2410244121732],[128.9988030006881,35.238082161205185],[128.99861483635004,35.23789771518132],[128.99676044371517,35.23608057478593],[128.99602495217593,35.23535691858739],[128.994314749843,35.234058561231],[128.99429202326942,35.234041336277876],[128.98975614742236,35.23170408533971],[128.98970124555632,35.231676264983484],[128.98415781508007,35.22975593693083],[128.97570446453315,35.227830197594734],[128.97357792419305,35.22736078387175],[128.97273537354454,35.22723370630373],[128.97073646269988,35.2271162824892],[128.9682751681639,35.22696693076811],[128.96674028265076,35.22677826334192],[128.96241540411367,35.226128896820995],[128.95977613524104,35.22571819179192],[128.95669620880497,35.22525197362118],[128.9506783307497,35.22524091935359],[128.9499698217861,35.225239855977264],[128.94991846163506,35.22523977882961],[128.94853474852172,35.22524204782919],[128.94827063189155,35.225334021087285],[128.94814264458049,35.22537860096277],[128.94720490992893,35.22609208409926],[128.94658066676737,35.22658255918164],[128.94585308014587,35.22714340504604],[128.94571052321837,35.22725327637202],[128.94534190572253,35.22749729723856],[128.943998083668,35.228325426755845],[128.94399788286347,35.228325380464554],[128.94333913856897,35.228167458609285],[128.94121761515595,35.22765415089585],[128.9406762857547,35.22752061672973],[128.94016540982705,35.22738320144663],[128.93979776442458,35.227250400460775],[128.93979638136986,35.22724985971649],[128.937454710986,35.22597980389908],[128.93668871889312,35.225460924174335],[128.93559979967242,35.224407764654785],[128.93472839055332,35.22352348229386],[128.93453065998594,35.223405539691726],[128.93212280314148,35.22198450298572],[128.93162856759562,35.221649089965915],[128.92923950463066,35.22003168296138],[128.92897305874357,35.219909906272925],[128.92802284157128,35.21947571469654],[128.9271728941854,35.21908794227143],[128.9266154238529,35.21883392322464],[128.92577931305397,35.21852251061274],[128.92457617528913,35.21810175440751],[128.92449342227172,35.21807054237427],[128.92012804031063,35.21642265885323],[128.91976070445958,35.216422295770265],[128.91665299063416,35.21696081466746],[128.91376520609896,35.22073242063965],[128.9133076825765,35.2213439940738],[128.9128907649277,35.22190227138745],[128.91286859263255,35.22193726596229],[128.91250327367715,35.222515137691204],[128.91026901461868,35.222899429396314],[128.91002106593393,35.222576478533036],[128.90985163065105,35.22231513988383],[128.90965544528734,35.22153546341988],[128.90953397501892,35.22076496408793],[128.9095416429416,35.22059691396569],[128.90916699402533,35.22056093604311],[128.9088916009044,35.220749835805044],[128.90880229450914,35.221239533063546],[128.90873176452916,35.22172427639484],[128.90946886797425,35.22219692888235],[128.90931390010115,35.22294374558637],[128.90501825780302,35.22007305144995],[128.90577385633105,35.219320225513414],[128.9066281183188,35.21847276666451],[128.90749844778185,35.21760942506072],[128.90775741245025,35.2173547065331],[128.90835789883138,35.216764977396],[128.90466799245783,35.21530132654483],[128.89681669455172,35.21319819410193],[128.89371179765786,35.21377143174495],[128.89196768135275,35.21416155655557],[128.88918939889385,35.214779417287886],[128.88908895357028,35.214798441948446],[128.88908450402184,35.2147992125038],[128.88890762848808,35.21477761417165],[128.8887062207775,35.21474907141816],[128.88834466018218,35.214636146697735],[128.8882280647366,35.21459516173483],[128.88807617837938,35.21454162322291],[128.88763400828404,35.21432051709858],[128.8865839383859,35.21447363493832],[128.88640113276873,35.21447788726996],[128.886068514114,35.21439886514964],[128.88531324787448,35.21402874622968],[128.88460970032492,35.21363880471556],[128.88437933460852,35.213470750450355],[128.88415133218166,35.21328588859381],[128.88413768615047,35.21327468958166],[128.884054156212,35.21317925479816],[128.88405050197989,35.21316959871684],[128.88402189695123,35.2130897840642],[128.88401135532695,35.213019540988476],[128.88402641939066,35.21289947717051],[128.88404848246756,35.212725231404214],[128.88407748903722,35.21249554384738],[128.8841052875511,35.21225799350613],[128.88407632151842,35.21217747520506],[128.8840156370774,35.21212054175948],[128.88161796011735,35.21038923750116],[128.88148642812206,35.210340031269865],[128.88044436990165,35.210059521961966],[128.88025903636657,35.21001297998178],[128.8800365738481,35.210023329729566],[128.87978771520582,35.210079288366174],[128.87955319604455,35.210132069853515],[128.87934043645478,35.21011622465494],[128.87918576438602,35.210090317870964],[128.87906014061207,35.21004425054668],[128.8789876310635,35.209994549504664],[128.87734728634118,35.20830265402777],[128.87674529155655,35.20761018772481],[128.87493127560563,35.20531476574722],[128.87248881499465,35.20348385102795],[128.87111869847942,35.20250780300078],[128.87084990225904,35.202277227287034],[128.87058353401386,35.201957610358875],[128.87035481066764,35.201558715838416],[128.87255261860804,35.1987575562746],[128.87595938882194,35.19316819225226],[128.87619370522145,35.19263060909051],[128.87608865224155,35.19180652269753],[128.87582320087557,35.1907794747219],[128.8756855734099,35.190284130637345],[128.8758098207765,35.189121500732895],[128.8758840267371,35.18845403712787],[128.87605963406392,35.18809436490012],[128.87621241962253,35.18787613412542],[128.87644625492098,35.18754231642978],[128.87651601083851,35.18748814620014],[128.8770468334002,35.187076081541996],[128.87759932903086,35.186681701410244],[128.8789397539296,35.18545136113389],[128.88075603851874,35.18357082167114],[128.88122118747356,35.183039609130816],[128.88141715067047,35.18281581224455],[128.88143928299164,35.18277928456342],[128.88152584163888,35.18263529977895],[128.88158563634988,35.1825358036675],[128.8816808903935,35.182203560593834],[128.8816997242246,35.18199476394634],[128.88166870172893,35.18167176066596],[128.88147437010653,35.181562135252804],[128.8812644567251,35.18144387653588],[128.88067549487164,35.180907240012274],[128.8802711795377,35.180300839668206],[128.88027040690278,35.18029736097505],[128.88020519074183,35.180003012942784],[128.8801467837707,35.17973939049777],[128.88004437899798,35.178866688998355],[128.8801146203964,35.174675212854815],[128.88019070765026,35.17385324534023],[128.88038789423044,35.17307700584414],[128.88114667959607,35.1718452368263],[128.88059099386854,35.171499727675226],[128.87347892978727,35.17413781992352],[128.87347883377987,35.174137857077525],[128.87347533710073,35.17413209203634],[128.8732866971727,35.173821035462325],[128.87270166142824,35.172852292928376],[128.87235365775584,35.17227429003773],[128.87472954146344,35.1708119925531],[128.87478256980182,35.170791459189786],[128.8757717241104,35.17050860919831],[128.8767053828175,35.16767455807704],[128.87700655798682,35.16500434796996],[128.878871129888,35.16239171654362],[128.87978449995035,35.16178573048767],[128.87997169531275,35.16185844058682],[128.8813917868806,35.1613368082664],[128.8813537815373,35.159894370243826],[128.88083469328984,35.159466189241904],[128.8792102184687,35.159479694216266],[128.878697916105,35.15967463626623],[128.877409360311,35.15957702253466],[128.87556984228857,35.15939513455922],[128.8748627997979,35.15893407663503],[128.87441547418692,35.15856868665964],[128.87469455049032,35.15360077303115],[128.8747008826848,35.1535930715547],[128.8747212451939,35.153568676713554],[128.87571730777603,35.15238509836041],[128.87630779531318,35.151683590971636],[128.8753107901102,35.1511656280199],[128.87423554076418,35.15077911343257],[128.87296103647446,35.15057013231575],[128.8716628568559,35.150464857436155],[128.87105016495278,35.1511866823678],[128.86850978859354,35.15420726600215],[128.8656118373893,35.157660667325814],[128.86518248467465,35.15818588113545],[128.86527611032432,35.15872712428187],[128.8653034879168,35.158784579764756],[128.86568988145655,35.159352153615046],[128.8664780784333,35.15971978669537],[128.8665279764643,35.159742267732085],[128.86658529005283,35.15974967092631],[128.86664647875293,35.15975756954976],[128.8667521818605,35.1597056798947],[128.86712592901293,35.15951196961856],[128.8673096816231,35.159344395419566],[128.86737460751175,35.15927411596017],[128.8674240141658,35.159180790997],[128.867583358776,35.15895534018366],[128.86795331564363,35.158622400311394],[128.868145639506,35.15857521872509],[128.8691846574656,35.158648329931616],[128.86959741214596,35.15907777845441],[128.87165216500813,35.16159236102964],[128.87209641763673,35.16261680057084],[128.87191572721815,35.16428087608503],[128.87150475171342,35.16505407773429],[128.87150014051448,35.165062464632655],[128.87147994747522,35.1650793878954],[128.87061311672352,35.16580498925948],[128.86738636618938,35.16771486400412],[128.8663799130387,35.167600680754525],[128.86613625151261,35.16754880662409],[128.86575833731257,35.16742958645567],[128.86511273323237,35.16740826662472],[128.8605407619021,35.16784549137995],[128.85974323580655,35.168170751035674],[128.85886090845077,35.16799545601365],[128.8563798243455,35.166903749495056],[128.85410283066872,35.16621330991616],[128.8517250558077,35.165959004709535],[128.8491620383364,35.16548360844471],[128.84628864240833,35.16468788830945],[128.84569648612862,35.1641613984115],[128.84552499178923,35.16400883902329],[128.84446038787834,35.16280377889432],[128.84401355474242,35.162044556343716],[128.84407390558414,35.16046303047466],[128.84416987294065,35.159974503286264],[128.84418311916815,35.15990784080118],[128.84354473391656,35.15846971929728],[128.84293309360655,35.1579887055337],[128.84151270968965,35.158354158109425],[128.84059555165035,35.158787846573816],[128.8382810129419,35.159162611073135],[128.83719128985584,35.15927389761089],[128.83600548123113,35.159137953937645],[128.83395408097468,35.15759332462636],[128.83001702277858,35.157011143821414],[128.8284843719539,35.15657535910397],[128.82836362481262,35.15645073696797],[128.8275265048118,35.155588627775636],[128.82748053226902,35.15558991418766],[128.82705734862887,35.15560175491528],[128.82629094642337,35.15563301564354],[128.82588056063594,35.155651593452916],[128.82299253683732,35.1561587473561],[128.82241964303714,35.15687156873796],[128.82215198294693,35.15735534359717],[128.81752640909104,35.15953415702594],[128.81596562882984,35.16016206134267],[128.81247813718858,35.1596417095465],[128.80870681920692,35.15893919502624],[128.80792272172698,35.1591795710418],[128.8071497303536,35.15955045729006],[128.80587167220628,35.160437612725204],[128.80396876543395,35.16011236521586],[128.8023209232801,35.15947266450507],[128.80205599674557,35.15924636571976],[128.80174111239046,35.15855810621612],[128.80059522946775,35.15806778726166],[128.7985213069921,35.15810280185611],[128.79762246511908,35.15845985254885],[128.79709210696612,35.15899703979791],[128.79700947614953,35.1589823514041],[128.79451966475833,35.15853793231662],[128.79366578174748,35.15716242890122],[128.7913353231139,35.15752075589016],[128.79035560838855,35.157411880436946],[128.7896455940957,35.15710679665118],[128.78839411947112,35.15697714078816],[128.78839384282404,35.15697714192721],[128.7875259014522,35.15701091813495],[128.78752562280843,35.15701093191623],[128.78691207686998,35.15705545934314],[128.7861530258554,35.15711057300187],[128.7820127824753,35.158251832086314],[128.77782940319068,35.15951255796613],[128.7773361323537,35.15974298841152],[128.77665138530443,35.16009407697643],[128.77267487627546,35.1622522392895],[128.7720264994198,35.16325488633154],[128.77135439968868,35.163622372994446],[128.76983531341045,35.16413782949665],[128.76675921877475,35.16519360985188],[128.76426838789052,35.1671984682607],[128.76350427332076,35.167929849171436],[128.7632416376826,35.168553673031525],[128.76314898900608,35.168773564010515],[128.76142886484848,35.16827798577355],[128.76058053204633,35.16823864106508],[128.7593535812498,35.16818379806624],[128.75839138867718,35.168255622506926],[128.7583911141156,35.16825561904794],[128.75696918356743,35.16819302163301],[128.7569776886194,35.16654650330597],[128.7556714356559,35.16485477612297],[128.75361209901124,35.165889765412],[128.75295316156527,35.16628386478008],[128.75212429507505,35.166783197491334],[128.75211615711348,35.16678810181766],[128.7521002088999,35.166795937885695],[128.75088303443792,35.167388192364115],[128.7508827555014,35.167388189834895],[128.74894525293087,35.166935556592534],[128.7468818838502,35.16628940505785],[128.74630123359015,35.16614913650459],[128.7424735264916,35.16693977972549],[128.74099242990837,35.16715397235913],[128.74120560494237,35.16791975270748],[128.74126576819955,35.16905315053628],[128.74098589735658,35.1705185404256],[128.74124251616487,35.17187357823676],[128.74201889578578,35.17352402856032],[128.74275316588805,35.17472700891175],[128.7426901089924,35.175389040424236],[128.74309124861514,35.17909443344036],[128.7433080330124,35.18095977711374],[128.74388997853725,35.18403678856349],[128.74424482863452,35.18582691451333],[128.7446849510233,35.186517470962755],[128.74500680203505,35.187098756025044],[128.74565917634825,35.18844173596639],[128.74631050538625,35.18991201849046],[128.74626812954858,35.191283455902784],[128.74623087614916,35.19169081229525],[128.7462208802167,35.191800784023094],[128.74896828751136,35.194128384921555],[128.75044515533907,35.19454048648564],[128.7505342184967,35.194565377103004],[128.75139381540095,35.197709169137305],[128.75061401191337,35.20148436471488],[128.7488810725889,35.20206086372517],[128.74829754613378,35.202285536803004],[128.7471257617541,35.2029403344391],[128.74593563766638,35.20407018984047],[128.74500112893654,35.20526522771038],[128.74320355001493,35.20619934762229],[128.74281160621715,35.20582563347842],[128.73966112596892,35.20542932189988],[128.7396608469293,35.20542932115051],[128.7332025596046,35.205677622592226],[128.7305184184433,35.206186303866076],[128.7296373908935,35.20640293267903],[128.72799753674255,35.20695297397458],[128.7238834973011,35.21253105489839],[128.72251812739944,35.21440359433983],[128.72151102916598,35.21876638296485],[128.72129463669933,35.22537391115376],[128.72253450006318,35.226389988518605],[128.72365948451915,35.227621033792104],[128.72425726174865,35.22870284807155],[128.72511108198103,35.23090315451353],[128.72512085340043,35.23126785922292],[128.72499116321384,35.23282823384264],[128.72459518765717,35.233645519431064],[128.72509279505576,35.23516555107624],[128.72618125451407,35.23664126369953],[128.7253094837193,35.23747363529759],[128.72602009633687,35.23804352529916],[128.72641917548452,35.23863672012783],[128.72629563210512,35.239545882784185],[128.72626026024102,35.23980463286741],[128.726083527987,35.24027719081909],[128.72607961523636,35.24028724766805],[128.72536570763066,35.24105485398121],[128.72373075200696,35.243573761146045],[128.72334534698527,35.24424543671637],[128.7232890187382,35.244421836478175],[128.7232810066466,35.24444730580872],[128.71940255100878,35.243706833174805],[128.71899249990705,35.24552196401085],[128.7192057777359,35.24700747230563],[128.71937018550378,35.24814501969532],[128.71878969578157,35.24990469877235],[128.71708050052473,35.25243781400039],[128.71409970868376,35.25715293460507],[128.71402872475187,35.25764678679249],[128.71394655267122,35.25793548795371],[128.7131836007844,35.26003975443647],[128.71249174234907,35.261787742700115],[128.71185091371598,35.26259999798245],[128.71147446551797,35.26297073449419],[128.7113000604524,35.26318399946381],[128.71123951776943,35.26334185654416],[128.71056725532577,35.26640178955369],[128.71055200542455,35.26657548559214],[128.71091549145854,35.267433825132166],[128.7109916244655,35.2675924291231],[128.71124093036383,35.267936424974216],[128.7112634717603,35.26796343050686],[128.7114036901762,35.268131404313394],[128.7114582327179,35.26819400694461],[128.7115947968888,35.26876151595481],[128.7115784224995,35.26889707326632],[128.71142191060468,35.26974177697466],[128.71102712022653,35.27070389313185],[128.70940829892643,35.27317310456676],[128.7085531177245,35.274102153254226],[128.70815174580565,35.27481047550773],[128.70634466857595,35.278152947987635],[128.70492915775552,35.282189867314244],[128.70492919179284,35.282207750007046],[128.7049535709913,35.28443674919488],[128.70497835767995,35.284521598555735],[128.70558494619627,35.286489773057056],[128.7056462898353,35.286679292847595],[128.7045344810799,35.28900879180131],[128.7041098536118,35.28962829709151],[128.70381259445122,35.290326538796116],[128.70313035446347,35.29240734920103],[128.7031314261769,35.2924091724628],[128.70358587836552,35.293098117029174],[128.70249878910784,35.297632085614715],[128.70167105537948,35.29847988186187],[128.69785901688186,35.301591730320595],[128.69735255755666,35.30190017451737],[128.69723132183628,35.301952001580936],[128.69502064249184,35.30251104163742],[128.69234030714256,35.30443767987463],[128.69207924266647,35.30530114412548],[128.69221722224802,35.30805167432602],[128.6922411724481,35.308129204014264],[128.69319687979393,35.3093461218137],[128.69330409358008,35.30944600875287],[128.6934446434665,35.309513600085964],[128.69353775838326,35.30951089395834],[128.6935521010702,35.30951040074561],[128.69374320979466,35.30948070240111],[128.69374830403154,35.309477658687754],[128.69384158843897,35.30942031893696],[128.6939085333728,35.30935234927501],[128.69396032404973,35.30921603039075],[128.69406496769693,35.30897813638963],[128.6941814986251,35.30881625694495],[128.6942697256236,35.30874687412001],[128.69449355615066,35.30865587580778],[128.69459573992103,35.3086462737636],[128.6947030954413,35.308671520925664],[128.69482033016348,35.30872395918067],[128.6948913115845,35.30876675431728],[128.6965498049269,35.30980903402858],[128.696615249122,35.30988276562623],[128.69662966913702,35.309899169671915],[128.69667824866477,35.30995495795091],[128.69681044587512,35.31034638603575],[128.69824666284177,35.309936332692025],[128.69857423638538,35.309860476706206],[128.69912526396553,35.3097590959306],[128.6993577308047,35.30973725103448],[128.7000118459927,35.30971778566639],[128.7062020021041,35.30944578035254],[128.70838862000824,35.3091258450033],[128.70924621471804,35.30892253898112],[128.71072218503204,35.309077101676046],[128.71138616607863,35.30916826209691],[128.71423333899878,35.31021263146079],[128.71437516899954,35.310274266201674],[128.71476733765718,35.31044472015358],[128.71494607469535,35.310579197576125],[128.71499400180602,35.31063624719497],[128.7150237906995,35.31074566810972],[128.71497448440047,35.31094885449133],[128.7149503295712,35.31097580168234],[128.71488352010107,35.31105010909754],[128.71474973661407,35.31114198770268],[128.7137220467358,35.3115627841869],[128.71323891807103,35.31182099277076],[128.7129915514926,35.31200035190472],[128.71261293701724,35.312441666495744],[128.7121108997042,35.31315635535445],[128.71196654766445,35.313448049697904],[128.71180465321103,35.313786885587746],[128.7116895294295,35.31403056608367],[128.71144871918992,35.31475155379345],[128.7114423981528,35.31480979929861],[128.71143147784431,35.31491133485314],[128.7114224325284,35.31503636431964],[128.71144236804068,35.31524899247013],[128.71147997094755,35.315386595694726],[128.7115501379597,35.31553768465939],[128.71176264140672,35.31583867661975],[128.71204038172039,35.31620298031575],[128.7123058836904,35.316491692611244],[128.71277852065933,35.31705528559926],[128.713422857228,35.317858515114835],[128.7135164203078,35.31801053381199],[128.71354934420677,35.31808806983467],[128.71370073135031,35.31858693807499],[128.7137161988004,35.31870077394861],[128.7137186474522,35.31871961144486],[128.7136347498403,35.319434154272706],[128.7135336309138,35.320178786783345],[128.71343302156038,35.32065503432195],[128.71332366136804,35.32113956087298],[128.7133033339622,35.32128404800426],[128.71324417843036,35.32170519822621],[128.7132271829623,35.32182766478245],[128.71325796409528,35.32200084905371],[128.71326031543833,35.322014055954064],[128.71330419780296,35.322172130874456],[128.71363610869753,35.32285544082409],[128.71396775480133,35.323199958350656],[128.71424221359013,35.32342318524448],[128.7144225911833,35.32356806742792],[128.7146913823211,35.32378379004532],[128.71493165646672,35.32396653576896],[128.71514876258934,35.3240939934219],[128.71745857917887,35.32540795204508],[128.71787845718632,35.3256006671428],[128.71788121804045,35.32560048334773],[128.71844511105022,35.32555178909142],[128.71882911499878,35.32539720750475],[128.71883963030052,35.325390022811135],[128.71910312768532,35.3252077247493],[128.71930311618925,35.32504534618343],[128.7193226101828,35.325025074831224],[128.71960635177228,35.32472773211098],[128.72038221613712,35.32375199449317],[128.72080817141548,35.32312791509215],[128.72101236815325,35.3228239573462],[128.72109665751418,35.32269855878266],[128.72193527551718,35.32170179520994],[128.72216437477752,35.321519139463156],[128.72287691304263,35.32107515962607],[128.72634868454963,35.31901459587682],[128.72693055491237,35.31873016060914],[128.73257579967802,35.31602838609693],[128.73302879814432,35.31585758186179],[128.73365751353842,35.31580675058409],[128.73386051172204,35.31583636769178],[128.73413803444834,35.3158792801319],[128.7389922388063,35.31716027499894],[128.73976018472788,35.31759320419384],[128.74070133919656,35.31852578672079],[128.74231792890325,35.32041347269958],[128.74245936072194,35.320727830741774],[128.74260677419346,35.321513125374935],[128.7428475896367,35.32332118721164],[128.74294731456143,35.32433415821349],[128.74294606649858,35.32446765931209],[128.74294321293627,35.32460724394843],[128.74293591452385,35.32492375503614],[128.7429229941283,35.32545888135277],[128.74281595773985,35.32604352411385],[128.7427446157182,35.326418972730586],[128.74222392461903,35.327937936500504],[128.7417568115599,35.329163775827276],[128.7417567459224,35.32916394420364],[128.7417545141492,35.32916218191281],[128.74158089548658,35.329651716042726],[128.7415421432689,35.32989657594991],[128.7415494772467,35.33025483404066],[128.7416297140188,35.33071131279621],[128.74188653892057,35.33114991045226],[128.74212489043416,35.331543144583875],[128.7426346817918,35.331806153523665],[128.74267476016314,35.331816560101714],[128.74274319408497,35.331834155926146],[128.74572244471227,35.332444707726516],[128.74592953323346,35.33248621828414],[128.7461857548968,35.33252729950415],[128.7462054110284,35.33253038778618],[128.74663110397267,35.332589162478726],[128.7468195149064,35.33258966895583],[128.7468197898295,35.33258965980876],[128.7471899285103,35.33257418703327],[128.74765754159452,35.33253729613584],[128.74767670469953,35.33253335840921],[128.74789123462386,35.33248900475075],[128.74813825124872,35.3324378398198],[128.74874562820662,35.332252339497145],[128.7497813643378,35.332132056659184],[128.75000336615864,35.33224611921902],[128.75002282745825,35.33225612794854],[128.7502070466372,35.332480016212266],[128.75028410128022,35.3327865788677],[128.7502964062378,35.332990568180286],[128.75018974331908,35.334197175244235],[128.75017045953612,35.33435488455666],[128.75013043888757,35.334459383583734],[128.75011058924332,35.334510923656545],[128.75000463113363,35.33465016785495],[128.74983922195332,35.334868143272466],[128.74983892000924,35.334870113735015],[128.74979542725043,35.3351646132125],[128.7498154139227,35.33582106363725],[128.75018967112078,35.33944124194077],[128.75051779314745,35.339691363847024],[128.75054958214093,35.33969935331432],[128.75067364039103,35.33973050644748],[128.7506739154626,35.33973050540446],[128.7508935005697,35.3397288786365],[128.75099171307141,35.339708866809055],[128.7510733415256,35.33965305545751],[128.75155266181557,35.33921692327605],[128.75160803791633,35.33915515138742],[128.75237539780485,35.33825777829872],[128.75278030074597,35.337750616192416],[128.7529563803402,35.337452792231964],[128.75296988330845,35.33742555671944],[128.75296953095267,35.337393325586916],[128.75296739583192,35.33724690088391],[128.7529341700877,35.33688578867684],[128.7528993617874,35.336690281129265],[128.75277252075796,35.33632276569591],[128.75241326602196,35.335680948783114],[128.75209396405208,35.3351693673133],[128.75205248015857,35.335110540598755],[128.7519900799033,35.33502175682307],[128.7519260435266,35.334777952388045],[128.75193356215928,35.3346002819572],[128.75197113455386,35.33452581010299],[128.75197317206255,35.33452436984591],[128.75204836507484,35.334473576215636],[128.75212433842228,35.334458823122205],[128.75215447158558,35.33445303452317],[128.7525423798368,35.33441727666261],[128.75315116906194,35.334371578480024],[128.75315141086162,35.33437156154729],[128.75395900588046,35.334799742777754],[128.75512167805965,35.33572392170352],[128.75544084454117,35.336004856055766],[128.75576960734247,35.33631619169491],[128.75671662248334,35.33722983338052],[128.75681344597638,35.33733684631987],[128.75690226637025,35.3374394775695],[128.7572424526358,35.33783359249988],[128.7572833796392,35.337882274497],[128.75747212015102,35.33813918279492],[128.75757723438136,35.33835887640086],[128.7576412837526,35.338539028317896],[128.75791116995882,35.33930604199586],[128.75794302704537,35.33949187895817],[128.75795533401427,35.339584062436394],[128.75796027974584,35.339622017893916],[128.75800954588377,35.34000824462415],[128.75802288101224,35.34013252771199],[128.75804125249627,35.340186752923096],[128.75808236149336,35.34030725223222],[128.75808450393527,35.340311584760826],[128.75816463984893,35.340472631230504],[128.75835122907918,35.34070915306758],[128.75840563686765,35.34077779141755],[128.75855306359284,35.34091940491597],[128.76032454748187,35.3423966458562],[128.7641168400656,35.3455069511555],[128.7696168449951,35.3460201214871],[128.7701622812415,35.346063835241814],[128.77193457384104,35.346198049563114],[128.77511603867356,35.34644261870904],[128.78060988497484,35.34885128704031],[128.7861039294144,35.35131069083777],[128.7880462198113,35.353264655313666],[128.789992622355,35.35524923404261],[128.79158836840352,35.35687615565844],[128.795043679979,35.360487393665125],[128.79518848797122,35.36073564991995],[128.79606329255026,35.36230042045083],[128.79659038644147,35.36323767277167],[128.79874146439246,35.367704233277486],[128.80255164685474,35.37352859405125],[128.80454762722408,35.37492440401595],[128.80654960757502,35.376288644358674],[128.81354202614915,35.37961375763813],[128.81547955636887,35.38029174841413],[128.81548445009258,35.380293459573636],[128.81778397054092,35.38071580746352],[128.81904168413183,35.38094599891843],[128.82140074723105,35.38113318141678],[128.82454347098502,35.38138568591988],[128.82698710052742,35.38160147386947],[128.82839941903333,35.38217148055934],[128.82913770019184,35.38247095381674],[128.8436815828121,35.38838023960623],[128.848341723384,35.39042660196502],[128.85315337958934,35.39288939751425],[128.85950499061062,35.39554916093097]]]]},"properties":{"name":"김해시","base_year":"2018","name_eng":"Gimhae-si","code":"38070"}},{"type":"Feature","geometry":{"type":"MultiPolygon","coordinates":[[[[128.9511979538403,35.63015352623998],[128.95230357950334,35.62799442006217],[128.95415435871888,35.62510315885415],[128.95612865067517,35.62346836890909],[128.9575672708663,35.62319907975146],[128.96126135152403,35.62056227806781],[128.9615080084296,35.61912776553857],[128.96141385988514,35.617354175529385],[128.96091418515283,35.616760987813926],[128.96065775686887,35.61670724340021],[128.9606074613441,35.6159074797823],[128.9608768336369,35.61558127203625],[128.96216540811454,35.615354547989135],[128.96342017535684,35.61513864292157],[128.9653721077135,35.615072772444215],[128.9692817732191,35.614276666074666],[128.97280747453016,35.613446965579875],[128.97800108958083,35.61145539760461],[128.9796838833928,35.60956160394792],[128.98264227095305,35.6087051716292],[128.9867497196859,35.60912019408852],[128.9877935500141,35.61010441057163],[128.98863360278185,35.61088200229058],[128.99057109983835,35.612101040847676],[128.99138451441428,35.61256795129773],[128.99412921313314,35.613675469128324],[128.9970961000528,35.6150044431935],[129.00014102732086,35.617221681323265],[129.0024758950637,35.619447581207154],[129.00273979074169,35.62025845564048],[129.00574091468724,35.61905277308415],[129.00646749240119,35.61850028253367],[129.00791724158378,35.616191659997796],[129.00850135318714,35.61593743187405],[129.01327675270306,35.61533516587198],[129.0166749853083,35.616288518380074],[129.019413504042,35.61559423055301],[129.02035161224873,35.615232167723526],[129.0224548609788,35.614223359507896],[129.02301841682998,35.61343942869786],[129.02360085706306,35.60924551736203],[129.02290260576746,35.60405901060073],[129.02264797282785,35.60295357247307],[129.02304787641904,35.602433286988706],[129.02430621520293,35.60153092724864],[129.0243699417205,35.60126447188146],[129.02462285803563,35.59991614902243],[129.02301897052794,35.59622735855703],[129.02275488724942,35.59126495755514],[129.0220428272402,35.5898880803913],[129.0216149610088,35.58938329007037],[129.0205134534192,35.58862145147178],[129.01943002039948,35.58765189110119],[129.01893193155396,35.58676123681129],[129.01882330127646,35.58505428834206],[129.01919584393573,35.58426363588862],[129.01889543364894,35.58381993289332],[129.01728671267,35.58324346916622],[129.0144728152107,35.58257177977883],[129.01305081400767,35.58296553631882],[129.0122546807832,35.58269747203017],[129.00793072682745,35.580191626813374],[129.00484437767454,35.57729889053409],[129.00450184511402,35.57697767449351],[129.00432687911578,35.57678558573244],[129.00377697030254,35.57617568448547],[129.0030808855627,35.57511512662575],[128.99581423463135,35.567885502244344],[128.99408020694509,35.56699693209773],[128.99318407721492,35.567346125381604],[128.98932013344145,35.5663414192546],[128.98701089419637,35.56539593115156],[128.9849924493615,35.56459661736499],[128.9816576083494,35.5638501548559],[128.97957330705492,35.5634283049814],[128.97790547715732,35.563446998626574],[128.97697947480273,35.56275450805025],[128.97562681036715,35.561899262032874],[128.97185561263882,35.56023761913542],[128.97119034737432,35.56029998383248],[128.9713444033724,35.559877114847005],[128.97236773459153,35.55712263858548],[128.97291614198573,35.55606262588628],[128.9752094636996,35.55322744011026],[128.97618738696448,35.55223355076053],[128.97702888279153,35.55156352609806],[128.9787857489525,35.54968987506449],[128.97967899768815,35.548635239323],[128.98038609262798,35.54703416048704],[128.9809219865529,35.54637321114387],[128.98219415216332,35.54722725157003],[128.98434553850262,35.54869204813155],[128.9854831904579,35.549544208892314],[128.9874246883645,35.55071050099405],[128.98934785284192,35.55160482380992],[128.9903294772293,35.54991118346321],[128.99094254630407,35.54896769841806],[128.99229112325006,35.54737110788873],[128.9944014459945,35.54575538550505],[128.99441282126116,35.54575187085855],[128.99659111839762,35.54403528670242],[128.9983489307813,35.541720699807506],[128.99896117704185,35.54000148945775],[128.99883355214195,35.5385420918582],[128.99802189883744,35.53764612238337],[128.99723679108396,35.53689252592593],[128.99643136842397,35.53619596208956],[128.99617846847548,35.53572558128578],[128.99592161467544,35.53524774792455],[128.99592133129096,35.534312081541394],[128.9960483541257,35.53367118324837],[128.9961347021426,35.533233911829456],[128.99620712644077,35.53225769584951],[128.99607861677097,35.53202279026727],[128.99551012833027,35.53133763205651],[128.99466344478358,35.53043136150444],[128.99463487088056,35.53016364267604],[128.99457945385535,35.529469782203535],[128.99456748163442,35.52848061115089],[128.99458594512777,35.528130796042035],[128.9934271106164,35.52750277017344],[128.99162070468486,35.525703414980946],[128.98951307446487,35.522809484081925],[128.98915260743345,35.522300077227754],[128.98880868909458,35.52173179726468],[128.98858852725127,35.520694711204406],[128.98858437635616,35.51975313185708],[128.98883163562604,35.51924688724217],[128.98894209147966,35.519016499467504],[128.989246557952,35.51837731037782],[128.98925621017347,35.51834393598946],[128.989645063149,35.51664136212293],[128.98962077937477,35.51662121451979],[128.98876912082915,35.51592234051441],[128.9885622569286,35.51584810560065],[128.98629216653165,35.51512159054071],[128.98481226750437,35.514911275999864],[128.9840603920039,35.51418689346894],[128.9840114576041,35.5134797870408],[128.9825709789855,35.512046077180415],[128.97736392349248,35.50761285092183],[128.97734136582068,35.50759524276904],[128.97727868802883,35.507569885644436],[128.975663840123,35.50761292240404],[128.97344018871024,35.50804251805947],[128.97159081998106,35.508349924216],[128.96210874332542,35.50942426074917],[128.96203812949074,35.50940423811419],[128.96193601826465,35.5093682976927],[128.96122553189616,35.507332947727264],[128.95854540880364,35.50547027585151],[128.95815800847342,35.50206842069618],[128.95795199758243,35.49957412372599],[128.95792562992057,35.49898713832853],[128.95794253039836,35.498938421285864],[128.9579583857686,35.49890434851331],[128.96020793907516,35.49566129053796],[128.96133059524456,35.494507574995026],[128.96337918472756,35.49289940806715],[128.9646054213754,35.492512363967705],[128.96591764414921,35.49158891994402],[128.96754672726564,35.49009604342949],[128.96762427174542,35.48997649719371],[128.9677273171226,35.48938645099356],[128.96635337852348,35.488638687369814],[128.96439594757882,35.48668522492275],[128.9631577611953,35.484502127311174],[128.9636397362841,35.484055284910745],[128.96365816607084,35.48404261959899],[128.9652107993936,35.48080134807153],[128.9646841665464,35.47956019783366],[128.96443413454207,35.477760329101436],[128.96452836746573,35.47689227952477],[128.96510745138872,35.475907363237766],[128.96656926634066,35.475168299068365],[128.96839432232048,35.47188297711611],[128.9683746920429,35.46977546029016],[128.96763015716138,35.46726975950885],[128.96711325833832,35.466757697488354],[128.96705886414134,35.46673613308856],[128.96705267440794,35.46673415634707],[128.9632034150711,35.46663259122814],[128.96201771618357,35.464484842814954],[128.963323930496,35.46404460329963],[128.9639060542737,35.463794815992706],[128.9638853299207,35.463561315268606],[128.96129857127406,35.4609089384323],[128.9612910056146,35.460901896749036],[128.95898264125083,35.458765705956566],[128.95847815294343,35.45840247067762],[128.95774820830354,35.45801605241287],[128.95705938287216,35.457664431859506],[128.9546928331598,35.45679686736739],[128.9501053299335,35.454256551644164],[128.9500891513237,35.45425147087145],[128.95007692524038,35.45424878950067],[128.94833520966645,35.45435183026442],[128.94790074530823,35.454421345610754],[128.94631324646116,35.45500085020382],[128.94301786023613,35.456199458449596],[128.94298360695103,35.45620886937336],[128.94240585502655,35.45635576230432],[128.94115162092257,35.45610657088519],[128.9383544328049,35.455296782399834],[128.93808580816147,35.454574745865294],[128.93801573314713,35.454385433403814],[128.9380013195305,35.45432346084287],[128.93798618461366,35.45430838277834],[128.93797775093745,35.45430232184211],[128.9335669345559,35.45264292594243],[128.93355229624282,35.45264136696139],[128.933510128328,35.45264485924289],[128.93175625283973,35.453694030446314],[128.93171337753787,35.453712733901476],[128.92985536580207,35.45431749902197],[128.92983660636892,35.45431819098396],[128.9278389372584,35.45365212824226],[128.9270980989027,35.452583486948335],[128.92638150058852,35.452122951595285],[128.92386609557354,35.45228049626868],[128.9220278251367,35.45256842409355],[128.92002470450723,35.452117704207545],[128.91851202135808,35.45177460021915],[128.91785323037234,35.45089818093441],[128.91698111059029,35.449121152584254],[128.91694452900495,35.44905056227906],[128.91493418753356,35.44756832057918],[128.91362449978146,35.44660691006694],[128.9126620862948,35.446008808012884],[128.9110502544287,35.445499072601045],[128.91101930210004,35.44547891428987],[128.9100366865095,35.44466051485477],[128.90875968372765,35.442899161496946],[128.90935727652456,35.441760449503775],[128.90919180480157,35.440939137491824],[128.90722254397397,35.439800836645816],[128.90705495828277,35.43977746988018],[128.90646525275272,35.439906886737305],[128.90643907620392,35.43991218381089],[128.90638360085677,35.43733607989627],[128.90791533831347,35.435362272380864],[128.90797372287943,35.435319784780035],[128.90990127680607,35.434446709034106],[128.91003816281804,35.43437047948412],[128.91033125478782,35.4341764960396],[128.91159538080998,35.43333922289494],[128.9155810773687,35.43027399575526],[128.91834502122717,35.428551038214096],[128.9222549177841,35.42595858332999],[128.92226353216802,35.42594296010357],[128.92343306759514,35.42338469040206],[128.92346014688687,35.423311755384226],[128.92360021081487,35.42293357165828],[128.92367329797614,35.42172515403531],[128.92368806741786,35.42084933576149],[128.92250417292476,35.41949391808589],[128.91964851327504,35.41719591448752],[128.9192252800091,35.41687340680864],[128.91870864389955,35.41654492204228],[128.91766066206173,35.415988203054404],[128.91324062514488,35.41449816443954],[128.912648011579,35.414465057121],[128.91200607927604,35.414696105701],[128.90656173826218,35.41778966597736],[128.90596671314316,35.41817619564726],[128.90562476484624,35.41841238440432],[128.9043915827611,35.419271165402755],[128.9040079443427,35.419540412650434],[128.9035396856681,35.41978958024674],[128.90219400084763,35.41919671485363],[128.8992274912284,35.41768396803124],[128.89844029212895,35.41656200921659],[128.89703804412054,35.41614662362884],[128.89570114129745,35.416028569171345],[128.8927874449641,35.41520155629273],[128.89163107475233,35.41479323359315],[128.89089892682014,35.41452442423038],[128.8908908535278,35.41451850448872],[128.89088551895614,35.41451455203587],[128.89079636328879,35.41442448273048],[128.89128067115473,35.41414326383265],[128.89223937802214,35.41173592617607],[128.89181093193343,35.40926775993331],[128.89131668322858,35.40904564921737],[128.89081968171627,35.40868945316278],[128.89054537038328,35.406634054477415],[128.89055909442524,35.40515717668729],[128.89026861924097,35.403984629061185],[128.89022649718854,35.40397135920248],[128.89012326270492,35.40399322742866],[128.88913475469204,35.40422159048578],[128.88792256023885,35.40424256800627],[128.88772248574165,35.40414308866592],[128.88476197671625,35.40225904520583],[128.8814247469408,35.39968251167913],[128.8794236808544,35.398089264100165],[128.8792777913299,35.396631936985294],[128.87946048801635,35.395116356262704],[128.87966245229524,35.39280425208806],[128.87965955421498,35.3927836917729],[128.8796554516684,35.39276649735955],[128.87908568624468,35.39126931814831],[128.87959563786202,35.389314672026586],[128.8803049568315,35.38810804025992],[128.88030668348162,35.38810198432183],[128.88064937972808,35.38675231262038],[128.8806103566354,35.386513145033675],[128.88060830455404,35.386508500906565],[128.8802280872834,35.386498259826276],[128.8799501871468,35.38649304904178],[128.87994364754965,35.386493186860584],[128.87991871815154,35.38649414423828],[128.8797919494951,35.38650739335547],[128.8795339433315,35.386534738340316],[128.87933208386565,35.38651693419782],[128.87891030063287,35.3864738296405],[128.87734379356772,35.386025942995666],[128.87687402403583,35.38587744401154],[128.87611522859197,35.38557767295362],[128.87579756775668,35.38515991396618],[128.87566489086316,35.38454842866825],[128.87558002206106,35.38405515576961],[128.8752732353207,35.382836357855325],[128.87478150911699,35.382336313750535],[128.87471365279904,35.38229047229752],[128.87465539896135,35.382262815017675],[128.87446679852172,35.38223275493672],[128.87428589867577,35.38223129409443],[128.87238043167616,35.382190408544275],[128.8723705769145,35.382226450208044],[128.87140282555114,35.38583069657484],[128.87109964344387,35.38721727577643],[128.87072783960397,35.38891783523112],[128.8694534866975,35.39176940603332],[128.86523229103742,35.39546829635357],[128.86374487034297,35.39548421703376],[128.85950499061062,35.39554916093097],[128.85315337958934,35.39288939751425],[128.848341723384,35.39042660196502],[128.8436815828121,35.38838023960623],[128.82913770019184,35.38247095381674],[128.82839941903333,35.38217148055934],[128.82698710052742,35.38160147386947],[128.82454347098502,35.38138568591988],[128.82140074723105,35.38113318141678],[128.81904168413183,35.38094599891843],[128.81778397054092,35.38071580746352],[128.81548445009258,35.380293459573636],[128.81547955636887,35.38029174841413],[128.81354202614915,35.37961375763813],[128.80654960757502,35.376288644358674],[128.80454762722408,35.37492440401595],[128.80255164685474,35.37352859405125],[128.79874146439246,35.367704233277486],[128.79659038644147,35.36323767277167],[128.79606329255026,35.36230042045083],[128.79518848797122,35.36073564991995],[128.795043679979,35.360487393665125],[128.79158836840352,35.35687615565844],[128.789992622355,35.35524923404261],[128.7880462198113,35.353264655313666],[128.7861039294144,35.35131069083777],[128.78060988497484,35.34885128704031],[128.77511603867356,35.34644261870904],[128.77193457384104,35.346198049563114],[128.7701622812415,35.346063835241814],[128.7696168449951,35.3460201214871],[128.7641168400656,35.3455069511555],[128.76208151077674,35.34568883678931],[128.75861632171097,35.34599850957146],[128.75628492864777,35.34702522517087],[128.75356782349022,35.348222731597005],[128.74760849516144,35.34825796703263],[128.74760821783235,35.34825796628903],[128.74400290058549,35.34824819745263],[128.74400261442625,35.3482481949884],[128.7432909866842,35.34824620949882],[128.7432907093549,35.34824620874531],[128.7429294490152,35.348470093358074],[128.74210514407133,35.348981137238184],[128.74117481890548,35.34956510382722],[128.73705354914878,35.35218979119191],[128.7365930885779,35.35248662547554],[128.73603936917615,35.353068377619664],[128.7359506096252,35.35316144916912],[128.7352256660361,35.35391871636677],[128.73249156117154,35.35675905627949],[128.73248006981677,35.356767809209494],[128.73107478144345,35.35783387675609],[128.72628961277775,35.361346653125736],[128.72555996026517,35.36180934923209],[128.7178778802268,35.36648127682693],[128.71372468172052,35.36871545589053],[128.7129661012524,35.3688888367205],[128.70994713965285,35.369579576607315],[128.70902717435416,35.3697970404789],[128.70521097510107,35.37070846180994],[128.70352025502825,35.37111233440547],[128.70003892453087,35.372947242695226],[128.6988446144655,35.37357993669939],[128.69800733461224,35.37402229737262],[128.6964033838056,35.37469986312081],[128.69481749481685,35.375341420280265],[128.69481721689178,35.37534153483001],[128.68936720476952,35.37755287224458],[128.68698894650174,35.377543176552145],[128.67525748194896,35.3774579004801],[128.67166714447407,35.37743126932171],[128.67048173307242,35.37742990960417],[128.66498492187625,35.376078463814544],[128.66311291414223,35.37537059712528],[128.66106780721685,35.37460396283627],[128.65949141418585,35.37401915532494],[128.6594744601652,35.374020913906946],[128.65628789228816,35.374350310909556],[128.65398684547588,35.37458528765537],[128.6533691885697,35.37464737489402],[128.65073325255278,35.37490080309421],[128.6500809000021,35.375702616310996],[128.64944904895498,35.3764804207929],[128.64759634048795,35.37942231264703],[128.64739786217328,35.38025713742453],[128.6475292647389,35.38072339394626],[128.6492567208805,35.38117134737139],[128.6499654349163,35.3813135431621],[128.65047927249637,35.38142868818128],[128.65058781000548,35.38146040522387],[128.65163930976564,35.38178905529573],[128.6516339205523,35.382401367049575],[128.65130970143002,35.38293628713289],[128.6496047577575,35.38552910683108],[128.64955885769072,35.38552755823628],[128.64898249219246,35.385507428059896],[128.648932028951,35.38548347032598],[128.6451343014549,35.38465327160125],[128.640693778537,35.38371850404237],[128.63956554263828,35.384095793302116],[128.6389402100924,35.38434263235937],[128.6385841079052,35.38460307558979],[128.6385479467255,35.38495729982528],[128.63874107625915,35.386568557725944],[128.63948152383182,35.38704650148597],[128.63991325251052,35.38725974578547],[128.64070446642643,35.387343644439966],[128.64148339579086,35.38736949182364],[128.64245365697582,35.38745152651568],[128.64292485928607,35.387568550912135],[128.64365472370395,35.3877998386929],[128.64412044633318,35.388071196597636],[128.64444923797151,35.388467899383784],[128.64461292925674,35.388979031293076],[128.6445884143312,35.38935342408563],[128.64428645529634,35.38993275762243],[128.64387685921406,35.39054091584624],[128.64373230514246,35.39098875727131],[128.64366032268845,35.39147961686815],[128.6437806144828,35.39200625916685],[128.64395831653266,35.392582354571076],[128.64417618374628,35.39317631629705],[128.64456091751887,35.39368289242072],[128.6462282958624,35.395572962860044],[128.64685333795143,35.39619614251496],[128.64754586697632,35.396766280611466],[128.64773227010588,35.3968923076718],[128.64838668909496,35.397330096343424],[128.64896858098072,35.397600778945524],[128.64923534558773,35.39771886765402],[128.64927784617794,35.39775335434204],[128.6495222409597,35.39795446405781],[128.6493021573335,35.39845348876085],[128.64910748966693,35.39887936048788],[128.64904587736416,35.399006489624874],[128.64774061583185,35.404277045978056],[128.64696601212205,35.40884456964192],[128.64640425976745,35.41086917681008],[128.64620269277154,35.41156513419169],[128.64603570923035,35.412024168144484],[128.6459446428562,35.41266510159791],[128.64600370894075,35.41319901948762],[128.64614569572046,35.41373261557753],[128.64627794137712,35.41421549025534],[128.6465513746117,35.41490325966466],[128.64678911709294,35.41545319545303],[128.64714873261582,35.416107845126895],[128.64749383462674,35.41669611525153],[128.64831692456642,35.41782445383434],[128.64868739131774,35.41828238944359],[128.6490119954127,35.41868597049624],[128.64948052315836,35.4195010476075],[128.65018941924387,35.42079128335539],[128.6505344663722,35.42144362629433],[128.65081108999513,35.42204450475434],[128.65082820754924,35.42246239259411],[128.6508492948849,35.42299564101897],[128.65081792175098,35.424041773231586],[128.65103828961165,35.4255590007922],[128.6511565668957,35.42611629363139],[128.6489121898351,35.42667943399885],[128.64716201119572,35.429460783854],[128.6472084620611,35.43013084503026],[128.6472331772826,35.43049834499706],[128.64723845366737,35.43066918613757],[128.64528326173487,35.432664763132614],[128.64466594030313,35.4329616386727],[128.63988829484612,35.43467948986674],[128.63887932406055,35.43473870901204],[128.63771775745246,35.43467818180588],[128.63618615496935,35.43478608136598],[128.6344829266273,35.43691617301343],[128.63425705588782,35.43754555446382],[128.63457956363627,35.438147734952764],[128.6345723281599,35.43894564855059],[128.63456825141637,35.43912322129465],[128.6345503767052,35.439649872344496],[128.63392052475515,35.44200262023998],[128.6338167233907,35.442386909835236],[128.63292452186494,35.445162744606534],[128.63246771896758,35.44619390863417],[128.63226713236708,35.4465905786847],[128.63181543287098,35.44748106492877],[128.63098349735384,35.448719783516836],[128.6260975047394,35.45197276067551],[128.62395991059645,35.451671910656145],[128.62321104034015,35.4515661968597],[128.6191082581775,35.450080343999694],[128.61694197521774,35.44927778384484],[128.6159906580773,35.44825078078386],[128.61591353819585,35.44724487368769],[128.61545888121393,35.44619156979184],[128.61497994295857,35.44611723051711],[128.6128902396064,35.44670721995079],[128.60894931837004,35.448129656294356],[128.60587895441205,35.450637659568216],[128.60501159988476,35.45107898139288],[128.6039118153347,35.45150151606488],[128.59928870427345,35.45279577080597],[128.59418689142805,35.45342979881152],[128.59242635512766,35.45276902486588],[128.5908234932087,35.45233220222602],[128.5878547240548,35.45233095512757],[128.5841981662344,35.45328468114086],[128.58322374935696,35.45358602238762],[128.58148755608212,35.454995211570974],[128.58009683099803,35.45711487475391],[128.57822796848052,35.45865195287354],[128.57728901277207,35.45973880799795],[128.57811438775724,35.463445350932844],[128.57874990964848,35.46499218824586],[128.5792213192866,35.46559967836786],[128.57907154069645,35.466491443160336],[128.57904210514116,35.46665639026846],[128.57746379844028,35.4702847886451],[128.5750097390271,35.47144009118615],[128.57388190284752,35.47246118558003],[128.57326429163888,35.47540103438235],[128.57294153799373,35.47707983127755],[128.57317149505542,35.47861538707481],[128.57231119099637,35.48058842809717],[128.57216415720796,35.4808149170178],[128.57160546643607,35.48204348867499],[128.57139377213596,35.48571284695906],[128.57192430910595,35.486578570360145],[128.5721525173166,35.48679330205533],[128.57236489828068,35.48719949582314],[128.57305009587262,35.48854951357879],[128.57316413093793,35.48938460147664],[128.57284827863893,35.489880321024515],[128.5727336401249,35.4899383569006],[128.57204201166675,35.49028064482752],[128.57123615668192,35.490280733599434],[128.57116667803342,35.49204125220353],[128.57119839754137,35.49242145826642],[128.57183455961928,35.49412351842617],[128.57361218622844,35.49815214557015],[128.57436286118545,35.49915721410717],[128.57535653868453,35.500360436783886],[128.57672312068166,35.50325926053769],[128.5772094049735,35.50461432542637],[128.57751976413527,35.506348997231676],[128.58076227566153,35.50657891124202],[128.5859009124696,35.506531934223595],[128.58931772013213,35.50973536502304],[128.5898802145148,35.51048212420341],[128.59175274529565,35.51486599194845],[128.59191406218528,35.51573477271082],[128.59170621439463,35.51746396588644],[128.5917061065295,35.51746398128856],[128.59053097274534,35.517636669618085],[128.58940685087492,35.5178091544815],[128.5875577323861,35.51888352992386],[128.584899485171,35.5205576894053],[128.58266342003301,35.523807128802844],[128.58268916038352,35.527441119178675],[128.58378844160066,35.52896769048854],[128.58264600984612,35.532662402605624],[128.58193426840398,35.53445687951479],[128.58120323056627,35.53518775851577],[128.57949409824477,35.536609774010195],[128.57830695795099,35.53684910354901],[128.57760154683456,35.536990129949615],[128.57743790133122,35.53737781204286],[128.57744380686472,35.53785847700662],[128.5789057797752,35.538124264839176],[128.57974740508337,35.53844717773472],[128.58509347215113,35.53869445453138],[128.5853536798613,35.53861987029311],[128.58618588919913,35.53838108495226],[128.58714779661742,35.53771405691581],[128.58931377561294,35.536992132019975],[128.5911308779815,35.53700452284892],[128.592523444522,35.54041219196544],[128.5915083013438,35.54294460688773],[128.58974718236692,35.544290965673675],[128.5886062583114,35.546927988248186],[128.58660493954065,35.551993261119804],[128.5859539723725,35.55371614438304],[128.58561780047188,35.55527787265913],[128.5871413892019,35.556747564876794],[128.5880214323842,35.5567625556036],[128.58911141240608,35.557205809645076],[128.58963959120916,35.5606484232569],[128.5890958391714,35.56250138254844],[128.58873958078658,35.56327808557495],[128.58820809079083,35.56387590023381],[128.58751294507073,35.5644580855872],[128.585979363322,35.565159198603176],[128.58362712414504,35.566616363033376],[128.58427479248707,35.56805446240294],[128.58513120545211,35.56899349876106],[128.58547293114515,35.57004030834249],[128.58572952033188,35.5709855657149],[128.58571350343206,35.5724522172013],[128.58544800138236,35.573196126882706],[128.58503785718676,35.57444299147381],[128.5847092981204,35.57973760547578],[128.5853865336868,35.5801501688421],[128.58641479515643,35.580452127676445],[128.58694571719735,35.58129425401303],[128.58777904939765,35.58189478495961],[128.59046806630548,35.583797522246854],[128.59318771047478,35.58444653271131],[128.59459702455203,35.58355931213642],[128.5959894366245,35.58280678241038],[128.59973756194634,35.581215330577955],[128.60094280686315,35.58071349530913],[128.60251916135812,35.58014513806755],[128.6028572545984,35.5800652760619],[128.60579639611746,35.5802438140543],[128.61470362538867,35.58165591373747],[128.61502951131416,35.58196240374166],[128.61549815013146,35.582736053715436],[128.61598132429458,35.58321106042398],[128.61683593103453,35.58391890361353],[128.62135153826026,35.584986604327646],[128.62268829019408,35.58476563168598],[128.62522267384233,35.585093524568876],[128.62680728638955,35.585438409057375],[128.62684569334837,35.5856308985737],[128.6268926795756,35.58586890085422],[128.6277977942127,35.586531614789145],[128.62879467918165,35.58699688916094],[128.62914408227746,35.58711978583766],[128.6307467115681,35.587420182359885],[128.6311657505375,35.58724727040849],[128.63194280631367,35.58618501130802],[128.63518281273755,35.58498238708744],[128.63653240375157,35.5846979237209],[128.6373193571087,35.58637866803332],[128.6370417959003,35.58721701318393],[128.638065651389,35.58859582762954],[128.63975443277667,35.58872906061403],[128.6409027547169,35.58881784395156],[128.64313395154164,35.59126585166053],[128.64409080504097,35.59305252932268],[128.64523497398196,35.59366751454521],[128.64609070537577,35.59365835747434],[128.6469805750654,35.593649151599664],[128.64723644352262,35.59364694676015],[128.64794101931707,35.59382194747775],[128.65060791550104,35.59461357190173],[128.6537800622538,35.5961203081458],[128.6540853717925,35.596289899391834],[128.65540684489153,35.59703908314936],[128.65632122246362,35.597875110564104],[128.65829247724608,35.59768682881219],[128.6591151547853,35.597432437352595],[128.66202556582792,35.59585483992457],[128.66343354770316,35.59470472909601],[128.66407663761555,35.59401070441145],[128.66441875994647,35.59375282468493],[128.67004918888344,35.594276261409995],[128.67112050158144,35.59484039000606],[128.67207011777285,35.595528244479105],[128.6725532025403,35.5958741700662],[128.6725643998174,35.59587574168013],[128.67424284077825,35.59609971824634],[128.67653117459324,35.595420086353606],[128.67828375094376,35.594747851917326],[128.68392580107837,35.594904096793314],[128.68760366488232,35.59502512748799],[128.68924003602368,35.594456358311284],[128.69160530362365,35.59331909346378],[128.69162973726034,35.59270571420122],[128.69319294319743,35.590875470094616],[128.69403764592587,35.58824037445604],[128.69403616446883,35.58695941710944],[128.69494028113377,35.58341755320686],[128.69571501671103,35.582690891078855],[128.69689493416018,35.582204442403885],[128.69697858077078,35.58220457006816],[128.69720675343225,35.58213135372851],[128.69840961733527,35.58151024298699],[128.69911618473668,35.58111038563593],[128.69934001514875,35.58077028646266],[128.70330840898086,35.57801011135757],[128.70545207899082,35.57793146621299],[128.7064784576832,35.578063678727034],[128.70697690904672,35.57813206876197],[128.70860548413538,35.578438536894524],[128.70907240489683,35.5785493694111],[128.70931749479786,35.57860685736438],[128.71095561647894,35.57890092346174],[128.7124077072134,35.579107905646374],[128.71400518386386,35.57857644120409],[128.71441970891715,35.578157628474266],[128.71495740972532,35.57759788369683],[128.71676959657268,35.578548221931875],[128.7203149613924,35.58057556719273],[128.7205611141403,35.58072653975901],[128.72258379473553,35.58140142800082],[128.72400855077797,35.58156005389173],[128.72462029956657,35.581476679505414],[128.72532039271314,35.58071867074991],[128.72744095140698,35.578076393598934],[128.72761717205904,35.57780739447389],[128.73197270942896,35.57595308775821],[128.73507804043723,35.57637824509494],[128.73628137794628,35.57675126920284],[128.73741827484494,35.57715399629216],[128.74038310939807,35.57601130922472],[128.74336856319368,35.57394646039016],[128.74785719158422,35.57113720244121],[128.74876303665877,35.57073310360106],[128.7495464242842,35.57051631946236],[128.7503852691612,35.57031486081975],[128.75091998365016,35.570579172709806],[128.7534012708615,35.570434319831314],[128.75384764974092,35.57033905500515],[128.75526302327916,35.568787935536065],[128.7556134758579,35.56837968493953],[128.7562882049889,35.56800392647714],[128.75717865262237,35.56770647875911],[128.75813554260355,35.56749337066671],[128.76012054591786,35.5677939437684],[128.76496678274194,35.568668362041045],[128.76751571804763,35.56989134048201],[128.77057570354816,35.568804144561874],[128.7710372686873,35.5686311071474],[128.7759428380319,35.56795103583663],[128.78269712876002,35.567046133121984],[128.78552869198657,35.56688816131717],[128.78672173935308,35.56721490210183],[128.78773290489312,35.56749680173656],[128.78875981824032,35.56815771121889],[128.79144048134057,35.569882861814314],[128.79234593878795,35.570466192164936],[128.79405025166506,35.572284535821254],[128.79490199283902,35.573198553995624],[128.79501349514206,35.57334351533189],[128.79878056720997,35.578306302120275],[128.79968252224884,35.58041401844669],[128.79988317227816,35.58131324695507],[128.80035051471594,35.58462387761416],[128.80018401498032,35.585730917887325],[128.80071574620084,35.58762507145375],[128.80122742201956,35.58818359990379],[128.80165567110203,35.5886008678041],[128.80181816020365,35.588703519209396],[128.80201870308366,35.58882693556669],[128.80264546292264,35.58914694714647],[128.80360540697475,35.5893601837506],[128.80428458982337,35.589398755726144],[128.80607341642573,35.58906340106214],[128.80888568109637,35.588922738932574],[128.80956359443445,35.58898423653629],[128.81026478507147,35.5891916611148],[128.81844833878478,35.59297893401305],[128.8219528893379,35.594643416189555],[128.82291125979125,35.59577215824552],[128.82376293503563,35.5961178747004],[128.82629468983686,35.59677529394655],[128.83364828401466,35.597354135881446],[128.834895165491,35.596725807781304],[128.83561039356567,35.59579620873538],[128.8411460478122,35.590367097764144],[128.84263832594763,35.588994167198265],[128.84473321984456,35.589624029442604],[128.8519180648245,35.59491076825077],[128.85407516076353,35.597181994365506],[128.85410142221681,35.59743241408848],[128.8554951913929,35.60099927153773],[128.85935857700846,35.60622093147326],[128.86189205387595,35.60773087593863],[128.8629488056192,35.60802670391837],[128.86392490705123,35.60829088529693],[128.8647903326159,35.60904712005435],[128.8662372539996,35.61156249402134],[128.86788258998132,35.61469601957056],[128.86814753568913,35.616121187827],[128.87012705030716,35.61792846988169],[128.87196571369245,35.61825125352873],[128.8728136025275,35.619733648788404],[128.87387627808798,35.621636067689174],[128.87487551663153,35.628472380747496],[128.87537847817484,35.632329838969284],[128.87707838454656,35.63370494010195],[128.87889347885698,35.634467258183214],[128.88146070158515,35.63547786415091],[128.88479462091274,35.63398458992357],[128.88509998546482,35.6333618734815],[128.88471165804546,35.63219771661158],[128.88471196154563,35.63198957435903],[128.8872448653329,35.629107753665615],[128.8887731430062,35.62885697239582],[128.89191615424667,35.6293096662822],[128.89747599895617,35.631358399472944],[128.9016672469184,35.63321112048314],[128.905703791141,35.636054150725705],[128.9091429614412,35.637776870716856],[128.9104940621384,35.63852429937661],[128.9128513514149,35.640002732114155],[128.91505369894088,35.64061874471925],[128.9238664158038,35.63890738631563],[128.92662440509486,35.63830315297213],[128.9292353294409,35.636796647763155],[128.93020677276317,35.636731603518314],[128.93731713261636,35.63570616294792],[128.9407345873334,35.635141307070796],[128.94114515682338,35.63507343740238],[128.9467052760123,35.631815420636805],[128.9511979538403,35.63015352623998]]]]},"properties":{"name":"밀양시","base_year":"2018","name_eng":"Miryang-si","code":"38080"}},{"type":"Feature","geometry":{"type":"MultiPolygon","coordinates":[[[[129.05327729918153,35.5257171882801],[129.05211296757616,35.524401499471026],[129.05242633892595,35.52250863764925],[129.05218976976812,35.52133944308639],[129.0510564070588,35.51984009644458],[129.05115861651993,35.519092109444884],[129.05191492035135,35.51705936164529],[129.05263036810183,35.5144724617121],[129.05861693025653,35.51132733880663],[129.06161365016604,35.509625651435236],[129.06440562801004,35.50925624707181],[129.0653356803262,35.50879932993368],[129.06679559779698,35.5080354024611],[129.06807102600223,35.50726550055321],[129.06860345035952,35.50692777619619],[129.0688129698855,35.506822742451966],[129.06946942333582,35.506521848871934],[129.07104063803254,35.505896656120825],[129.07169590827715,35.5056405319113],[129.07724720927473,35.50371993085857],[129.07974751923467,35.50299236446261],[129.0864410393812,35.501839941396376],[129.08690748092872,35.50122520154185],[129.08733125441995,35.500725353108884],[129.089260134538,35.49919963998025],[129.089834032474,35.498801516281105],[129.09003691735646,35.498661385525864],[129.0900503281695,35.49865223646787],[129.09015021333448,35.49858433628307],[129.09045593879574,35.498379559891156],[129.09061876581322,35.49830522715546],[129.09069830756553,35.49827981823426],[129.09112885119268,35.4981458485446],[129.0934646025157,35.497893839426766],[129.09433825211016,35.49761812719611],[129.09489575154237,35.4981162359191],[129.09679182025775,35.49814601849746],[129.09695982963063,35.49793956876201],[129.09713471252408,35.49772579912357],[129.09741444115073,35.497485180049196],[129.0978774635396,35.49715512886525],[129.09826103996122,35.49693160417203],[129.0991476953672,35.496609520058406],[129.09953190258025,35.49647922630673],[129.10045579748137,35.49661986389631],[129.10128973657004,35.497272623680054],[129.10221323508657,35.49764054278779],[129.1025991995101,35.49767274629748],[129.10400944338045,35.49728259172546],[129.1040569283807,35.497252131487166],[129.1042751159168,35.49711083779907],[129.10526757404787,35.49646513156717],[129.10672323676405,35.49513585353715],[129.10649011084703,35.494372769251],[129.10633013183764,35.49383873917942],[129.1062185035367,35.4918201951889],[129.1062658635996,35.49129275484598],[129.10678937719857,35.48947743627453],[129.10745949164638,35.48865032589163],[129.10797186780988,35.48821048734911],[129.10850855170372,35.487922437364965],[129.1093749513665,35.48659674876594],[129.10926828582566,35.485372473812724],[129.10908227240495,35.48507492917339],[129.10895803889528,35.484878163749],[129.1089390727046,35.48485972474888],[129.10876322141357,35.48468948243434],[129.10825832597627,35.484250404031485],[129.10815007339028,35.48415727119885],[129.1080469517716,35.484040333733084],[129.1079479489579,35.483911136926835],[129.10792143032637,35.48364879521382],[129.10832247108806,35.48107422893624],[129.1094393719956,35.47966184389337],[129.10962854093034,35.47949859643284],[129.1120207288563,35.478152210846545],[129.11373436402818,35.47744690556167],[129.11569592341905,35.47664036572821],[129.11712585974013,35.47515254830314],[129.117559753848,35.47398480544638],[129.11854646274222,35.47237009184718],[129.1188378275804,35.4719573116875],[129.1199977157681,35.4710724780827],[129.12127176180906,35.47010668627703],[129.12169084285654,35.46748881293779],[129.12112255209715,35.466534409799294],[129.12058203593796,35.46549351405561],[129.12176606408906,35.46344269843353],[129.12638468937314,35.461676941146685],[129.12855819725235,35.460031333326285],[129.13088394970194,35.45816596366616],[129.13128449882404,35.456353760019255],[129.13408702917263,35.454606486609514],[129.13567038693,35.45349082487491],[129.13808867645687,35.452108126110154],[129.1386131517558,35.45071753952535],[129.13875306160273,35.450404597976835],[129.13959301887508,35.44852933663609],[129.14046610302026,35.44762913281733],[129.14315226333832,35.44565411158643],[129.145080344304,35.4446729167197],[129.14599327378184,35.44411893815433],[129.14779653211014,35.444142395031555],[129.1520444217847,35.441865583429895],[129.15245084619536,35.44128725546624],[129.15276955814667,35.44082648270599],[129.15344840633117,35.44016696486216],[129.1540039314984,35.43972391769348],[129.15509161745777,35.438874178535755],[129.15847121175952,35.436498113728454],[129.16034685426146,35.43552759406987],[129.16195143934365,35.43498792321356],[129.16261522049237,35.43477128833663],[129.1634688289968,35.43448735399674],[129.1651939978349,35.43360962718019],[129.1656455952471,35.432120163613625],[129.16760893235409,35.43179835471426],[129.16783674470278,35.431794805425135],[129.16804993532494,35.43179254141084],[129.16823465468462,35.43183946073544],[129.16993834103886,35.43234689659425],[129.17001503135427,35.43248903476234],[129.17007774922016,35.43261076388935],[129.17063319427805,35.43326963598428],[129.17107607283887,35.43341716311349],[129.17112942691378,35.43342356842888],[129.17184594301636,35.433505932031885],[129.17266313320798,35.43359730396991],[129.17276364557836,35.43360814528417],[129.17283042541754,35.43361522929288],[129.17674546795803,35.43363256482409],[129.1774671402881,35.43291990168545],[129.17835873771904,35.432259515014444],[129.182069668013,35.433522897653276],[129.18369854816652,35.43415094528814],[129.18444283281545,35.434484433171505],[129.18716032424334,35.4348250366553],[129.18830703110078,35.434748205562386],[129.1885809888567,35.434756236279675],[129.1899360997996,35.43490833488444],[129.1900646838157,35.43492560067524],[129.19014060442362,35.434944211335015],[129.19024253127046,35.43496926270486],[129.1903296861885,35.435004331498824],[129.1903887653558,35.43502817781993],[129.19043871199253,35.43504852236257],[129.19051313723884,35.435088542086135],[129.19056949496553,35.43519928711695],[129.19060326877377,35.435289930117],[129.1906593736354,35.43544235727136],[129.19069573445,35.43554017820533],[129.19075408193126,35.43561824835904],[129.19081825588177,35.435687156465704],[129.1910554954724,35.43588352280404],[129.1911149818744,35.435932433332816],[129.19132530455798,35.43610026171437],[129.1914820139903,35.436224928323696],[129.19205671672276,35.43662162979117],[129.1933628993158,35.43748547539254],[129.19697791901183,35.43888844042445],[129.19712665875318,35.438695659246086],[129.1973581356634,35.4383947674636],[129.19694784882458,35.4382092023106],[129.1980087293259,35.43733901025685],[129.19845199574164,35.43684045314024],[129.20192021967145,35.43258717259868],[129.202112185148,35.43207423307554],[129.2007277341067,35.43068666489208],[129.1999430513858,35.430451930623946],[129.20093207509288,35.42807308841528],[129.20055654174848,35.425377086223094],[129.20015744960088,35.424147740372575],[129.20213734713678,35.421547834665006],[129.20327927014526,35.42101317409564],[129.20563044319962,35.420260986067056],[129.20694524644074,35.42000737071165],[129.2078344482725,35.42003909624812],[129.2086441563484,35.42006488562653],[129.2102397347562,35.4197476683135],[129.2108593881416,35.419399164989734],[129.21145653565267,35.41906295373587],[129.21286335531596,35.417363066491525],[129.21296612591408,35.41672859251107],[129.2130797161027,35.41602423641997],[129.21390004110958,35.414079902576525],[129.21478802842688,35.41302014137149],[129.21611988133316,35.41243952483087],[129.21680031489188,35.41214074352209],[129.21817540455962,35.41152947280452],[129.21888797882826,35.409302079841765],[129.21907199554443,35.407684454672186],[129.2188837843623,35.406971481735816],[129.21380836096867,35.402081433568476],[129.21056957635182,35.399714367185446],[129.21027326074696,35.399666716681494],[129.2096861420313,35.39956591440489],[129.20941373746138,35.399518780634274],[129.20891850313416,35.3994327404899],[129.20790252374763,35.39708274110704],[129.20785476754912,35.39649824065639],[129.2078285358622,35.39612549974978],[129.20780565659587,35.395784733639736],[129.20723491404655,35.395417293075354],[129.20653617848956,35.394968381061744],[129.2059072310328,35.39456822499854],[129.20495513843514,35.39397003177926],[129.20378328190174,35.393239815483604],[129.20326426105552,35.39290818652639],[129.202815499076,35.39261065225375],[129.20203314669308,35.39116040777379],[129.20187291272802,35.390623271512524],[129.20182775629524,35.38968230777032],[129.2011698914996,35.38778167625433],[129.20115878576777,35.38779060840381],[129.19936771844633,35.38903744949351],[129.1993488154421,35.38901300925763],[129.1992002199996,35.388820856347586],[129.19901845646592,35.38858536869117],[129.197921503593,35.387164974665],[129.19640888636172,35.38530171158433],[129.19626547285486,35.38514873750957],[129.19604392336672,35.38491622892121],[129.19572505984718,35.384581847195506],[129.1949250936187,35.38390351490709],[129.1948578465194,35.38384884514201],[129.1943464577259,35.3834482675793],[129.19359479508066,35.382088578915926],[129.19456986654419,35.380257272412535],[129.19561474029186,35.37997627014659],[129.1983923291109,35.377114481886515],[129.19918184744168,35.375977537116505],[129.19902520952118,35.374968349158344],[129.19849260754356,35.37310345722152],[129.19782820699785,35.3714100622556],[129.19846246157437,35.36982272214741],[129.1986986619385,35.36732574764337],[129.1987624678622,35.36649641825249],[129.19791505778124,35.366103235624294],[129.1968568044724,35.36555308104107],[129.19378138630327,35.36334068822595],[129.19369026884965,35.36197985251392],[129.19336953812495,35.361242260457374],[129.19015320793997,35.35975925695029],[129.1890312240692,35.3598871531112],[129.18800766403567,35.35972644481976],[129.18572695075085,35.35856754339087],[129.18562516087658,35.35847673744068],[129.18453684025562,35.357505474473676],[129.18240812015577,35.35515625911475],[129.1797183912801,35.35282586215279],[129.1781867087757,35.35177354370858],[129.17815381988035,35.35176455930556],[129.1761397805485,35.35139800732176],[129.1743472374049,35.3517159407361],[129.17203894160787,35.35274681963562],[129.17126515741688,35.35329702366667],[129.17032517572466,35.353840062968416],[129.16984066189298,35.353768363260855],[129.1685978341419,35.35379714596215],[129.16450919165564,35.35585778727052],[129.1628058421395,35.35680641824033],[129.1614334647911,35.358322440159185],[129.1610493112021,35.35881872110165],[129.1610672670681,35.35900242405036],[129.16107533060529,35.359085632172366],[129.16110616141938,35.35940441800311],[129.1531895974506,35.36255131232762],[129.15158453496224,35.36341862363409],[129.15012207523074,35.363934204098136],[129.14914330221524,35.36417871680905],[129.14875848586863,35.364251310379665],[129.1479112222813,35.36424328043094],[129.14656780968798,35.3638032079351],[129.13874798744672,35.365651117332845],[129.13845954501434,35.36608327907336],[129.13757106912678,35.36593184920821],[129.1351387705183,35.365655071718756],[129.13352106656347,35.365593803320984],[129.1321899988993,35.365739507121916],[129.13103501046066,35.36596600162408],[129.13054053854614,35.36635417092536],[129.12994655064247,35.366697352896196],[129.12757156792944,35.36772730963253],[129.12363250352863,35.36782149577775],[129.12286161186262,35.36748880098607],[129.12119993922192,35.36736422022491],[129.11970433137316,35.368095728572165],[129.11817657834376,35.36903443049787],[129.1181763304406,35.369034583478836],[129.1181762913122,35.369034608345295],[129.11808624817655,35.36757454316355],[129.12215202247006,35.3638480755307],[129.12217023498866,35.363834518428405],[129.12226195627574,35.36376687369273],[129.1226247608823,35.36358746148888],[129.12333948693387,35.36323402902294],[129.12445071990848,35.36318789198363],[129.1251220152034,35.36325030663867],[129.1254079312106,35.36328596910502],[129.12582587043872,35.36320441928343],[129.1261448611264,35.36303294840976],[129.12655148935715,35.36268998871942],[129.13067189689096,35.35902619480557],[129.13323102648286,35.35635558333921],[129.13328594803704,35.35627435069433],[129.13467779592787,35.35301012752884],[129.13467752827376,35.3529212833057],[129.13467749351446,35.352919886343614],[129.13458728988428,35.351450825501864],[129.13456598107135,35.35141163221732],[129.13454322594595,35.35136980066564],[129.1336717589135,35.350108973143556],[129.13360597486127,35.35007802985529],[129.13359483378488,35.35007287743491],[129.13327573483699,35.35002824097541],[129.1311517780294,35.34949869372261],[129.1307553743156,35.34936389116006],[129.13010569744952,35.3489680085836],[129.13003942546277,35.348905114634235],[129.1299008067138,35.34877041448898],[129.1298634211256,35.348734040894655],[129.1295217381252,35.34839186335625],[129.12926830795044,35.34808572622008],[129.12738336763582,35.34576219165228],[129.12714089336245,35.345401932305535],[129.12715991195327,35.34511774073958],[129.1271621870221,35.345086445412754],[129.12799598641263,35.34327434486089],[129.12623284623064,35.3414911224889],[129.1241820196868,35.33834761664432],[129.12402752775057,35.33807732036811],[129.1240109415539,35.3379691958229],[129.12399436750684,35.33786107110979],[129.12397164552905,35.33749158637567],[129.12396051375234,35.33730226588622],[129.1239600494371,35.337140071932176],[129.12421264860467,35.33670717718867],[129.1245749906727,35.336436393655724],[129.1246630331053,35.33637317474308],[129.1247398615658,35.33632802888824],[129.12484976544607,35.336246833402996],[129.1250365675326,35.33605740958333],[129.1252670704923,35.33580471055444],[129.12538774929567,35.33557026907724],[129.12546397221254,35.3354102416643],[129.12548644867076,35.33536282677791],[129.12571609250097,35.33443428593931],[129.12594533885905,35.33342452721986],[129.12587834899796,35.33270354137576],[129.12583384704482,35.33231599013664],[129.12575644655365,35.33206376847584],[129.12563511081794,35.33186554688985],[129.12533742110605,35.33141514289592],[129.12490792959812,35.33101001189239],[129.1244233143329,35.33070411707054],[129.12408217379877,35.330497075838615],[129.12333364531787,35.330164415051165],[129.12295942464857,35.32999357397407],[129.12228821392023,35.3296606734709],[129.12212309957508,35.32956163817629],[129.12125309413685,35.32895863987865],[129.1210688529073,35.328745883488054],[129.12106602188885,35.32874256038614],[129.12029560446422,35.32746520805731],[129.11981970308122,35.32651751280037],[129.11969787414415,35.32590477327841],[129.119631428406,35.325544215798544],[129.1195761058309,35.32520177423448],[129.11948774504748,35.32494946037283],[129.119211621436,35.324282819239954],[129.1186490479162,35.3230936176493],[129.11851346444348,35.32291435793065],[129.11836258650817,35.32271523824213],[129.11814241922514,35.322481140634586],[129.11787816564623,35.32225611739165],[129.11610569910772,35.32114017970538],[129.11559987693946,35.32103244446786],[129.11481853541298,35.32078084311439],[129.11389431338057,35.320412186634215],[129.11375121177284,35.320313174554016],[129.11366330593864,35.32022304083018],[129.11217580285364,35.317350501064624],[129.1120751180535,35.3169796960035],[129.11200918053103,35.316729375026455],[129.11200878311962,35.31672741939453],[129.11190738432953,35.31486173923237],[129.11189590368315,35.31461835358597],[129.11193926066693,35.31413169606693],[129.1120488453159,35.313311446981224],[129.11210297787218,35.31306790132811],[129.11221254233936,35.31281550133657],[129.11234382510483,35.31249992472163],[129.11243020958062,35.31121093038109],[129.11242965853688,35.31087231844494],[129.11242910293626,35.31085092238562],[129.1124068084208,35.31013829482174],[129.1114816589473,35.307890641515776],[129.11145804628356,35.307854446804086],[129.11118263527118,35.30743544268232],[129.1110126789882,35.30720088065746],[129.11100626859084,35.30719226042709],[129.1105769442401,35.30670595609302],[129.11041177068915,35.30661590848833],[129.11026418263086,35.30652823380854],[129.11012392337702,35.30644478892402],[129.1100485442167,35.306399925801315],[129.10995392295885,35.30633489177429],[129.10988031450114,35.30628429977082],[129.10977362624993,35.3062108369255],[129.10950076462498,35.30599496115009],[129.10943236776114,35.305940814881566],[129.1090466928962,35.30548148775118],[129.1085619758818,35.3045806390771],[129.10621111274384,35.306457362425306],[129.1055517018349,35.306530093343014],[129.10281230895083,35.30547779693463],[129.1009203502011,35.304740339410465],[129.09909415380147,35.304020724060344],[129.096734221023,35.30347384279818],[129.094794707343,35.30355541607056],[129.09310107037456,35.30317823410957],[129.09192442531872,35.30316099346593],[129.09055058339553,35.30342340094306],[129.08835259807063,35.3026147191014],[129.08835050917648,35.30261363038239],[129.08829827448608,35.30258623043747],[129.08633740086844,35.30155164751531],[129.08609541564178,35.30137164912243],[129.08579822273518,35.301101366645526],[129.08496355580056,35.3000588964359],[129.0849062478519,35.2995518737669],[129.08421269783736,35.2989483739744],[129.0840146968928,35.298795210276026],[129.08239742190034,35.29767861320357],[129.07890954957193,35.29484173048273],[129.0742663726756,35.29076154119427],[129.0736069362913,35.290843109233755],[129.07016895613552,35.29434234537231],[129.06186927903374,35.294959558516005],[129.060538863229,35.29496927351409],[129.05894500112822,35.2949790815019],[129.0583619086957,35.29483553256024],[129.05815296400655,35.29465491230632],[129.05349915466414,35.288996673572],[129.05341102477811,35.288825403624614],[129.05277245732617,35.28733850834725],[129.05216710647338,35.28586062600188],[129.0522322942206,35.28493218784557],[129.05244106228386,35.28450849056194],[129.0532206953275,35.28365185240372],[129.05386887954413,35.282867420675224],[129.05384633935643,35.28205620824906],[129.0527024524966,35.280984108721654],[129.05077216359743,35.28031952678783],[129.04900932511006,35.27840873807962],[129.0479733829015,35.27674972594991],[129.04784075090052,35.27519046193541],[129.04775253886152,35.27452355113462],[129.04756370303426,35.274293016522485],[129.04749852558336,35.274213578007384],[129.04691610950644,35.27460894469487],[129.0465573439244,35.27477652157161],[129.04612570309027,35.27472214076939],[129.04459791964484,35.2745035261809],[129.04398697044934,35.274529196081446],[129.04258754489848,35.27464941409679],[129.04240662901043,35.274664996328504],[129.0409086823966,35.27480037096749],[129.03934259951484,35.27520440912147],[129.0387304960271,35.27536228868154],[129.03689385155624,35.275357307325805],[129.03483752450398,35.27626277238906],[129.03068288980717,35.27687802683647],[129.0302152437547,35.27689460731485],[129.0295354439561,35.27688685274343],[129.0276047497819,35.27676123435679],[129.02731257923617,35.27673656349414],[129.02352447998913,35.276324042796425],[129.0215097225224,35.27610341246885],[129.01712048113367,35.27545953219847],[129.01704321902864,35.27543223079345],[129.01672518674192,35.275319676095684],[129.01544308962778,35.274702487885165],[129.01348433093813,35.273758610808834],[129.01333807031946,35.274144813551324],[129.01323110664825,35.27437536855268],[129.0118634426277,35.27724385476131],[129.01162512425034,35.27774073392212],[129.0115143619616,35.277851869611574],[129.01126965802925,35.27808778658245],[129.00957195356438,35.279644265515934],[129.00878885361848,35.280356931366235],[129.00854739608536,35.280572842866256],[129.0081779925371,35.28089861504358],[129.0079604043819,35.28109044540669],[129.00779449705468,35.28123649713995],[129.00766888451014,35.281341634954714],[129.0068963054124,35.282118162022094],[129.00557800293214,35.283394732128336],[129.0041019830737,35.28472748439522],[128.99836978039602,35.28855716560035],[128.99762275230415,35.28895964531122],[128.99399967900533,35.29087777526657],[128.99110043225596,35.291731716884726],[128.99039424107028,35.29193417576542],[128.9896399579914,35.292161970042656],[128.98471095006616,35.29540492508932],[128.9835216530128,35.29645931524551],[128.981887237278,35.29821878294101],[128.98145215448113,35.298708389752804],[128.980866361573,35.2993723220361],[128.98033411247033,35.30090604435088],[128.97908342332076,35.30354278480459],[128.97699947000487,35.30658142395584],[128.97680201332403,35.30676840924112],[128.97593620563052,35.3075833727043],[128.97539502734767,35.308089839956175],[128.97377560328502,35.309603289880386],[128.97348233189797,35.309872986383326],[128.9731434568985,35.310185914093054],[128.9727848965484,35.313074599000366],[128.9727459188715,35.31349891853691],[128.9727198749359,35.31379114248238],[128.97229401901953,35.31979321749498],[128.97227502156477,35.32003035787545],[128.97219357734488,35.320994484166896],[128.97211389124155,35.321328241145444],[128.97195233729286,35.32187562028289],[128.9717223102579,35.32265183398798],[128.97132883005403,35.3239757010085],[128.9712469307653,35.32425030709289],[128.97113888322244,35.32460771298824],[128.96888871910886,35.328212587652224],[128.9687561822027,35.32832578690422],[128.9684892001274,35.328543578083035],[128.96830371608445,35.32869464517147],[128.9678048367173,35.32910052773113],[128.96763550992503,35.329229344568844],[128.96391545402008,35.331813372235864],[128.96328404412057,35.332185112998964],[128.96213656905144,35.33285426661748],[128.95536506530675,35.33541770028978],[128.95113504777902,35.33693686158403],[128.94696937758405,35.33757523125546],[128.94563469797563,35.33777973188919],[128.9438159493262,35.33901806125625],[128.93925411337804,35.3426211110247],[128.9346271632861,35.34734920325372],[128.93183972926704,35.349827683807554],[128.927752575483,35.353430565064414],[128.9236203605036,35.357033278536825],[128.92143877988963,35.35846270239351],[128.9157297207893,35.36219534106794],[128.91260676900097,35.36423627513528],[128.9123299033383,35.364297480868814],[128.90710376661224,35.365424390704135],[128.90698291126472,35.36541823908242],[128.9063743458786,35.36536396668002],[128.90521343585112,35.3652592559864],[128.90502640248178,35.3652423513987],[128.9043789918273,35.36518296315388],[128.9040968921174,35.36515681890128],[128.90397328840507,35.36514446975125],[128.90364821392922,35.36511449070765],[128.90322239223696,35.36507569474005],[128.90265337912575,35.36502411600386],[128.9021027551414,35.364974228972486],[128.90160250472164,35.36492903306076],[128.90152651397042,35.36492671385664],[128.9010937866215,35.36491748540228],[128.90089778877103,35.36491408694599],[128.89646286005654,35.36483862772312],[128.89610095860104,35.364832679480585],[128.8959151063352,35.36483716913088],[128.8953546475934,35.364855601635604],[128.8905990785755,35.36502693012324],[128.88509547407514,35.366583687140015],[128.8808689660558,35.36781407755167],[128.8804399789416,35.368020936695146],[128.88033472971793,35.36807168760292],[128.8795907425606,35.3684390713267],[128.87642426987324,35.37141485308741],[128.87407283413285,35.37862297798443],[128.87454081001303,35.38120377664896],[128.87428589867577,35.38223129409443],[128.87446679852172,35.38223275493672],[128.87465539896135,35.382262815017675],[128.87471365279904,35.38229047229752],[128.87478150911699,35.382336313750535],[128.8752732353207,35.382836357855325],[128.87558002206106,35.38405515576961],[128.87566489086316,35.38454842866825],[128.87579756775668,35.38515991396618],[128.87611522859197,35.38557767295362],[128.87687402403583,35.38587744401154],[128.87734379356772,35.386025942995666],[128.87891030063287,35.3864738296405],[128.87933208386565,35.38651693419782],[128.8795339433315,35.386534738340316],[128.8797919494951,35.38650739335547],[128.87991871815154,35.38649414423828],[128.87994364754965,35.386493186860584],[128.8799501871468,35.38649304904178],[128.8802280872834,35.386498259826276],[128.88060830455404,35.386508500906565],[128.8806103566354,35.386513145033675],[128.88064937972808,35.38675231262038],[128.88030668348162,35.38810198432183],[128.8803049568315,35.38810804025992],[128.87959563786202,35.389314672026586],[128.87908568624468,35.39126931814831],[128.8796554516684,35.39276649735955],[128.87965955421498,35.3927836917729],[128.87966245229524,35.39280425208806],[128.87946048801635,35.395116356262704],[128.8792777913299,35.396631936985294],[128.8794236808544,35.398089264100165],[128.8814247469408,35.39968251167913],[128.88476197671625,35.40225904520583],[128.88772248574165,35.40414308866592],[128.88792256023885,35.40424256800627],[128.88913475469204,35.40422159048578],[128.89012326270492,35.40399322742866],[128.89022649718854,35.40397135920248],[128.89026861924097,35.403984629061185],[128.89055909442524,35.40515717668729],[128.89054537038328,35.406634054477415],[128.89081968171627,35.40868945316278],[128.89131668322858,35.40904564921737],[128.89181093193343,35.40926775993331],[128.89223937802214,35.41173592617607],[128.89128067115473,35.41414326383265],[128.89079636328879,35.41442448273048],[128.89088551895614,35.41451455203587],[128.8908908535278,35.41451850448872],[128.89089892682014,35.41452442423038],[128.89163107475233,35.41479323359315],[128.8927874449641,35.41520155629273],[128.89570114129745,35.416028569171345],[128.89703804412054,35.41614662362884],[128.89844029212895,35.41656200921659],[128.8992274912284,35.41768396803124],[128.90219400084763,35.41919671485363],[128.9035396856681,35.41978958024674],[128.9040079443427,35.419540412650434],[128.9043915827611,35.419271165402755],[128.90562476484624,35.41841238440432],[128.90596671314316,35.41817619564726],[128.90656173826218,35.41778966597736],[128.91200607927604,35.414696105701],[128.912648011579,35.414465057121],[128.91324062514488,35.41449816443954],[128.91766066206173,35.415988203054404],[128.91870864389955,35.41654492204228],[128.9192252800091,35.41687340680864],[128.91964851327504,35.41719591448752],[128.92250417292476,35.41949391808589],[128.92368806741786,35.42084933576149],[128.92367329797614,35.42172515403531],[128.92360021081487,35.42293357165828],[128.92346014688687,35.423311755384226],[128.92343306759514,35.42338469040206],[128.92226353216802,35.42594296010357],[128.9222549177841,35.42595858332999],[128.91834502122717,35.428551038214096],[128.9155810773687,35.43027399575526],[128.91159538080998,35.43333922289494],[128.91033125478782,35.4341764960396],[128.91003816281804,35.43437047948412],[128.90990127680607,35.434446709034106],[128.90797372287943,35.435319784780035],[128.90791533831347,35.435362272380864],[128.90638360085677,35.43733607989627],[128.90643907620392,35.43991218381089],[128.90646525275272,35.439906886737305],[128.90705495828277,35.43977746988018],[128.90722254397397,35.439800836645816],[128.90919180480157,35.440939137491824],[128.90935727652456,35.441760449503775],[128.90875968372765,35.442899161496946],[128.9100366865095,35.44466051485477],[128.91101930210004,35.44547891428987],[128.9110502544287,35.445499072601045],[128.9126620862948,35.446008808012884],[128.91362449978146,35.44660691006694],[128.91493418753356,35.44756832057918],[128.91694452900495,35.44905056227906],[128.91698111059029,35.449121152584254],[128.91785323037234,35.45089818093441],[128.91851202135808,35.45177460021915],[128.92002470450723,35.452117704207545],[128.9220278251367,35.45256842409355],[128.92386609557354,35.45228049626868],[128.92638150058852,35.452122951595285],[128.9270980989027,35.452583486948335],[128.9278389372584,35.45365212824226],[128.92983660636892,35.45431819098396],[128.92985536580207,35.45431749902197],[128.93171337753787,35.453712733901476],[128.93175625283973,35.453694030446314],[128.933510128328,35.45264485924289],[128.93355229624282,35.45264136696139],[128.9335669345559,35.45264292594243],[128.93797775093745,35.45430232184211],[128.93798618461366,35.45430838277834],[128.9380013195305,35.45432346084287],[128.93801573314713,35.454385433403814],[128.93808580816147,35.454574745865294],[128.9383544328049,35.455296782399834],[128.94115162092257,35.45610657088519],[128.94240585502655,35.45635576230432],[128.94298360695103,35.45620886937336],[128.94301786023613,35.456199458449596],[128.94631324646116,35.45500085020382],[128.94790074530823,35.454421345610754],[128.94833520966645,35.45435183026442],[128.95007692524038,35.45424878950067],[128.9500891513237,35.45425147087145],[128.9501053299335,35.454256551644164],[128.9546928331598,35.45679686736739],[128.95705938287216,35.457664431859506],[128.95774820830354,35.45801605241287],[128.95847815294343,35.45840247067762],[128.95898264125083,35.458765705956566],[128.9612910056146,35.460901896749036],[128.96129857127406,35.4609089384323],[128.9638853299207,35.463561315268606],[128.9639060542737,35.463794815992706],[128.963323930496,35.46404460329963],[128.96201771618357,35.464484842814954],[128.9632034150711,35.46663259122814],[128.96705267440794,35.46673415634707],[128.96705886414134,35.46673613308856],[128.96711325833832,35.466757697488354],[128.96763015716138,35.46726975950885],[128.9683746920429,35.46977546029016],[128.96839432232048,35.47188297711611],[128.96656926634066,35.475168299068365],[128.96510745138872,35.475907363237766],[128.96452836746573,35.47689227952477],[128.96443413454207,35.477760329101436],[128.9646841665464,35.47956019783366],[128.9652107993936,35.48080134807153],[128.96365816607084,35.48404261959899],[128.9636397362841,35.484055284910745],[128.9631577611953,35.484502127311174],[128.96439594757882,35.48668522492275],[128.96635337852348,35.488638687369814],[128.9677273171226,35.48938645099356],[128.96762427174542,35.48997649719371],[128.96754672726564,35.49009604342949],[128.96591764414921,35.49158891994402],[128.9646054213754,35.492512363967705],[128.96337918472756,35.49289940806715],[128.96133059524456,35.494507574995026],[128.96020793907516,35.49566129053796],[128.9579583857686,35.49890434851331],[128.95794253039836,35.498938421285864],[128.95792562992057,35.49898713832853],[128.95795199758243,35.49957412372599],[128.95815800847342,35.50206842069618],[128.95854540880364,35.50547027585151],[128.96122553189616,35.507332947727264],[128.96193601826465,35.5093682976927],[128.96203812949074,35.50940423811419],[128.96210874332542,35.50942426074917],[128.97159081998106,35.508349924216],[128.97344018871024,35.50804251805947],[128.975663840123,35.50761292240404],[128.97727868802883,35.507569885644436],[128.97734136582068,35.50759524276904],[128.97736392349248,35.50761285092183],[128.9825709789855,35.512046077180415],[128.9840114576041,35.5134797870408],[128.9840603920039,35.51418689346894],[128.98481226750437,35.514911275999864],[128.98629216653165,35.51512159054071],[128.9885622569286,35.51584810560065],[128.98876912082915,35.51592234051441],[128.98962077937477,35.51662121451979],[128.989645063149,35.51664136212293],[128.98925621017347,35.51834393598946],[128.989246557952,35.51837731037782],[128.98894209147966,35.519016499467504],[128.98883163562604,35.51924688724217],[128.98858437635616,35.51975313185708],[128.98858852725127,35.520694711204406],[128.98880868909458,35.52173179726468],[128.98915260743345,35.522300077227754],[128.98951307446487,35.522809484081925],[128.99162070468486,35.525703414980946],[128.9934271106164,35.52750277017344],[128.99458594512777,35.528130796042035],[128.99539238571865,35.52782439251263],[128.99777044130752,35.52811473799056],[129.0018585233517,35.52891215913734],[129.0020330377791,35.52893201610548],[129.0042728099067,35.52917913821539],[129.0073806784782,35.52912509193486],[129.00759705723607,35.52910887968127],[129.00955042583928,35.52831970789075],[129.0096933892415,35.52806099437412],[129.00969079594688,35.528039308192554],[129.00955031936118,35.52727096079853],[129.00951015346624,35.52705732796736],[129.0093571455035,35.52674343288707],[129.00925445387276,35.52650529909653],[129.00903402221218,35.525546978757234],[129.00896437057386,35.52489522488072],[129.00903249764943,35.52399180823721],[129.01087789328452,35.52321416551632],[129.01165599746162,35.523123270121964],[129.01295538306337,35.523140760391264],[129.0203338566575,35.52412914728657],[129.02415259844523,35.52579011754546],[129.02734328586635,35.527114389579296],[129.03004833615807,35.52624247054471],[129.031056203906,35.52600127350741],[129.0324557740833,35.52567997299093],[129.0333344113645,35.52582888321759],[129.0392640517035,35.527549216614936],[129.04230278711577,35.528595418559895],[129.04324523331718,35.52911968332492],[129.04581905939108,35.5294530926733],[129.04765227229686,35.529461979888914],[129.04823411974908,35.5295790608013],[129.05354823396848,35.531499609577324],[129.05559380803493,35.5321900932263],[129.05582321213848,35.53226752700897],[129.05682879341128,35.53069979139176],[129.05679606177367,35.53020902283927],[129.05671993690396,35.529233400393835],[129.05656928376763,35.527109926134415],[129.05427090621973,35.525905326576584],[129.053307467798,35.525740270819526],[129.05327729918153,35.5257171882801]]]]},"properties":{"name":"양산시","base_year":"2018","name_eng":"Yangsan-si","code":"38100"}},{"type":"Feature","geometry":{"type":"MultiPolygon","coordinates":[[[[128.63434149121545,35.36858277621788],[128.63437892764443,35.3685673332728],[128.6346730934889,35.36865301213844],[128.63548345916598,35.368891001813125],[128.63749139091524,35.369485902172805],[128.63752520620594,35.36950266430467],[128.64197340211865,35.372131607180755],[128.64299004636936,35.37273834040304],[128.64722041103025,35.37377944740271],[128.65073325255278,35.37490080309421],[128.6533691885697,35.37464737489402],[128.65398684547588,35.37458528765537],[128.65628789228816,35.374350310909556],[128.6594744601652,35.374020913906946],[128.65949141418585,35.37401915532494],[128.66106780721685,35.37460396283627],[128.66311291414223,35.37537059712528],[128.66498492187625,35.376078463814544],[128.67048173307242,35.37742990960417],[128.67166714447407,35.37743126932171],[128.67525748194896,35.3774579004801],[128.68698894650174,35.377543176552145],[128.68936720476952,35.37755287224458],[128.69481721689178,35.37534153483001],[128.69481749481685,35.375341420280265],[128.6964033838056,35.37469986312081],[128.69800733461224,35.37402229737262],[128.6988446144655,35.37357993669939],[128.70003892453087,35.372947242695226],[128.70352025502825,35.37111233440547],[128.70521097510107,35.37070846180994],[128.70902717435416,35.3697970404789],[128.70994713965285,35.369579576607315],[128.7129661012524,35.3688888367205],[128.71372468172052,35.36871545589053],[128.7178778802268,35.36648127682693],[128.72555996026517,35.36180934923209],[128.72628961277775,35.361346653125736],[128.73107478144345,35.35783387675609],[128.73248006981677,35.356767809209494],[128.73249156117154,35.35675905627949],[128.7352256660361,35.35391871636677],[128.7359506096252,35.35316144916912],[128.73603936917615,35.353068377619664],[128.7365930885779,35.35248662547554],[128.73705354914878,35.35218979119191],[128.74117481890548,35.34956510382722],[128.74210514407133,35.348981137238184],[128.7429294490152,35.348470093358074],[128.7432907093549,35.34824620874531],[128.7432909866842,35.34824620949882],[128.74400261442625,35.3482481949884],[128.74400290058549,35.34824819745263],[128.74760821783235,35.34825796628903],[128.74760849516144,35.34825796703263],[128.75356782349022,35.348222731597005],[128.75628492864777,35.34702522517087],[128.75861632171097,35.34599850957146],[128.76208151077674,35.34568883678931],[128.7641168400656,35.3455069511555],[128.76032454748187,35.3423966458562],[128.75855306359284,35.34091940491597],[128.75840563686765,35.34077779141755],[128.75835122907918,35.34070915306758],[128.75816463984893,35.340472631230504],[128.75808450393527,35.340311584760826],[128.75808236149336,35.34030725223222],[128.75804125249627,35.340186752923096],[128.75802288101224,35.34013252771199],[128.75800954588377,35.34000824462415],[128.75796027974584,35.339622017893916],[128.75795533401427,35.339584062436394],[128.75794302704537,35.33949187895817],[128.75791116995882,35.33930604199586],[128.7576412837526,35.338539028317896],[128.75757723438136,35.33835887640086],[128.75747212015102,35.33813918279492],[128.7572833796392,35.337882274497],[128.7572424526358,35.33783359249988],[128.75690226637025,35.3374394775695],[128.75681344597638,35.33733684631987],[128.75671662248334,35.33722983338052],[128.75576960734247,35.33631619169491],[128.75544084454117,35.336004856055766],[128.75512167805965,35.33572392170352],[128.75395900588046,35.334799742777754],[128.75315141086162,35.33437156154729],[128.75315116906194,35.334371578480024],[128.7525423798368,35.33441727666261],[128.75215447158558,35.33445303452317],[128.75212433842228,35.334458823122205],[128.75204836507484,35.334473576215636],[128.75197317206255,35.33452436984591],[128.75197113455386,35.33452581010299],[128.75193356215928,35.3346002819572],[128.7519260435266,35.334777952388045],[128.7519900799033,35.33502175682307],[128.75205248015857,35.335110540598755],[128.75209396405208,35.3351693673133],[128.75241326602196,35.335680948783114],[128.75277252075796,35.33632276569591],[128.7528993617874,35.336690281129265],[128.7529341700877,35.33688578867684],[128.75296739583192,35.33724690088391],[128.75296953095267,35.337393325586916],[128.75296988330845,35.33742555671944],[128.7529563803402,35.337452792231964],[128.75278030074597,35.337750616192416],[128.75237539780485,35.33825777829872],[128.75160803791633,35.33915515138742],[128.75155266181557,35.33921692327605],[128.7510733415256,35.33965305545751],[128.75099171307141,35.339708866809055],[128.7508935005697,35.3397288786365],[128.7506739154626,35.33973050540446],[128.75067364039103,35.33973050644748],[128.75054958214093,35.33969935331432],[128.75051779314745,35.339691363847024],[128.75018967112078,35.33944124194077],[128.7498154139227,35.33582106363725],[128.74979542725043,35.3351646132125],[128.74983892000924,35.334870113735015],[128.74983922195332,35.334868143272466],[128.75000463113363,35.33465016785495],[128.75011058924332,35.334510923656545],[128.75013043888757,35.334459383583734],[128.75017045953612,35.33435488455666],[128.75018974331908,35.334197175244235],[128.7502964062378,35.332990568180286],[128.75028410128022,35.3327865788677],[128.7502070466372,35.332480016212266],[128.75002282745825,35.33225612794854],[128.75000336615864,35.33224611921902],[128.7497813643378,35.332132056659184],[128.74874562820662,35.332252339497145],[128.74813825124872,35.3324378398198],[128.74789123462386,35.33248900475075],[128.74767670469953,35.33253335840921],[128.74765754159452,35.33253729613584],[128.7471899285103,35.33257418703327],[128.7468197898295,35.33258965980876],[128.7468195149064,35.33258966895583],[128.74663110397267,35.332589162478726],[128.7462054110284,35.33253038778618],[128.7461857548968,35.33252729950415],[128.74592953323346,35.33248621828414],[128.74572244471227,35.332444707726516],[128.74274319408497,35.331834155926146],[128.74267476016314,35.331816560101714],[128.7426346817918,35.331806153523665],[128.74212489043416,35.331543144583875],[128.74188653892057,35.33114991045226],[128.7416297140188,35.33071131279621],[128.7415494772467,35.33025483404066],[128.7415421432689,35.32989657594991],[128.74158089548658,35.329651716042726],[128.7417545141492,35.32916218191281],[128.7417567459224,35.32916394420364],[128.7417568115599,35.329163775827276],[128.74222392461903,35.327937936500504],[128.7427446157182,35.326418972730586],[128.74281595773985,35.32604352411385],[128.7429229941283,35.32545888135277],[128.74293591452385,35.32492375503614],[128.74294321293627,35.32460724394843],[128.74294606649858,35.32446765931209],[128.74294731456143,35.32433415821349],[128.7428475896367,35.32332118721164],[128.74260677419346,35.321513125374935],[128.74245936072194,35.320727830741774],[128.74231792890325,35.32041347269958],[128.74070133919656,35.31852578672079],[128.73976018472788,35.31759320419384],[128.7389922388063,35.31716027499894],[128.73413803444834,35.3158792801319],[128.73386051172204,35.31583636769178],[128.73365751353842,35.31580675058409],[128.73302879814432,35.31585758186179],[128.73257579967802,35.31602838609693],[128.72693055491237,35.31873016060914],[128.72634868454963,35.31901459587682],[128.72287691304263,35.32107515962607],[128.72216437477752,35.321519139463156],[128.72193527551718,35.32170179520994],[128.72109665751418,35.32269855878266],[128.72101236815325,35.3228239573462],[128.72080817141548,35.32312791509215],[128.72038221613712,35.32375199449317],[128.71960635177228,35.32472773211098],[128.7193226101828,35.325025074831224],[128.71930311618925,35.32504534618343],[128.71910312768532,35.3252077247493],[128.71883963030052,35.325390022811135],[128.71882911499878,35.32539720750475],[128.71844511105022,35.32555178909142],[128.71788121804045,35.32560048334773],[128.71787845718632,35.3256006671428],[128.71745857917887,35.32540795204508],[128.71514876258934,35.3240939934219],[128.71493165646672,35.32396653576896],[128.7146913823211,35.32378379004532],[128.7144225911833,35.32356806742792],[128.71424221359013,35.32342318524448],[128.71396775480133,35.323199958350656],[128.71363610869753,35.32285544082409],[128.71330419780296,35.322172130874456],[128.71326031543833,35.322014055954064],[128.71325796409528,35.32200084905371],[128.7132271829623,35.32182766478245],[128.71324417843036,35.32170519822621],[128.7133033339622,35.32128404800426],[128.71332366136804,35.32113956087298],[128.71343302156038,35.32065503432195],[128.7135336309138,35.320178786783345],[128.7136347498403,35.319434154272706],[128.7137186474522,35.31871961144486],[128.7137161988004,35.31870077394861],[128.71370073135031,35.31858693807499],[128.71354934420677,35.31808806983467],[128.7135164203078,35.31801053381199],[128.713422857228,35.317858515114835],[128.71277852065933,35.31705528559926],[128.7123058836904,35.316491692611244],[128.71204038172039,35.31620298031575],[128.71176264140672,35.31583867661975],[128.7115501379597,35.31553768465939],[128.71147997094755,35.315386595694726],[128.71144236804068,35.31524899247013],[128.7114224325284,35.31503636431964],[128.71143147784431,35.31491133485314],[128.7114423981528,35.31480979929861],[128.71144871918992,35.31475155379345],[128.7116895294295,35.31403056608367],[128.71180465321103,35.313786885587746],[128.71196654766445,35.313448049697904],[128.7121108997042,35.31315635535445],[128.71261293701724,35.312441666495744],[128.7129915514926,35.31200035190472],[128.71323891807103,35.31182099277076],[128.7137220467358,35.3115627841869],[128.71474973661407,35.31114198770268],[128.71488352010107,35.31105010909754],[128.7149503295712,35.31097580168234],[128.71497448440047,35.31094885449133],[128.7150237906995,35.31074566810972],[128.71499400180602,35.31063624719497],[128.71494607469535,35.310579197576125],[128.71476733765718,35.31044472015358],[128.71437516899954,35.310274266201674],[128.71423333899878,35.31021263146079],[128.71138616607863,35.30916826209691],[128.71072218503204,35.309077101676046],[128.70924621471804,35.30892253898112],[128.70838862000824,35.3091258450033],[128.7062020021041,35.30944578035254],[128.7000118459927,35.30971778566639],[128.6993577308047,35.30973725103448],[128.69912526396553,35.3097590959306],[128.69857423638538,35.309860476706206],[128.69824666284177,35.309936332692025],[128.69681044587512,35.31034638603575],[128.69667824866477,35.30995495795091],[128.69662966913702,35.309899169671915],[128.696615249122,35.30988276562623],[128.6965498049269,35.30980903402858],[128.6948913115845,35.30876675431728],[128.69482033016348,35.30872395918067],[128.6947030954413,35.308671520925664],[128.69459573992103,35.3086462737636],[128.69449355615066,35.30865587580778],[128.6942697256236,35.30874687412001],[128.6941814986251,35.30881625694495],[128.69406496769693,35.30897813638963],[128.69396032404973,35.30921603039075],[128.6939085333728,35.30935234927501],[128.69384158843897,35.30942031893696],[128.69374830403154,35.309477658687754],[128.69374320979466,35.30948070240111],[128.6935521010702,35.30951040074561],[128.69353775838326,35.30951089395834],[128.6934446434665,35.309513600085964],[128.69330409358008,35.30944600875287],[128.69319687979393,35.3093461218137],[128.6922411724481,35.308129204014264],[128.69221722224802,35.30805167432602],[128.69207924266647,35.30530114412548],[128.69234030714256,35.30443767987463],[128.69502064249184,35.30251104163742],[128.69723132183628,35.301952001580936],[128.69735255755666,35.30190017451737],[128.69785901688186,35.301591730320595],[128.70167105537948,35.29847988186187],[128.70249878910784,35.297632085614715],[128.70358587836552,35.293098117029174],[128.7031314261769,35.2924091724628],[128.70313035446347,35.29240734920103],[128.70381259445122,35.290326538796116],[128.7041098536118,35.28962829709151],[128.7045344810799,35.28900879180131],[128.7056462898353,35.286679292847595],[128.70558494619627,35.286489773057056],[128.70497835767995,35.284521598555735],[128.7049535709913,35.28443674919488],[128.70492919179284,35.282207750007046],[128.70492915775552,35.282189867314244],[128.70634466857595,35.278152947987635],[128.70815174580565,35.27481047550773],[128.7085531177245,35.274102153254226],[128.70940829892643,35.27317310456676],[128.71102712022653,35.27070389313185],[128.71142191060468,35.26974177697466],[128.7115784224995,35.26889707326632],[128.7115947968888,35.26876151595481],[128.7114582327179,35.26819400694461],[128.7114036901762,35.268131404313394],[128.7112634717603,35.26796343050686],[128.71124093036383,35.267936424974216],[128.7109916244655,35.2675924291231],[128.71091549145854,35.267433825132166],[128.71055200542455,35.26657548559214],[128.71056725532577,35.26640178955369],[128.71123951776943,35.26334185654416],[128.7113000604524,35.26318399946381],[128.71147446551797,35.26297073449419],[128.71185091371598,35.26259999798245],[128.71249174234907,35.261787742700115],[128.7131836007844,35.26003975443647],[128.71394655267122,35.25793548795371],[128.71402872475187,35.25764678679249],[128.71409970868376,35.25715293460507],[128.71708050052473,35.25243781400039],[128.71878969578157,35.24990469877235],[128.71937018550378,35.24814501969532],[128.7192057777359,35.24700747230563],[128.71899249990705,35.24552196401085],[128.71940255100878,35.243706833174805],[128.7232810066466,35.24444730580872],[128.7232890187382,35.244421836478175],[128.72334534698527,35.24424543671637],[128.72373075200696,35.243573761146045],[128.72536570763066,35.24105485398121],[128.72607961523636,35.24028724766805],[128.726083527987,35.24027719081909],[128.72626026024102,35.23980463286741],[128.72629563210512,35.239545882784185],[128.72641917548452,35.23863672012783],[128.72602009633687,35.23804352529916],[128.7253094837193,35.23747363529759],[128.7233759188816,35.23698197897062],[128.72192260371267,35.23660474754588],[128.71987626401753,35.23586994433644],[128.71802343639123,35.23531084671434],[128.71731672704888,35.23521219658409],[128.71631105973955,35.235936933756534],[128.71573529231688,35.236651348925704],[128.7157220365579,35.23666268316622],[128.711713024176,35.23669018056825],[128.70619060842077,35.23488958985089],[128.70489258205222,35.23435236206269],[128.69935403403713,35.23418642241595],[128.69719360074376,35.23359017025079],[128.69505162224632,35.232625999549725],[128.6947540839865,35.232471036820755],[128.69456289541083,35.2323654553358],[128.69428115858128,35.232209709715974],[128.69511869896056,35.23112337505972],[128.69556471130107,35.230358994571645],[128.6976203857096,35.22681333901983],[128.69740814171325,35.22658341527934],[128.69444604148512,35.22337500989632],[128.69191816341888,35.220507354324205],[128.6917204301515,35.22028259507169],[128.6897338868209,35.22198463779381],[128.68961905813305,35.22208258867445],[128.6894904877468,35.222183837458864],[128.68936270752965,35.22227932043631],[128.68900888437028,35.222516632881614],[128.68892409394303,35.22257220644508],[128.68433736482407,35.225145775921284],[128.68222206789264,35.22636108325248],[128.6801102279542,35.22757437814031],[128.6731488637916,35.231644808705816],[128.67318338824873,35.231991557216155],[128.67624801761409,35.23552775938886],[128.6784461247284,35.23805901458186],[128.67934105602862,35.23944810861308],[128.6790502113676,35.24021267853333],[128.67789155119524,35.24090680729914],[128.67291506205163,35.24126351047731],[128.67228405830852,35.24386667974095],[128.67241011908285,35.24399221884162],[128.6730147008958,35.24483916373759],[128.6697423981121,35.245905056067635],[128.66962009268187,35.24593653712801],[128.6695714925481,35.2459456878948],[128.6694492469213,35.245962208124354],[128.66933813241073,35.245970736691824],[128.6690166330562,35.2459739998639],[128.66587420392716,35.24599741544474],[128.66554763849348,35.245976950855244],[128.6649632572638,35.24589060134983],[128.66477630309208,35.245852586189734],[128.66341367880642,35.24550754303162],[128.65611377652962,35.24362982045618],[128.65546510851655,35.243449863793906],[128.65460295108315,35.243093441825465],[128.6538273433762,35.24277043115808],[128.65354726886468,35.24264713401996],[128.65089792632554,35.241422054721795],[128.64962702536215,35.23986437239709],[128.6513348317491,35.24046010460317],[128.65237733225655,35.241124923108536],[128.65252267133903,35.24106613389552],[128.65260372933128,35.24103306401387],[128.65854664739402,35.23860612047977],[128.6588673368783,35.23847514609472],[128.65929576717633,35.238299154718085],[128.65944412808935,35.23823548827491],[128.66404343285274,35.23625499996424],[128.66884726638975,35.23385000068612],[128.67231731583325,35.23207113688823],[128.67291230885775,35.23176607898721],[128.67296315242604,35.23162681843739],[128.67126287767,35.229636477103675],[128.67088122324398,35.22921611649876],[128.66988411063664,35.22938963269081],[128.66926000961246,35.229737575990406],[128.66576888280582,35.22932126987151],[128.66503930053105,35.22897159780324],[128.6627884853202,35.22789278262986],[128.66249072608207,35.22782102246256],[128.65956312832975,35.22919109418702],[128.6592334190599,35.229345383980316],[128.65502462413278,35.22456457633767],[128.65160525962506,35.22063778946776],[128.6508281318464,35.21941549387696],[128.65067823253867,35.219488602774966],[128.6491543642112,35.2200993428258],[128.64735831219141,35.22065518911015],[128.64717469097755,35.22069971724954],[128.6467591460109,35.220782325469635],[128.64415561364666,35.22111898304878],[128.64416940020627,35.22113083206377],[128.63807671456112,35.21961845755444],[128.6365219683223,35.21922908984825],[128.63627281142328,35.219166597435276],[128.63519083136748,35.218895631940995],[128.63512507706153,35.218887139167414],[128.6350587724552,35.218879367429494],[128.63499234950908,35.218873038505905],[128.63492614439042,35.218867518088445],[128.6348598045837,35.21886731774138],[128.63479422258695,35.218869462663406],[128.63465965078947,35.21887473378315],[128.63459216716188,35.2188847146436],[128.63452785549632,35.218897770125146],[128.63310244387344,35.21920746893325],[128.63223343472583,35.219808926943],[128.6276575412682,35.21730968576609],[128.6276034570928,35.21729132879617],[128.6269429178825,35.217105775853966],[128.62482465581851,35.219460467982195],[128.62218085187317,35.220088601310295],[128.62005521218472,35.220077047810655],[128.61929666326944,35.21991680391377],[128.61912641106338,35.21920698076807],[128.619100206032,35.219097482796954],[128.61909984372076,35.219096222028384],[128.61844322386256,35.21883167014036],[128.61739592494126,35.21918375582864],[128.61355521440598,35.22133383435559],[128.6118478067525,35.222306935938754],[128.61166449763158,35.22428672489576],[128.61175345792057,35.225036096085326],[128.6117875377,35.22523207118509],[128.6120172007412,35.22540898112512],[128.61332448976486,35.22656936891559],[128.61441852522674,35.22768835421052],[128.6145706232506,35.2304822386303],[128.61445792126415,35.23222718526969],[128.6159368583032,35.23442180057069],[128.61577860260232,35.23540821473525],[128.61260104937932,35.23901897897631],[128.61043091082936,35.239873318569664],[128.60595249514958,35.24302736457685],[128.60393695889422,35.24375757910734],[128.6020136106371,35.24564479636838],[128.60292441034275,35.24909087874953],[128.60424253276804,35.24935843585492],[128.60379828639373,35.2500393959851],[128.60347416536337,35.25042191998739],[128.60331955185777,35.250625607934104],[128.60323963901203,35.25073453281279],[128.60322539354277,35.250760633834325],[128.60305576715217,35.25107310359705],[128.602867562844,35.25145466821239],[128.60286469745162,35.25146076604269],[128.6028278761527,35.251550437164674],[128.60281021841615,35.25159356895318],[128.60276243960865,35.25174810727247],[128.60274253140327,35.25181807464318],[128.60273398909223,35.25184846597868],[128.60272053764783,35.251898159500634],[128.6027060991098,35.2519543448826],[128.6027036188996,35.2519694070134],[128.60268933965838,35.25205797100955],[128.6026586111055,35.252264303387676],[128.60265547081977,35.25229701863252],[128.60261729123928,35.25269518368258],[128.60031232049522,35.255363878963216],[128.59931088856825,35.25621229161145],[128.5964857327907,35.25895348782118],[128.5945723969083,35.25971183337719],[128.59293957276,35.26032724277283],[128.59266578971418,35.26037351238016],[128.59139758684503,35.26058414428],[128.58983617545073,35.26085995912115],[128.58974925256572,35.26088370169036],[128.58974922193374,35.26088371278607],[128.58974337047542,35.260886268471396],[128.5895994145871,35.260949187382074],[128.5884487529869,35.26170455842563],[128.58833024659603,35.261719344001],[128.5883242522977,35.26172043301627],[128.58823443051963,35.26173679622876],[128.58817354027082,35.26176646179295],[128.58807238296765,35.26183517748097],[128.58799936409622,35.26188484785171],[128.58550755678405,35.26388195656561],[128.585455948145,35.26392507487705],[128.58543236488248,35.26394485046993],[128.58542718328272,35.263951168837394],[128.585189802428,35.264245903679395],[128.58512795956096,35.26434978930996],[128.58508013246916,35.264433494697684],[128.58505755631705,35.26447308487054],[128.58504957817686,35.26450416057238],[128.58501706790355,35.26463344043401],[128.58499077098216,35.264746714369196],[128.58499017910117,35.26476911126163],[128.5849889716412,35.26484840961338],[128.58498796774683,35.26492038293472],[128.58520643242113,35.2662823065005],[128.5854259426794,35.26725684047383],[128.58555601440193,35.267729261404604],[128.585814746955,35.268548243260724],[128.586003860138,35.269107198731795],[128.58613184373104,35.2691904297418],[128.58619932078398,35.26923418687771],[128.58688144838595,35.2709325059699],[128.5860895125773,35.27209446881392],[128.5916497070412,35.2732430563118],[128.5907364294009,35.27482644706771],[128.5894375390628,35.27788527191184],[128.58638548888354,35.2781559568362],[128.5833725746351,35.27842633882365],[128.58279765069065,35.27883208362051],[128.58187415596922,35.28061900345667],[128.58174308027642,35.28103203426764],[128.58170327757296,35.281158018678504],[128.58120009432056,35.284091447481615],[128.581555752257,35.28470174718681],[128.5817280758575,35.284996612058244],[128.58141173920652,35.28729491653879],[128.57958452805096,35.288327014194394],[128.57691157717957,35.29061660605316],[128.57656919518323,35.29140118048364],[128.57455213302597,35.29658255755027],[128.5728942555471,35.3002939055542],[128.5740801847457,35.30175170552139],[128.57615044529447,35.30398851074287],[128.57657168265715,35.30436308636097],[128.57734972343889,35.304959581497656],[128.5782259028906,35.30530174760226],[128.57897638455267,35.305539655457046],[128.57961800253474,35.30577981634538],[128.57988323128282,35.30593857201196],[128.5810880444413,35.306695632878665],[128.58223513922354,35.308334095593224],[128.58195009712185,35.30913568357562],[128.5818848918644,35.30926340965727],[128.58183889560274,35.3093534265918],[128.58138182345633,35.30973665108571],[128.57650057298187,35.31271041551501],[128.5761034848185,35.31262729854153],[128.57550547450916,35.31288447554102],[128.5720332586279,35.315698340833876],[128.5719865314405,35.31715539917313],[128.57211969329396,35.31846156254244],[128.57169640106687,35.32052534952955],[128.5713355904499,35.32127157914665],[128.56891576654132,35.32456440025467],[128.5688989848195,35.32458531347623],[128.56845843569025,35.324977138009444],[128.56702791751826,35.32576437589574],[128.56482046569522,35.32751752431254],[128.5649195752998,35.32825875237149],[128.5659950861515,35.3293216551928],[128.56639274525963,35.329609263232506],[128.56728930300483,35.33010528465061],[128.56815382486414,35.33073887726012],[128.5696611194416,35.33415353142448],[128.57001063598878,35.335380701210816],[128.57015757977558,35.33590572105663],[128.57016164715768,35.33592045393625],[128.57011849612547,35.3360530923385],[128.56946688625365,35.33726411400865],[128.56819751542275,35.33786355462366],[128.56737742908692,35.338183122226326],[128.56655780652957,35.3385622552737],[128.56608481347675,35.33900475907494],[128.56605423818414,35.339041072757524],[128.56570378422668,35.339457480945704],[128.56466443621366,35.341099177283894],[128.56511057601674,35.34188463909],[128.5647946880741,35.343542458436296],[128.56415487754595,35.34482017871236],[128.5628861387788,35.34621135616056],[128.5624179797898,35.3470151194155],[128.56244410865838,35.34744398774276],[128.56277073573753,35.34803780017447],[128.56443143281606,35.34974216293343],[128.5636485877313,35.35023007647967],[128.5606029168832,35.351497454330165],[128.56010901270912,35.35173362643288],[128.55929236493208,35.35268831894911],[128.56146747876542,35.35467968402157],[128.5614318148779,35.356256849476544],[128.56129161445412,35.356956680030684],[128.5612872235263,35.35697925957608],[128.56172604840194,35.35697008717778],[128.56226621819508,35.35695661961647],[128.56423573817975,35.35701101679967],[128.56702890380473,35.357187210750396],[128.56746333602337,35.357217901511994],[128.57069339706902,35.357693072318995],[128.57105310854195,35.3577878207417],[128.57145290599433,35.358195351640006],[128.57152561626785,35.359163210570664],[128.57154775216557,35.359738291806934],[128.57152567913693,35.359965146691074],[128.57141735942554,35.360639226697735],[128.57149043124485,35.36150047781557],[128.5717812756178,35.361872817563366],[128.5761110489818,35.36541243907418],[128.57720665597728,35.36593662991676],[128.57703446723522,35.36670096369533],[128.57648118179407,35.367227640398],[128.57621958231798,35.367424956741694],[128.57517103398698,35.369130354052125],[128.57430662366636,35.37122003060724],[128.5740669476269,35.37208746507049],[128.57407170863982,35.372138224523844],[128.57435812656266,35.37284646290243],[128.57449657433065,35.373088404742525],[128.5746077497579,35.373235098532874],[128.5748954357183,35.37354903348932],[128.57494810614574,35.37360481254145],[128.57498706718732,35.3736458419662],[128.57525565676755,35.373931578661995],[128.57584406959924,35.37542287516202],[128.57657441921256,35.377492474543466],[128.5766071715336,35.37760342640916],[128.57661443684134,35.377800612332756],[128.57661756394955,35.37794335474115],[128.57639501108324,35.3807528243251],[128.57639084786229,35.3808039155675],[128.57639112180695,35.38080398435591],[128.57692164413618,35.380941263011344],[128.5824096901286,35.383782854914955],[128.58511494198288,35.385183448939586],[128.5878943948616,35.38736548097475],[128.58972708294544,35.38880445042548],[128.59296473534707,35.391346045234904],[128.59325466433705,35.391573579251826],[128.59337588028103,35.391668582513375],[128.59702382941902,35.39243434634021],[128.59954536238968,35.392963571713025],[128.60151832143092,35.393377623566046],[128.60193410130512,35.39313259843742],[128.603083866647,35.39245454290271],[128.6043862019344,35.39095436748627],[128.6062042646078,35.388859429668955],[128.60982051311913,35.385336776813325],[128.60991669693433,35.385266321544364],[128.61503527335023,35.38167754081132],[128.62033180796732,35.378089100533145],[128.62324561069778,35.376056495305],[128.62547499112756,35.37449994736495],[128.62647885265426,35.37378310431269],[128.6307452863328,35.3709109638799],[128.6319979490023,35.37008227080732],[128.63434149121545,35.36858277621788]]]]},"properties":{"name":"창원시의창구","base_year":"2018","name_eng":"Uichanggu","code":"38111"}},{"type":"Feature","geometry":{"type":"MultiPolygon","coordinates":[[[[128.67789155119524,35.24090680729914],[128.6790502113676,35.24021267853333],[128.67934105602862,35.23944810861308],[128.6784461247284,35.23805901458186],[128.67624801761409,35.23552775938886],[128.67318338824873,35.231991557216155],[128.6731488637916,35.231644808705816],[128.6801102279542,35.22757437814031],[128.68222206789264,35.22636108325248],[128.68433736482407,35.225145775921284],[128.68892409394303,35.22257220644508],[128.68900888437028,35.222516632881614],[128.68936270752965,35.22227932043631],[128.6894904877468,35.222183837458864],[128.68961905813305,35.22208258867445],[128.6897338868209,35.22198463779381],[128.6917204301515,35.22028259507169],[128.69191816341888,35.220507354324205],[128.69444604148512,35.22337500989632],[128.69740814171325,35.22658341527934],[128.6976203857096,35.22681333901983],[128.69556471130107,35.230358994571645],[128.69511869896056,35.23112337505972],[128.69428115858128,35.232209709715974],[128.69456289541083,35.2323654553358],[128.6947540839865,35.232471036820755],[128.69505162224632,35.232625999549725],[128.69719360074376,35.23359017025079],[128.69935403403713,35.23418642241595],[128.70489258205222,35.23435236206269],[128.70619060842077,35.23488958985089],[128.711713024176,35.23669018056825],[128.7157220365579,35.23666268316622],[128.71573529231688,35.236651348925704],[128.71631105973955,35.235936933756534],[128.71731672704888,35.23521219658409],[128.71802343639123,35.23531084671434],[128.71987626401753,35.23586994433644],[128.72192260371267,35.23660474754588],[128.7233759188816,35.23698197897062],[128.7253094837193,35.23747363529759],[128.72618125451407,35.23664126369953],[128.72509279505576,35.23516555107624],[128.72459518765717,35.233645519431064],[128.72499116321384,35.23282823384264],[128.72512085340043,35.23126785922292],[128.72511108198103,35.23090315451353],[128.72425726174865,35.22870284807155],[128.72365948451915,35.227621033792104],[128.72253450006318,35.226389988518605],[128.72129463669933,35.22537391115376],[128.72151102916598,35.21876638296485],[128.72251812739944,35.21440359433983],[128.7238834973011,35.21253105489839],[128.72799753674255,35.20695297397458],[128.7296373908935,35.20640293267903],[128.7305184184433,35.206186303866076],[128.7332025596046,35.205677622592226],[128.7396608469293,35.20542932115051],[128.73966112596892,35.20542932189988],[128.74281160621715,35.20582563347842],[128.74320355001493,35.20619934762229],[128.74500112893654,35.20526522771038],[128.74593563766638,35.20407018984047],[128.7471257617541,35.2029403344391],[128.74829754613378,35.202285536803004],[128.7488810725889,35.20206086372517],[128.75061401191337,35.20148436471488],[128.75139381540095,35.197709169137305],[128.7505342184967,35.194565377103004],[128.75044515533907,35.19454048648564],[128.74896828751136,35.194128384921555],[128.7462208802167,35.191800784023094],[128.74623087614916,35.19169081229525],[128.74626812954858,35.191283455902784],[128.74631050538625,35.18991201849046],[128.74565917634825,35.18844173596639],[128.74500680203505,35.187098756025044],[128.7446849510233,35.186517470962755],[128.74424482863452,35.18582691451333],[128.74388997853725,35.18403678856349],[128.7433080330124,35.18095977711374],[128.74309124861514,35.17909443344036],[128.7426901089924,35.175389040424236],[128.74275316588805,35.17472700891175],[128.74201889578578,35.17352402856032],[128.74124251616487,35.17187357823676],[128.74098589735658,35.1705185404256],[128.74126576819955,35.16905315053628],[128.74120560494237,35.16791975270748],[128.74099242990837,35.16715397235913],[128.74050245904684,35.166329032016804],[128.73997470073945,35.16505218540906],[128.7383489225828,35.15769596025827],[128.7383422516477,35.15725234764419],[128.73844902326385,35.156565681739565],[128.73610756352085,35.15701270984829],[128.73301334581708,35.157432115288564],[128.7302011042718,35.15834434918806],[128.7298643450591,35.15845716401737],[128.72692339440638,35.159903722490434],[128.72278199579262,35.16155864142273],[128.7185264487591,35.16299663758022],[128.71755040028083,35.1632407010885],[128.71679181194781,35.16358420299698],[128.71360795243868,35.16548744473031],[128.71329342379093,35.16604217153201],[128.71326436465446,35.166079923490294],[128.71290555802256,35.16645251571628],[128.71206833912342,35.166876651152414],[128.70869492257276,35.1677626691148],[128.70833330561862,35.16780620403697],[128.70824925531176,35.1677883783108],[128.70745590466979,35.167571862280546],[128.70730792019506,35.167531411516556],[128.70632353598174,35.16728223798003],[128.70359710641054,35.1675370186017],[128.70229543394316,35.16820741880845],[128.70150012073586,35.16845699112788],[128.70107271299318,35.16850353198044],[128.700036639383,35.16860438848943],[128.6977493101648,35.16881072765969],[128.69574849656766,35.168938761499],[128.69480766407403,35.168803642635716],[128.69107690268575,35.16945647262],[128.69107679753705,35.16945649078539],[128.6898171167074,35.16967093008798],[128.68908298006102,35.16979589805818],[128.6885726734728,35.17011435110659],[128.68678080878948,35.17123779358776],[128.68646060582523,35.171693711925016],[128.6858915926708,35.172142662469476],[128.68507190148054,35.1724283701994],[128.68076416100607,35.17344065019022],[128.67975659102345,35.17343152500433],[128.67914231302677,35.17351580108044],[128.67508432560524,35.175994709306394],[128.6750401263037,35.17602851915569],[128.67499588353866,35.176062363673545],[128.6744652108389,35.17657931475145],[128.67330695677165,35.17795728937045],[128.67172047547803,35.17946408108559],[128.6697902146178,35.18070282433892],[128.66832582241642,35.18078171978528],[128.66377211272064,35.180936816632446],[128.65452212977985,35.180265863450984],[128.6501570663107,35.17897283102751],[128.64936646430849,35.17805842760557],[128.64931242782802,35.177991066441535],[128.64909226648385,35.17771208133254],[128.64674114921388,35.176465435530375],[128.64260816924002,35.17619017788834],[128.64221791167762,35.17621165411197],[128.64023445749888,35.17657914801064],[128.6397830398403,35.17668087886195],[128.63821382786742,35.176633227221316],[128.63770186948312,35.176298949305334],[128.6359867874034,35.17455007790383],[128.633153056328,35.17129697347974],[128.6314144252158,35.17040267553719],[128.63050489517988,35.16987304881338],[128.62951039153862,35.169278509008485],[128.62900178137747,35.1688496625736],[128.6273849585323,35.165902952995964],[128.62509514224377,35.16311731417942],[128.62335169325817,35.16175968426793],[128.61919329503215,35.15846326736842],[128.6183470183218,35.15708131658148],[128.61900299181775,35.15579688394417],[128.6181315089206,35.15476928804195],[128.61693165051986,35.15398939769571],[128.6129388481779,35.15184018489874],[128.60983799871653,35.15097987301427],[128.60915914932306,35.15184436229181],[128.60869735386967,35.1561815059464],[128.60865451346064,35.15801806339188],[128.60950946174387,35.15993589989802],[128.61069835461174,35.162303585618616],[128.60796811509087,35.163196862603215],[128.60799530030675,35.163085083694035],[128.60799354020537,35.162957501909254],[128.6079908939565,35.16284165164492],[128.6079807473038,35.16271615907516],[128.60796555615104,35.16264357892773],[128.60794000970458,35.16252806975318],[128.6079308953865,35.16249406665827],[128.60792268412067,35.16246722532484],[128.60791453496756,35.16244553011336],[128.60790013875763,35.1624172269458],[128.60787818577083,35.16238281289271],[128.6078144282397,35.16229331987945],[128.60773521752597,35.162208407931004],[128.6070849254629,35.1615599691823],[128.60657510606924,35.16105507058903],[128.6064085440569,35.16089180945904],[128.6061810499684,35.160679675336205],[128.60604686752723,35.160555464782746],[128.60593414972922,35.1604681092594],[128.6058168467052,35.160410734309664],[128.605757765474,35.16038975813119],[128.60572488267343,35.16037829337985],[128.60556584826617,35.16034559891459],[128.6055240772193,35.16033824205402],[128.60548180623815,35.16033223682613],[128.60544078894117,35.160328165932405],[128.60541417691377,35.16032735563217],[128.60537556370804,35.160327311246625],[128.6053344077746,35.16032906091666],[128.60528834354514,35.160333291651],[128.60509051039398,35.160373505600525],[128.60504966594803,35.16038570441351],[128.60500743318258,35.160400950875506],[128.60491121786765,35.160456079775095],[128.60483038463815,35.16050974286443],[128.6014070997791,35.162801249472125],[128.6011384861989,35.1630051158864],[128.59858465013005,35.164961502677166],[128.59973030871802,35.166219252802065],[128.60041631525309,35.16656513826683],[128.60044370779,35.1665816783761],[128.60047281479652,35.16660232530563],[128.60050069068302,35.166625969720506],[128.6005506584091,35.1666793143541],[128.6005731522215,35.166707799087966],[128.60059472894366,35.1667374877551],[128.60061439514422,35.166765386845306],[128.6006518891448,35.1668351756907],[128.60066636155014,35.166865509568574],[128.60067606834707,35.16689844025777],[128.60069437016102,35.16696955400334],[128.6008025019058,35.167699076880155],[128.6007837311987,35.16781390108899],[128.60074664829918,35.16792278023713],[128.6006889397158,35.16803542279496],[128.6006483420812,35.16810855767936],[128.60060428810502,35.16818123345108],[128.60054579177597,35.16825565260167],[128.60050486636212,35.16829698156146],[128.6004692203503,35.1683317904086],[128.60036360951796,35.16842666884676],[128.59961865219685,35.16904401474411],[128.5993601201874,35.16925551837717],[128.59930299356904,35.16930057718585],[128.59922537081889,35.169346325101586],[128.59909018263212,35.16941531722733],[128.5989872027608,35.169460883921055],[128.59894985781517,35.16947699283041],[128.59882545208148,35.16951340894749],[128.598718631119,35.16953042575125],[128.59856611484034,35.169548659390934],[128.59848182620465,35.169554572325474],[128.59843197963735,35.16955476649693],[128.59838043528455,35.16955209072308],[128.5983332593609,35.16954674246051],[128.59829098857662,35.169537723215456],[128.59823454533716,35.16952203392033],[128.5981608052005,35.16948624827144],[128.598099415645,35.16944698921092],[128.59805159678822,35.169409578130086],[128.59801037804155,35.16937875065053],[128.59785269557452,35.169381227681235],[128.59781298349876,35.16938454867591],[128.5977732187178,35.16939032085463],[128.59775824563454,35.169392786452896],[128.5976722588514,35.169436153054576],[128.59732485078226,35.169649501901304],[128.59729090381327,35.16967107605478],[128.5972591516321,35.16969696370775],[128.59393279782395,35.172545294076144],[128.5932334301538,35.17338543918598],[128.59314091647457,35.173521855393396],[128.5930392779813,35.17370165712628],[128.59278054714173,35.174211169769166],[128.5926420126478,35.174489760191065],[128.59258678961262,35.174658263339936],[128.59205923053455,35.177193316748614],[128.59207920674413,35.181848121175086],[128.59210063653975,35.18258183710542],[128.59216454809166,35.184677994716985],[128.59229021297503,35.18816177699378],[128.59240123322598,35.191332746432316],[128.5922700723701,35.19150781655131],[128.59064358296206,35.19354543247052],[128.5892497796832,35.19527396357746],[128.5906820704069,35.196053530499206],[128.59068832761838,35.19606893760006],[128.5906304545836,35.196455554941195],[128.59024669031865,35.19832610972921],[128.5893286154719,35.199404669478454],[128.59174446415534,35.20095610359656],[128.59284904905493,35.201659898920234],[128.59976439613962,35.20605622896445],[128.59978851744162,35.206063816401205],[128.5997903287952,35.20606388470289],[128.6000231884154,35.206079147754345],[128.60152121936113,35.207104429534056],[128.6025701516354,35.2078231569101],[128.6060017153495,35.210232063235914],[128.60841594794033,35.21186279777419],[128.60888635316107,35.21204071631099],[128.6113891062554,35.2121926582487],[128.61177686604756,35.212200217053706],[128.61221229622674,35.21216042535508],[128.61296022237437,35.21206593427892],[128.613842874695,35.21193359732069],[128.61457212769375,35.211738968023745],[128.61507708548675,35.211562592420904],[128.61649888378483,35.21119022563601],[128.6168298228487,35.21118226449156],[128.62299415674815,35.21207066954983],[128.62300520033588,35.21207250746559],[128.62331159639479,35.21214773545222],[128.6238933291819,35.212340905655054],[128.62439380111843,35.2125559914158],[128.62486570352698,35.21282263562065],[128.62509236414223,35.212970257932305],[128.62520783971038,35.213055162768185],[128.62572364128275,35.21347300315084],[128.62657005055829,35.21417317442634],[128.62822203260035,35.215554352970734],[128.63170283787025,35.218183785535],[128.63310244387344,35.21920746893325],[128.63452785549632,35.218897770125146],[128.63459216716188,35.2188847146436],[128.63465965078947,35.21887473378315],[128.63479422258695,35.218869462663406],[128.6348598045837,35.21886731774138],[128.63492614439042,35.218867518088445],[128.63499234950908,35.218873038505905],[128.6350587724552,35.218879367429494],[128.63512507706153,35.218887139167414],[128.63519083136748,35.218895631940995],[128.63627281142328,35.219166597435276],[128.6365219683223,35.21922908984825],[128.63807671456112,35.21961845755444],[128.64416940020627,35.22113083206377],[128.64415561364666,35.22111898304878],[128.6467591460109,35.220782325469635],[128.64717469097755,35.22069971724954],[128.64735831219141,35.22065518911015],[128.6491543642112,35.2200993428258],[128.65067823253867,35.219488602774966],[128.6508281318464,35.21941549387696],[128.65160525962506,35.22063778946776],[128.65502462413278,35.22456457633767],[128.6592334190599,35.229345383980316],[128.65956312832975,35.22919109418702],[128.66249072608207,35.22782102246256],[128.6627884853202,35.22789278262986],[128.66503930053105,35.22897159780324],[128.66576888280582,35.22932126987151],[128.66926000961246,35.229737575990406],[128.66988411063664,35.22938963269081],[128.67088122324398,35.22921611649876],[128.67126287767,35.229636477103675],[128.67296315242604,35.23162681843739],[128.67291230885775,35.23176607898721],[128.67231731583325,35.23207113688823],[128.66884726638975,35.23385000068612],[128.66404343285274,35.23625499996424],[128.65944412808935,35.23823548827491],[128.65929576717633,35.238299154718085],[128.6588673368783,35.23847514609472],[128.65854664739402,35.23860612047977],[128.65260372933128,35.24103306401387],[128.65252267133903,35.24106613389552],[128.65237733225655,35.241124923108536],[128.6513348317491,35.24046010460317],[128.64962702536215,35.23986437239709],[128.65089792632554,35.241422054721795],[128.65354726886468,35.24264713401996],[128.6538273433762,35.24277043115808],[128.65460295108315,35.243093441825465],[128.65546510851655,35.243449863793906],[128.65611377652962,35.24362982045618],[128.66341367880642,35.24550754303162],[128.66477630309208,35.245852586189734],[128.6649632572638,35.24589060134983],[128.66554763849348,35.245976950855244],[128.66587420392716,35.24599741544474],[128.6690166330562,35.2459739998639],[128.66933813241073,35.245970736691824],[128.6694492469213,35.245962208124354],[128.6695714925481,35.2459456878948],[128.66962009268187,35.24593653712801],[128.6697423981121,35.245905056067635],[128.6730147008958,35.24483916373759],[128.67241011908285,35.24399221884162],[128.67228405830852,35.24386667974095],[128.67291506205163,35.24126351047731],[128.67789155119524,35.24090680729914]]]]},"properties":{"name":"창원시성산구","base_year":"2018","name_eng":"Seongsangu","code":"38112"}},{"type":"Feature","geometry":{"type":"MultiPolygon","coordinates":[[[[128.57080486780694,35.05710962094435],[128.57059006180103,35.05706315239918],[128.5703498236789,35.057079456007536],[128.570332849865,35.05708069326596],[128.57031273130173,35.0570856422662],[128.57029558402837,35.05709430737613],[128.57028358294983,35.05710251211645],[128.5702765699657,35.057112501631416],[128.5701899002716,35.05725792671178],[128.57018059711027,35.05727608425282],[128.56973932250486,35.0586602166762],[128.5696591664232,35.05904910671261],[128.56965605808426,35.05907126835726],[128.5696560359,35.059098508314726],[128.56965779725013,35.05912173265275],[128.56966189215865,35.059173205863985],[128.56966425260794,35.05919761530945],[128.5701175135923,35.06128893863756],[128.57114742894618,35.06271903121875],[128.5744405701283,35.0634138208262],[128.57446948947552,35.06340113240752],[128.57448771053046,35.06338163692082],[128.57533181107206,35.06228168196382],[128.5753835928029,35.06219161010935],[128.57542179890604,35.06212133003115],[128.57542592402038,35.06210408205706],[128.57542703546417,35.0620841035905],[128.57546041749984,35.06067796357452],[128.57542877506089,35.060610980215095],[128.57541802516434,35.06058888518152],[128.57540842372745,35.0605719884028],[128.5726944531766,35.05767255232782],[128.57264059853654,35.05762615921066],[128.57260851007945,35.05760345736238],[128.5725766545811,35.057582497481214],[128.5725424763949,35.057561211413834],[128.57250433749653,35.05754275224604],[128.57244279992358,35.05751486455121],[128.5723789064151,35.05749741398927],[128.57080486780694,35.05710962094435]]],[[[128.6372376345993,35.065188820531326],[128.63761179714285,35.06389982946612],[128.63808928722173,35.06390597899997],[128.6396834374632,35.06363422017668],[128.63970863083526,35.06362671567449],[128.63974021164972,35.063609817412726],[128.63987067722098,35.06350538591272],[128.63996245559028,35.0634182980292],[128.64000656547086,35.0632767063596],[128.64001897482257,35.06322460810581],[128.64002686643988,35.063127616678464],[128.6400171938644,35.0631061453588],[128.63999018513357,35.063052632315475],[128.63990688383123,35.06293723452998],[128.63989114454313,35.062921449623836],[128.63987458224938,35.06291083572057],[128.63953715061487,35.062703853402574],[128.6395248516933,35.06269663295201],[128.63950488103654,35.06268821880104],[128.63933735047794,35.06262587642728],[128.6392819092754,35.06261418357134],[128.63926955488867,35.0626141928549],[128.63840345690326,35.06264316163053],[128.63815262458567,35.06265770075862],[128.63512617595788,35.06064485701668],[128.63510299859016,35.06062331795125],[128.6343250859409,35.06005607920932],[128.63432195823478,35.06005462639868],[128.63416751597273,35.060001674115114],[128.63379533395016,35.05991105525172],[128.6337888839166,35.05990975565886],[128.63378063145873,35.05990952296019],[128.6337765851238,35.059909690664014],[128.63377213807803,35.059911470753015],[128.63333421031138,35.06010936033397],[128.6314804270997,35.06119932756849],[128.63251219822078,35.06287271983601],[128.63245251200868,35.06299636858105],[128.63242630946078,35.06308965343973],[128.63240845677853,35.063200817872],[128.63241607753997,35.06326399215247],[128.63245013846299,35.0633593432928],[128.6324867311278,35.063425731240116],[128.6324959577367,35.06344127084297],[128.63250980940174,35.06346198996871],[128.63252525614917,35.06348416580288],[128.63308894278114,35.06415901388436],[128.63315678197688,35.06423692489846],[128.63317992599588,35.064261387476485],[128.63320308481195,35.06428197993331],[128.63341330484366,35.06446651252232],[128.6334476614562,35.064496074810414],[128.6334771790571,35.064519852030095],[128.6335134001146,35.06454894944926],[128.63456722492512,35.06536626102946],[128.63459521759992,35.06538756360435],[128.63465162067138,35.065424896990535],[128.6349877996114,35.06560720208072],[128.63551667776954,35.06577958194623],[128.63569881536574,35.06582940739646],[128.6359546539793,35.06588274356307],[128.6360847928441,35.06590541528532],[128.6361168659952,35.0659066838516],[128.63718838012383,35.06592704602069],[128.6372376345993,35.065188820531326]]],[[[128.57266672239905,35.0646986101774],[128.57262652135424,35.0646945927015],[128.57258449674868,35.06469511019736],[128.57254735536506,35.06469713370788],[128.5724640658858,35.06470441324727],[128.57242678591803,35.064709915007285],[128.57185334416727,35.06482466460458],[128.57161398032187,35.064889960131296],[128.5711265062465,35.0650780304506],[128.57109926870623,35.06509831390658],[128.57077708114787,35.06535544164554],[128.57066293430256,35.06545182529794],[128.5704695822909,35.06567549158162],[128.57044489195405,35.06571986839881],[128.5703794241597,35.06590099141794],[128.57037244743907,35.065925041300154],[128.57036732650596,35.06595465252041],[128.5703481949382,35.066084434618446],[128.5704105155946,35.06630704884423],[128.5704320022908,35.066370057728754],[128.5704441521085,35.066398674493804],[128.57045893652,35.06642262256709],[128.57047701593245,35.06644541940816],[128.5704934475019,35.06646279231155],[128.57072022760065,35.06670169986281],[128.57134834153004,35.06725249139825],[128.5715059656727,35.067347791208974],[128.57153849663206,35.06735972358474],[128.57157773222687,35.067368442153075],[128.5716107297335,35.06737115491286],[128.57164870609537,35.06736895479552],[128.57168699831908,35.06736101346085],[128.57172187222878,35.067350680266564],[128.57186588441783,35.06730236160857],[128.57195964902888,35.06726734124899],[128.5720158628663,35.06724546579943],[128.5720766611072,35.06722092026622],[128.57212172868785,35.0672021327535],[128.57237878065362,35.06708712316062],[128.57272566324625,35.066917347588166],[128.5727668585946,35.06689495852938],[128.57281106907337,35.06686384573417],[128.5728536007349,35.06683344890936],[128.5728940428134,35.066804296716555],[128.5729317319738,35.066775008715126],[128.5730045309407,35.06671350291386],[128.57303874180872,35.06667852539998],[128.5730674705333,35.06664395850633],[128.57343626117236,35.066021709560324],[128.57344292693116,35.06600495869487],[128.5734431424761,35.065982209507375],[128.57333902533117,35.065647653583824],[128.57333299052544,35.0656296678847],[128.57312505775215,35.065185077118166],[128.57311233523274,35.0651588387649],[128.5730486473498,35.06503738154014],[128.57304828438814,35.06500611982461],[128.57304608497844,35.06497784455235],[128.5730378720024,35.06494460226473],[128.57303024711237,35.06492039083818],[128.57297927577434,35.06480137630003],[128.5729654895798,35.06477497067916],[128.57294784525283,35.06475695447998],[128.57292185944132,35.06474512692012],[128.5728479721138,35.064723639172776],[128.5728172142051,35.064716546018815],[128.57278735893166,35.06471275297874],[128.57266672239905,35.0646986101774]]],[[[128.57631695556253,35.06512554780383],[128.57627324473592,35.06512591754244],[128.57416385035208,35.065237465693215],[128.57413128581484,35.06524689583092],[128.57410214886076,35.06525907042848],[128.57407079939247,35.06527699752426],[128.5740517137173,35.06529598438339],[128.57403638470612,35.065324135285394],[128.57402979243244,35.06535634408575],[128.5740304282007,35.06537943025019],[128.57403700470388,35.06541581454902],[128.57404444098236,35.065452886865415],[128.5746920335243,35.06742694905734],[128.57486826124781,35.06782347363811],[128.57499773235702,35.06789237742776],[128.57525626344903,35.06784680891485],[128.57528807442938,35.067830433787336],[128.57533761113237,35.067802213331035],[128.57537831311134,35.067775658927616],[128.57541451487614,35.06774568882054],[128.57561398487434,35.06757738159219],[128.57563147291958,35.067551815019435],[128.57566885455805,35.067482406250846],[128.57606152818343,35.06663133131536],[128.57653314010756,35.066595446359216],[128.57656133513188,35.06658937127133],[128.5765873284412,35.06657879851721],[128.57661496327216,35.06655397164705],[128.57681957849354,35.0663668418743],[128.5769624133822,35.066231711812655],[128.57698592250293,35.06620085838075],[128.5770072857403,35.06616777200233],[128.57702500909386,35.06613230139363],[128.57715629839353,35.06586290002052],[128.57715799017183,35.065851765342416],[128.57715994352174,35.065819781950296],[128.57715967141596,35.065793568843056],[128.57715440349244,35.06577140329069],[128.57714337701188,35.0657456681839],[128.57702442626868,35.0655481332235],[128.57701485910624,35.06553279595769],[128.57656810525748,35.065195721696774],[128.5765437017324,35.065178483673606],[128.57647037204126,35.065152818305506],[128.57634047274985,35.065129423736856],[128.57631695556253,35.06512554780383]]],[[[128.5539831264226,35.069764363580596],[128.55604169463584,35.06888328892962],[128.56091200834047,35.06649073413608],[128.56204875905615,35.06429079078315],[128.56143407196177,35.06226221920823],[128.56263707965988,35.0596736598497],[128.56465911417376,35.057097266406785],[128.56467998748514,35.05708062187731],[128.5648281061537,35.05700348272779],[128.565075324969,35.05689237452256],[128.5651864011917,35.0568468835271],[128.56527392094867,35.05682411385445],[128.56530175450328,35.05682162565611],[128.56534236657896,35.05682179949833],[128.56537505966153,35.05682501638581],[128.56540708114045,35.05682903385901],[128.56544312624314,35.05683468847381],[128.56583523316004,35.0569001086281],[128.56587629112255,35.05690945699554],[128.56594351951944,35.056932232681746],[128.56598059939708,35.056947462817874],[128.56604757598274,35.056978717593424],[128.56608352802547,35.05699594654988],[128.56611842793274,35.05701487264538],[128.56615099843145,35.05703310706148],[128.56620781127458,35.057066471391956],[128.56626112835875,35.05709972553723],[128.56628392800317,35.057114876932616],[128.56631255811618,35.057135710542035],[128.56644144806776,35.057253862604945],[128.5664758170863,35.057286453877744],[128.56820830712928,35.05499334499783],[128.5682550045861,35.054918437102714],[128.5683456497841,35.05475515216307],[128.56835466384706,35.05473148836571],[128.56835878332262,35.05471114937368],[128.5683603154305,35.05469292007134],[128.5683604012969,35.054670070718224],[128.56836025566548,35.05453141304073],[128.56835887939076,35.054513615507084],[128.568353024405,35.05449515353103],[128.56834447434312,35.054478392737494],[128.56811682912578,35.054057303003425],[128.56810602979752,35.05403920925341],[128.5680948113669,35.05402537004382],[128.56808165555697,35.054011541838506],[128.56806924423688,35.0540013828188],[128.5672801917032,35.05338544392775],[128.56726758770418,35.05338103595536],[128.56299905882818,35.052178987782135],[128.56295541005377,35.05216905903557],[128.56242777029223,35.05212801121125],[128.5624087046785,35.052127031278395],[128.5623979959491,35.0521268218286],[128.562168949055,35.052160139457555],[128.55678545781416,35.05335273801881],[128.55653540415383,35.053446782961785],[128.5561618112885,35.0535903658449],[128.55573732930037,35.053767156888675],[128.55547958702863,35.053897587091356],[128.55536988518944,35.05395441141859],[128.55534981391025,35.05396492150651],[128.55533199623753,35.05397591444857],[128.55531231361437,35.05398921964831],[128.55529211472106,35.054002972913594],[128.55527736864946,35.054013212671244],[128.5508878460614,35.057807474303345],[128.55084770023592,35.05784237050785],[128.55083449513327,35.05785538992572],[128.55080079830904,35.057891410181355],[128.55079710192717,35.05789596713168],[128.55073109599695,35.05798271454045],[128.55067108232393,35.0580643534476],[128.5506447514364,35.0581044302801],[128.5506185286432,35.058144587621484],[128.55056262245432,35.05823084020248],[128.55051147371194,35.05831287279268],[128.54960701585227,35.0597649686838],[128.5494927596627,35.0601137889702],[128.54930718475984,35.06084311470987],[128.54929718129154,35.06088780386263],[128.54929672647128,35.06089101960359],[128.54929566712875,35.06090594253396],[128.54929583955985,35.06090879952777],[128.5492962187118,35.06091164867946],[128.5492990370117,35.06092538784534],[128.54929972571327,35.06092763444433],[128.5493006124425,35.060929873826716],[128.54930181643869,35.060932113766434],[128.5493044363809,35.06093631443893],[128.54932655447112,35.06101442710061],[128.5493592943954,35.0611351875565],[128.54936691799045,35.061166358009835],[128.54936763888065,35.06117059657419],[128.54937416659607,35.061219639014844],[128.549383742002,35.06134662998763],[128.54938597726317,35.06139226661348],[128.54938537293356,35.06143275402553],[128.54938475185472,35.061438041047715],[128.54937755971926,35.06148598647861],[128.54937608345168,35.06149129025552],[128.54932174680218,35.061655957052174],[128.54931986519045,35.0616614393444],[128.54928704464362,35.06175308529075],[128.5492846277587,35.06175805984313],[128.5492796564306,35.06176688358421],[128.54925460038245,35.06180797381917],[128.54922871904202,35.06184943166335],[128.54922493268668,35.061854509968725],[128.5491470663998,35.06195399169206],[128.54914274346015,35.0619588264313],[128.54913397006825,35.061967527857114],[128.54909531679988,35.06200310510651],[128.5490549413865,35.062037223968915],[128.54901241599325,35.06206929872483],[128.54632523758602,35.06425090158884],[128.54545716428768,35.06469497167204],[128.5442792602723,35.06526366480744],[128.54278448481293,35.06614702938253],[128.5424544280325,35.06659183347184],[128.54227756925135,35.06759966456436],[128.54207415929713,35.0688907050989],[128.54207155061377,35.06890823504127],[128.54207131515446,35.06891109169618],[128.54207131262143,35.068925215733564],[128.54207152835176,35.06892807401508],[128.54207232045437,35.06893325144479],[128.54207348821961,35.06893812350807],[128.54207425395242,35.068940594575],[128.54207698683285,35.068947789948595],[128.54207925122935,35.06895272798611],[128.54208056379474,35.06895519435435],[128.54208606222932,35.068963940497476],[128.54208765137074,35.068966100149204],[128.54210776621514,35.06898824208774],[128.54210989198722,35.068990331637174],[128.54219554579004,35.06906946145436],[128.54219821881674,35.069071842384176],[128.54234811816937,35.06917227852388],[128.5423935697101,35.069202691146614],[128.5423967040892,35.06920476651833],[128.5424031519052,35.069208469393956],[128.54240663784478,35.0692102390548],[128.54241013834587,35.06921178515094],[128.54241371563413,35.069213105496495],[128.5424268382808,35.06921720173012],[128.54243031947345,35.06921807161952],[128.5424663311056,35.06922457147986],[128.54757880816842,35.06982784141159],[128.54764619421067,35.06983301425579],[128.54769260159347,35.0698353777315],[128.5477197169681,35.069835019105234],[128.54774030724784,35.06983451817113],[128.54848089866508,35.06977191232507],[128.54849893776523,35.06976931119533],[128.5486982365175,35.06973671044921],[128.5487420701273,35.06972668004046],[128.5487530379358,35.06972378284918],[128.54877278623334,35.06971732935648],[128.54878696055115,35.06970978375297],[128.54879898803557,35.06969747093059],[128.5488057324019,35.069685453101016],[128.54881023178467,35.0696686876145],[128.5488116628198,35.069659678230956],[128.54882196568823,35.06964614314973],[128.54886146146097,35.06961528340603],[128.54887883532442,35.06960202452681],[128.54889905080458,35.06959196002506],[128.54919175258067,35.06949290679988],[128.5492131624014,35.069489082159386],[128.5503141138455,35.069321487887066],[128.55066327100556,35.06927865062808],[128.55069764475698,35.06927811123281],[128.55072723663702,35.06927999514144],[128.55079573971133,35.069289300642374],[128.55082519591537,35.06929391595393],[128.55085767205503,35.069301426861564],[128.5508869413758,35.06930979161276],[128.55092342056534,35.06932534905123],[128.55094963446567,35.06933729107625],[128.55098204234872,35.0693554004955],[128.55101416063425,35.0693762432172],[128.55111698041452,35.069449355077815],[128.55192635787017,35.07008764580244],[128.55244164659538,35.07003718745483],[128.55269064346012,35.06999642755395],[128.55393637679305,35.069780893800505],[128.55395576351572,35.06977602594533],[128.5539831264226,35.069764363580596]]],[[[128.49647798058405,35.069503445888266],[128.49552243415968,35.069350930135776],[128.49543893993973,35.06935404470061],[128.495303487998,35.06941616997492],[128.49529461410268,35.06942055091035],[128.49407730153007,35.070894548774845],[128.49403384839903,35.07094850260236],[128.4939953254876,35.07100146830976],[128.49397035814184,35.0710517324262],[128.49394964872755,35.0711119201536],[128.49393672672235,35.07115357223741],[128.49392808506812,35.071212792060294],[128.49392596229666,35.071256400722156],[128.49392767414324,35.07129539027166],[128.49393271578623,35.071332900167796],[128.49394216901894,35.07136793807556],[128.49395357026202,35.07140170687877],[128.49402758749827,35.071620262344],[128.49404475034729,35.07165650449684],[128.49406034669033,35.07168434909856],[128.49450914922747,35.07235255233185],[128.49468809971924,35.072462939233716],[128.4954685909823,35.07285376381427],[128.49552387977607,35.07287544652842],[128.49560948307933,35.07288474522378],[128.49570380054362,35.0728764834212],[128.49599443950413,35.0728431871877],[128.4961007716594,35.07283007251482],[128.49622633368028,35.072810017320776],[128.4963268135995,35.07278720665141],[128.49639584260504,35.07276583259727],[128.4964360320758,35.07274341095807],[128.49647973314285,35.072711503308845],[128.49650890219863,35.07268041179245],[128.49652095647915,35.072652492209194],[128.49652376944206,35.07261395259072],[128.49652229289106,35.07249932988507],[128.49673283113646,35.07222260287121],[128.49731969820763,35.07101655464684],[128.4973595928148,35.07088812254102],[128.49740336618495,35.07068473111995],[128.49742036392098,35.0705644794197],[128.49742308602325,35.07054084719002],[128.49742885361476,35.07044935646905],[128.4974293245073,35.0704156020785],[128.49742267370033,35.070327060979096],[128.497353033658,35.070182427659255],[128.49733773884347,35.07015214351936],[128.49732768351495,35.07013429868845],[128.49731610298315,35.07011708884033],[128.49716511387106,35.069950522731624],[128.49704509466036,35.06985094805588],[128.49670858454905,35.069600370522394],[128.49647798058405,35.069503445888266]]],[[[128.55960989072838,35.072721918076034],[128.56009177853912,35.072717250412126],[128.5601470509036,35.072720902510476],[128.5602589356203,35.072733314198075],[128.56026454571128,35.072734065897706],[128.56032183015012,35.07274473864954],[128.5603359557529,35.072747908390824],[128.5603412990165,35.07274940538165],[128.56035609575272,35.07275457029626],[128.5603612686456,35.07275666204458],[128.56038309921044,35.0727668638231],[128.56039247832808,35.072771873027634],[128.56042921132993,35.07279390782672],[128.56047439216474,35.072824458480525],[128.56051820964933,35.07285419882846],[128.56061135685152,35.0729201555719],[128.56065203197872,35.072950967351126],[128.56069228370495,35.07298335514667],[128.56069814508098,35.072988107816],[128.560710419613,35.07299923018555],[128.56074531325686,35.07303487112007],[128.5607794854103,35.07307021071386],[128.56081330512595,35.07310593696885],[128.5609049319604,35.07320401373023],[128.56099087584911,35.07329652444906],[128.5609952209595,35.07330225511858],[128.56100221423213,35.07331040998993],[128.56100497379978,35.07331326963836],[128.56104011262522,35.073342077494274],[128.5610433992271,35.07334448675362],[128.56107678057492,35.07336567287987],[128.5610802454368,35.073367631499444],[128.56113006507468,35.07339041010918],[128.56117188995256,35.073409426624806],[128.56121223484533,35.07342638238829],[128.56121859263084,35.07342867671288],[128.56123056730456,35.073432398451864],[128.56123382903823,35.07343324825447],[128.56124278843504,35.07343514612906],[128.56124867115864,35.07343611388247],[128.56125689987496,35.073437055051826],[128.56180749250447,35.07349824571129],[128.56185423846796,35.07349932618583],[128.561892110798,35.073498516320775],[128.56189490734764,35.07349833718706],[128.56191256067495,35.07349641710962],[128.56191561044065,35.07349594132522],[128.56192146165944,35.07349468318877],[128.562504499851,35.07336653146731],[128.56253996289857,35.07335684348101],[128.56254489505127,35.073355229591215],[128.5625977642746,35.073334734459976],[128.56260286195672,35.07333267003847],[128.56262576959216,35.073321872482126],[128.5627342963633,35.073265208720855],[128.56296282217184,35.07313697450652],[128.5630007784943,35.0731147304965],[128.56305493848896,35.07308012354437],[128.56308070799594,35.07306283980237],[128.5634314976642,35.0728225267162],[128.56343434923227,35.07282034712241],[128.5634370153794,35.072818013407755],[128.563439405562,35.07281561552163],[128.5634430169217,35.07281075295246],[128.56344582716167,35.07280590401241],[128.56344703697587,35.07280328588366],[128.5634479924874,35.07280082848335],[128.56344876335274,35.07279837985668],[128.5634504269935,35.072780331665655],[128.5634504648164,35.0727773649913],[128.5634500113253,35.07277166687591],[128.5634495999453,35.07276885328333],[128.56344883507143,35.07276619138287],[128.5634454647074,35.072759032372446],[128.56344406219185,35.072756601153316],[128.56342293668718,35.07272941349862],[128.56342063644766,35.07272677331655],[128.56338751893878,35.0726951967195],[128.56338459541234,35.072692706742],[128.5633415474687,35.072660436272244],[128.56321234826464,35.072565687935324],[128.56267534080905,35.07226295944976],[128.56267142620737,35.07226085347223],[128.5626674237588,35.07225904544901],[128.5626635158175,35.07225760807835],[128.5626596307212,35.072256538686155],[128.5626558191102,35.07225576748561],[128.5626520267536,35.07225529385122],[128.55577553925193,35.07194184932978],[128.55573829359756,35.071929832696966],[128.55573533732274,35.0719293537686],[128.55554749956434,35.07190817603391],[128.55550863159812,35.07190450013134],[128.55537622722773,35.07189308317474],[128.55532480562374,35.07189163197615],[128.55524847212652,35.07189805774293],[128.55524482845456,35.071898729496155],[128.5529528195727,35.072337578249304],[128.5529499860219,35.072338314994845],[128.55294475826253,35.072340117078085],[128.55294204322848,35.072341377270874],[128.5529394371103,35.07234288252108],[128.55293683932763,35.07234456766086],[128.55293435267376,35.07234651379878],[128.55292980042424,35.07235056201805],[128.55292743170506,35.0723529341977],[128.55291519640713,35.0723669767519],[128.55291335040528,35.07236960195325],[128.55290367146875,35.07238524912401],[128.55287930610078,35.072428146332705],[128.55287769882023,35.072431637351144],[128.55287520666306,35.072438262547934],[128.55287304099005,35.07244539397703],[128.55286013236275,35.07249201824701],[128.55280913124943,35.07268849027399],[128.5528085504267,35.07269074951929],[128.5528081840341,35.07269318191199],[128.55280802936605,35.072695785274156],[128.55280814178056,35.0727011495875],[128.55280913181673,35.07271266461472],[128.5528132856391,35.07273919743966],[128.5528140898019,35.07274239125049],[128.5528219932335,35.072766801322146],[128.55295600592478,35.07314667955185],[128.55295678223277,35.07314874650191],[128.55296031790095,35.07315623238048],[128.55296141371755,35.073158210152535],[128.5529628290639,35.07316010039748],[128.55297168683668,35.07317036222164],[128.5529736181912,35.07317198272101],[128.5529757601296,35.07317342473195],[128.5529830161038,35.073177652199554],[128.5529856839112,35.07317891463538],[128.55299100095954,35.073181088549546],[128.55303633764626,35.07319697566774],[128.5548524651209,35.073776606375134],[128.5553876399743,35.07386004390351],[128.55598464686645,35.073628849890014],[128.55599123894584,35.07362632145159],[128.55604432671225,35.07360596649642],[128.5560555319916,35.07360225702257],[128.5566837002768,35.073428653960455],[128.55669732643625,35.07342507082525],[128.55958694582634,35.072725449774694],[128.55959728497007,35.07272347836907],[128.5596070054457,35.072722170577315],[128.55960989072838,35.072721918076034]]],[[[128.4902087582372,35.0769046287752],[128.49017298322445,35.076904424478364],[128.49013097672795,35.07690625724831],[128.49009824962693,35.07691119524065],[128.48973713246312,35.07697187820304],[128.48956295244227,35.07700486585324],[128.489387318742,35.077049653522664],[128.4892463012721,35.07708889119941],[128.48900072890714,35.07715944255392],[128.48896572017978,35.07716982305857],[128.48893021393422,35.077182969245996],[128.4888975559255,35.07720147127715],[128.48869708256856,35.077318856858426],[128.4886716385021,35.07733563191495],[128.48839853013746,35.0775597400668],[128.48836150573723,35.077590742327054],[128.4883357316816,35.07761491775232],[128.48831154321576,35.07764139500445],[128.48809899030397,35.077884281510855],[128.48807043142037,35.07792075503561],[128.4880479740995,35.07795256914279],[128.4880249197007,35.07798705728791],[128.48797952640135,35.07808162432101],[128.48795368850458,35.078136732924094],[128.48794564987,35.078175745839594],[128.4879421513478,35.07819858012307],[128.48793955436557,35.07823716621465],[128.48793813018239,35.078275520961924],[128.48793554781705,35.07844654325344],[128.48793733272754,35.07847520613171],[128.48794543901886,35.07850621976929],[128.48795808994703,35.0785378650508],[128.48797260419005,35.07857007906683],[128.48827858605148,35.07921080403816],[128.48843078761243,35.0795075597714],[128.48847470318032,35.07957934937207],[128.48851938319999,35.07965711828326],[128.48855301386408,35.07973047762625],[128.48866543100075,35.08001267104646],[128.48867685938873,35.08004709774908],[128.48872057928853,35.08019440176828],[128.488890512767,35.08114363459067],[128.48889663333,35.08118363607249],[128.4888987928472,35.081208577181066],[128.4888996295312,35.08123446851717],[128.48889730222967,35.08126286000929],[128.48886462895956,35.081607096249535],[128.48886138431354,35.08164036027436],[128.48884420405724,35.081738309975655],[128.48836222764817,35.084050400118926],[128.49083878602164,35.08287508593785],[128.49463630007173,35.080974410725176],[128.49470103004222,35.080938463400074],[128.49472604393236,35.08091825151029],[128.494731497757,35.08090342835159],[128.49473688791687,35.08088280947907],[128.49476200902788,35.07984610845583],[128.49346615104798,35.0785740924242],[128.49310493738545,35.07831767054077],[128.49113185574365,35.07702612399148],[128.49110015883252,35.07700818916915],[128.49108982664777,35.077003837274866],[128.49089243673103,35.07696244686649],[128.4902087582372,35.0769046287752]]],[[[128.54304603056863,35.078579259108245],[128.54304410172145,35.078579198100854],[128.5430422799165,35.07857928916794],[128.54304045833368,35.078579608074925],[128.54303872304183,35.07858007923491],[128.54303699580365,35.07858092015581],[128.54303545517473,35.078581905312376],[128.54289736467737,35.07870438520909],[128.542894752868,35.0787067361708],[128.54283342687503,35.078771665213694],[128.54276388672795,35.07891548602653],[128.54275240013243,35.07894601654457],[128.5427497748213,35.07895483084251],[128.54274908660446,35.07895814542011],[128.54274650540842,35.07899220795534],[128.5427463295658,35.079014217666945],[128.542774670021,35.079490207935855],[128.5427775468938,35.07953661999841],[128.54277796370005,35.079540596491285],[128.5428043080827,35.07969088201781],[128.54281366463806,35.07972159927198],[128.54288078407558,35.079858597215775],[128.54289426193674,35.07988373376725],[128.54289790309272,35.07988956139807],[128.5426299698098,35.08066868868608],[128.5423318315748,35.080898419941924],[128.54230844771544,35.08092131596452],[128.542032488745,35.08133353045271],[128.54203096318983,35.081336021754296],[128.54201943198365,35.08136272219671],[128.54201854033903,35.08136520584938],[128.54201662648674,35.08137206745455],[128.54201619645156,35.081374471743544],[128.54201604027162,35.08137687863232],[128.54201607085952,35.08137928391613],[128.5420162881733,35.08138168429331],[128.54305373967367,35.084546942130544],[128.54338013349212,35.08526822338978],[128.54608242556012,35.08578314036615],[128.54610652611157,35.08578751073456],[128.5461132984855,35.085788357618014],[128.54615822054356,35.085791039298684],[128.54619817742906,35.085791522261474],[128.5462324408931,35.08579039890903],[128.5462387373347,35.085789890547886],[128.5462799003175,35.08578441883542],[128.54640558622353,35.08576288793973],[128.5464224588528,35.08575973250947],[128.54642820155536,35.08575833020924],[128.54647733532502,35.085741072314335],[128.54653035203924,35.08571949372381],[128.54653489318136,35.08571742927156],[128.5466233838576,35.08566826677006],[128.54662728978474,35.08566590125703],[128.54663843102668,35.08565806508142],[128.546724052041,35.08559224256656],[128.54679474742835,35.084200336789905],[128.54531075078518,35.08319851586171],[128.54438408577235,35.081344100980125],[128.5443084287046,35.07982160639952],[128.5443096802752,35.07981926712224],[128.54431181283846,35.07981450810702],[128.54431454957117,35.07980719855498],[128.54431551016214,35.07980403792098],[128.5443212050016,35.07977768691199],[128.54432179785945,35.07977377602614],[128.54440085962477,35.07907849196017],[128.5444010949713,35.07907578885237],[128.54440115319971,35.07907300361798],[128.54440091651816,35.07906835306121],[128.54440060171805,35.07906587262727],[128.54439972631738,35.07906121876611],[128.54439905010483,35.079058746397955],[128.544349126255,35.07893677524553],[128.54434724305736,35.0789322071112],[128.54434498732454,35.078927719783486],[128.54433863172324,35.07891703183383],[128.54433686115556,35.07891441974722],[128.54432496817157,35.07889956716406],[128.5443227456323,35.078897106461405],[128.5442803685682,35.078871402233176],[128.5442771421698,35.078869704143784],[128.544160452561,35.07881489654359],[128.54413663314548,35.078804205961795],[128.5438644182778,35.07869656965854],[128.54385624376815,35.078693709452345],[128.54385083643916,35.078692183670775],[128.5438479012232,35.07869153256645],[128.54317464127539,35.07859406540457],[128.54304950350556,35.07857960622052],[128.54304603056863,35.078579259108245]]],[[[128.46107770385126,35.08964614618116],[128.46108789492436,35.08966317731979],[128.46169834520384,35.09014294717165],[128.46107770385126,35.08964614618116]]],[[[128.49393528068,35.09320006505773],[128.49432580682904,35.091408918908364],[128.49432956491555,35.091389537982536],[128.4943376193688,35.091340898538945],[128.494338704638,35.09132676890417],[128.49433607838085,35.09131357172197],[128.49330799138053,35.08894847908394],[128.49251026866145,35.088684318560965],[128.4906422072802,35.09063287434439],[128.49063189053626,35.090643006827996],[128.48945207333045,35.091399763730536],[128.48911358178705,35.09160409205392],[128.48909364844397,35.0916140755667],[128.48907468959405,35.0916208090467],[128.48894925692048,35.09166281582687],[128.4889317827326,35.091666961562154],[128.488916023811,35.09166720897251],[128.48889818087895,35.09166554772266],[128.4888750272817,35.09166087261978],[128.4888528125291,35.091654873981476],[128.48880952695538,35.09163935011093],[128.48878433930108,35.09162486682731],[128.48855215935328,35.091475578217015],[128.4885369572852,35.09146542832954],[128.48827750577198,35.091254490129906],[128.48819948257872,35.09117850048331],[128.48818999781682,35.09116777066873],[128.48818431875904,35.091155306519255],[128.48817906957223,35.09114051145827],[128.4881773918389,35.091126543625414],[128.48804581587189,35.09096870113798],[128.48774521695896,35.09090065836394],[128.4877328582315,35.09089890328238],[128.48771626621317,35.090897183235825],[128.4871978045853,35.09085795487781],[128.48717818750546,35.09085762809509],[128.4871627135675,35.090857842136636],[128.487144764952,35.090860839605234],[128.48713297538575,35.09086458547747],[128.48704321664042,35.090899222959564],[128.4870328980389,35.090906129584894],[128.48702658821617,35.09091581803843],[128.48702584254497,35.09092783978601],[128.48702781455523,35.09093857361687],[128.4870338353819,35.09095096624723],[128.48720366235673,35.09116615362668],[128.48721779487002,35.09118402382274],[128.48930260808203,35.09354973744883],[128.48933697094026,35.093575616573666],[128.48960292231698,35.09371838481693],[128.48962560517575,35.09372998970026],[128.48965521754064,35.093740362480865],[128.4897386205638,35.09376269816575],[128.48976566819604,35.09376762418458],[128.49267314729656,35.094279582655815],[128.49275532184797,35.094291662941586],[128.49278632446493,35.09429526093861],[128.49280485645616,35.09429725883179],[128.49282018853245,35.09429738754042],[128.49283202593023,35.09429685088077],[128.49284453873747,35.09429336875064],[128.49291033847197,35.09426835279275],[128.4929320169689,35.09425643696372],[128.49295861359,35.09424026136329],[128.49298272356143,35.094221676904084],[128.49338016626717,35.09390667265691],[128.49347036431305,35.09383296786931],[128.49359120595093,35.093715907286835],[128.49370231221,35.09358931626664],[128.49379425299384,35.09347812072051],[128.49387018898514,35.09338006423766],[128.4938805886563,35.09336374878756],[128.49392088021807,35.093250093272985],[128.49393528068,35.09320006505773]]],[[[128.51346880044866,35.09638505246421],[128.5136478740844,35.0963606583795],[128.51377082666778,35.09637133777172],[128.51377366205952,35.09637049130014],[128.5137875277528,35.09635685563601],[128.51413337441466,35.09583200324542],[128.51413190896923,35.09582208071566],[128.5118516623315,35.09426182092429],[128.51184880963183,35.09426017829356],[128.51184577008948,35.094258696271254],[128.51184236750237,35.09425736697205],[128.51183529747044,35.094255003916615],[128.51182777364738,35.09425287359063],[128.51180483048793,35.09424761556607],[128.5118005254476,35.09424689587233],[128.51177248008966,35.09424354663457],[128.51176872177808,35.09424334190102],[128.51123467639474,35.09423132177457],[128.5110317930101,35.09423684033176],[128.51102428717658,35.09423741309101],[128.51102173061506,35.0942377359981],[128.5110066583081,35.094240315664315],[128.5110041864481,35.094240936701034],[128.51100172607707,35.09424178328258],[128.51099717385628,35.094243767255705],[128.5109949828638,35.094245063972856],[128.51051035186336,35.09458779802387],[128.51050855076943,35.09459014263791],[128.51042633326793,35.094716569163516],[128.51041859102673,35.09472940880205],[128.51041319977378,35.09473975285343],[128.51040773989726,35.09475213319556],[128.51040658084557,35.09475544656461],[128.51040403332925,35.09476524243906],[128.51040342848424,35.09476886323389],[128.5104014325196,35.09478933502001],[128.510401377102,35.09479287583894],[128.51040302964194,35.09482114970152],[128.51040370181897,35.094824234826426],[128.51040465068877,35.09482700615119],[128.51056572720145,35.09521668128743],[128.510568346712,35.095222379718585],[128.510579347409,35.09524254339937],[128.51060074995013,35.0952765567107],[128.51060779706575,35.09528628306777],[128.5106151155676,35.09529488556311],[128.51061928146794,35.0952989228254],[128.51062749891145,35.09530586954923],[128.5106697594972,35.095339587901634],[128.51067537654387,35.095342927887856],[128.51225457295675,35.096261419765206],[128.5122604671471,35.09626447228481],[128.51226662373924,35.09626713847389],[128.51227296135843,35.09626949826125],[128.51227938502416,35.096271560144686],[128.51229674180829,35.09627602984705],[128.512303160911,35.096277343301026],[128.51252194860012,35.096314827822816],[128.51252964365005,35.09631567987782],[128.5125868148749,35.09632115490061],[128.5133371119148,35.09638053037302],[128.51346880044866,35.09638505246421]]],[[[128.52005460556217,35.09667057646145],[128.5206841845368,35.096529569355305],[128.5211270159726,35.09659305369588],[128.5211732612621,35.0965955353188],[128.52120748744653,35.096595643275016],[128.52122162851768,35.09659505912144],[128.52124211563006,35.09659308472894],[128.52125008393108,35.096591944990415],[128.52128496795808,35.096584772958906],[128.5214973892308,35.09653611786559],[128.52150653800143,35.096533899949705],[128.52151567858834,35.096531240727565],[128.5215207212234,35.09652950263481],[128.52152565749438,35.0965275045758],[128.52153048455833,35.09652523336629],[128.52172863570354,35.0964150482145],[128.52187262568725,35.09628462198831],[128.5219749537359,35.09614093462313],[128.52198223647827,35.096129507013494],[128.52198465369835,35.09612504647569],[128.52198842195344,35.09611648825757],[128.52199288987995,35.096104382688644],[128.52199412304404,35.09610001523351],[128.52199811465505,35.096069809619266],[128.52199837123666,35.096065365643646],[128.52199802764449,35.09601905283248],[128.52199732421337,35.0959702511043],[128.521997145376,35.095965203221155],[128.5219910701065,35.09591831628809],[128.52198268599798,35.09586852980115],[128.52198187269067,35.095864902746634],[128.521980850593,35.09586144695754],[128.52197728034858,35.09585313991717],[128.52197561999637,35.09585005053275],[128.52197374180304,35.09584705103937],[128.52193912040931,35.09579769979541],[128.52193735879723,35.095795403206566],[128.52193187850324,35.09578916284034],[128.5219171911087,35.09577439437784],[128.5218971728172,35.0957563957596],[128.52189105963652,35.09575148815165],[128.52188451700258,35.0957469374829],[128.52188092212947,35.09574475870891],[128.52175197239498,35.09566757252802],[128.5217484947657,35.09566582753239],[128.52174143780718,35.0956631490522],[128.52173732096563,35.09566185467018],[128.5217128492894,35.09565712323128],[128.52170386323652,35.095655790633046],[128.52169889812393,35.09565531130087],[128.52169014987808,35.09565495245456],[128.52168549777144,35.095655087417875],[128.5216810879925,35.095655485053584],[128.5216767714358,35.09565632382846],[128.52167258649888,35.095657514813816],[128.52166840003932,35.09565906683645],[128.5216643201903,35.09566079131838],[128.521660349499,35.09566278509842],[128.52165638876372,35.09566504020703],[128.52161493031866,35.09569535240282],[128.52161055057908,35.09569831933132],[128.52160605974137,35.09570102248114],[128.5216014498123,35.09570346522169],[128.52159661359465,35.09570537438574],[128.52159156093893,35.09570684179743],[128.52158629061591,35.095707876272584],[128.5215807914526,35.09570854834911],[128.52131405985702,35.09572028679879],[128.521025949088,35.09568617737636],[128.52101881518368,35.095685274356114],[128.52101156293656,35.09568400965645],[128.520950891042,35.095669520458436],[128.52091087683166,35.095657302451016],[128.52085780747643,35.09563838827397],[128.5205801197255,35.095526802521114],[128.52053082186688,35.095506606623125],[128.5205115812668,35.095498004376694],[128.52050625505726,35.095495306302574],[128.52009665365418,35.095272132237156],[128.52008718744813,35.09526681247467],[128.51995657335308,35.095186173954026],[128.51992418521203,35.09516413333712],[128.5199080261692,35.09515186565455],[128.51990004937923,35.09514510906119],[128.51986140826062,35.09510847806564],[128.51985735440127,35.09510417106479],[128.5198464751778,35.09509087824974],[128.51840668946826,35.09355562541263],[128.51840502092938,35.093552186027374],[128.5181222816318,35.092734917528496],[128.51812092522766,35.09273067641975],[128.51701883682938,35.0900007082073],[128.51693939877063,35.08980323721773],[128.51690250750912,35.08969371960015],[128.51686678506462,35.08952905108206],[128.51686196573687,35.0895040376773],[128.51686686003782,35.08948120746973],[128.51696505210649,35.08931712682113],[128.51707142573437,35.089218293844134],[128.51708882007927,35.089210197125176],[128.51720270111556,35.08912155119986],[128.5172159655229,35.0891110758556],[128.51722656057586,35.089099643844186],[128.51723919753235,35.089082099650035],[128.5172480695727,35.089063531483184],[128.51725538647227,35.08904460543174],[128.51726047833483,35.08902335303526],[128.5172295412916,35.08863490627574],[128.5172228947558,35.088619980043305],[128.51721171764623,35.08860944448414],[128.5170745434151,35.08852206095139],[128.51705531291032,35.088512114106365],[128.5170345375061,35.08850360340444],[128.5170099678253,35.08849925099819],[128.51698762162846,35.0884985039477],[128.5169682259292,35.08849984271249],[128.51694941157874,35.08850297567039],[128.5169327195804,35.088508957012685],[128.51597333756172,35.08928259817004],[128.51595338091332,35.08930086232796],[128.51593828413502,35.08931887443007],[128.51584602586684,35.0894376201066],[128.5158299470429,35.08945856769877],[128.5156573646067,35.08978084433878],[128.51565002265545,35.08979654274215],[128.51500412296122,35.09185881343251],[128.51479270753768,35.09258859013277],[128.51478469459897,35.09261971856037],[128.51477854949562,35.09264601255047],[128.5143662911146,35.094635292380644],[128.51436508426502,35.09465192558429],[128.51436546355612,35.09466200524265],[128.51442590753692,35.095082829894906],[128.51453285652073,35.09579321232547],[128.51472238894627,35.09590784918634],[128.51750935126128,35.09651172269097],[128.51756560862884,35.09651987054089],[128.5175737187942,35.096520767220994],[128.51794951323805,35.09655500882674],[128.51998597135136,35.096680120639746],[128.51999287892227,35.09668031843423],[128.52000528662097,35.09667975395868],[128.5200120789566,35.096678979165944],[128.52005460556217,35.09667057646145]]],[[[128.58268208767996,35.18008324865284],[128.58325367504546,35.17999492852223],[128.58329604864733,35.17998685477803],[128.5833641162914,35.179971323130786],[128.58340791005406,35.17995369004792],[128.58358329841258,35.17987005336481],[128.58363037098167,35.179838065194026],[128.5836657943449,35.179804402569395],[128.58369627752674,35.17977073405922],[128.5837200153816,35.17972518976593],[128.58372823067307,35.17968995669146],[128.58373180305708,35.17964605562021],[128.58382345363907,35.17824921776831],[128.58312021062423,35.17755010184175],[128.57909151701705,35.17837684768804],[128.57896344427215,35.17840528187336],[128.57884777269206,35.178431813027046],[128.57878074218254,35.1784484979491],[128.57874232291476,35.178460325575166],[128.57871579110414,35.17846849822251],[128.5786755795961,35.17848099448386],[128.57863307412464,35.17849550226205],[128.57859561673507,35.178508298664376],[128.5785678160298,35.178517890878645],[128.57855067327446,35.178531523366146],[128.57852476428798,35.17855741715851],[128.57851055231967,35.17857345820846],[128.57850277032517,35.17858360793221],[128.57849277992042,35.1786009767599],[128.57848802219314,35.17861239062993],[128.57848331674884,35.17862629098293],[128.57847800315324,35.17864956339596],[128.57847713451048,35.178669254843264],[128.57847240561065,35.17881508475895],[128.57847240060138,35.17882251978401],[128.57847257323994,35.1788337620724],[128.57847340418576,35.17884293035242],[128.5784760847131,35.17885531481032],[128.57847974008868,35.178868479212504],[128.5784840996913,35.17888076231621],[128.57849248694507,35.17889968397586],[128.5785123500493,35.17893533753593],[128.5785297031399,35.178963547645914],[128.57857310822058,35.17902152927657],[128.57860402120832,35.17905617526598],[128.57861112072095,35.17906306052534],[128.57980248355256,35.18011475485017],[128.5799649840465,35.18002522976145],[128.58051028844145,35.18023257207247],[128.58053090203444,35.1802378810191],[128.58118666989725,35.180291444512065],[128.58123550563622,35.18028879234483],[128.5812979931575,35.180284556041755],[128.58268208767996,35.18008324865284]]],[[[128.5746765088224,35.1846233942554],[128.5747127841087,35.18438925525381],[128.5747646666714,35.184033909219366],[128.57477601238887,35.183843483563145],[128.5747736926965,35.1837173522266],[128.57475995368785,35.18340837554443],[128.57474998909524,35.18322013889508],[128.5747479372984,35.18319458595143],[128.57473976456734,35.18312370479168],[128.5747093564702,35.18298413210608],[128.57465262585347,35.18274060202312],[128.57462818386804,35.18265051941132],[128.5745822128449,35.182509836623225],[128.57451963561553,35.18232016975145],[128.57449831149788,35.18227026281461],[128.57445578294298,35.18218783669321],[128.57437827375202,35.182044674800494],[128.57391901620178,35.18124952071903],[128.57311110441688,35.18070886920733],[128.5730121297605,35.180646831667474],[128.5728623115558,35.18055588095397],[128.57269089493124,35.18046567278646],[128.57246447289592,35.180355037211875],[128.57213672200749,35.18021534095426],[128.57089079638544,35.17970008446594],[128.57069494464852,35.179620956889444],[128.57057175947367,35.179576659424484],[128.570446205751,35.17954014299967],[128.57025627029805,35.17950075417392],[128.57013896649048,35.17948236730739],[128.56999777291625,35.17947022853437],[128.5699327428183,35.17946514783464],[128.56988101602897,35.17946236774017],[128.56983379916628,35.17946016470757],[128.56980754427258,35.1794595381088],[128.56972954501694,35.179461235280314],[128.5696428065523,35.179463245678285],[128.56954774242212,35.179465720825526],[128.56888227394205,35.17948904135963],[128.5686189853471,35.1795652507078],[128.56805470149772,35.18005118509164],[128.56789840575905,35.180224982958734],[128.56774129056356,35.18040808075856],[128.56758855095643,35.180664825406225],[128.56717926571662,35.18135413927909],[128.56700992463905,35.181639467888196],[128.56652173704305,35.18248004881173],[128.56649686402915,35.1825266223205],[128.56648701613238,35.18254938437438],[128.5664761186546,35.18258164944815],[128.5664723213209,35.18259612029848],[128.56646482973517,35.182642393248116],[128.56645529989513,35.18272470007513],[128.56645285119225,35.18276005020269],[128.56644993750905,35.182860323240625],[128.56644948822193,35.18289099279757],[128.56644976742007,35.18290882329754],[128.56645028827322,35.18292447345536],[128.56645129128117,35.182938034709665],[128.56645515712373,35.182964619676184],[128.56645806529525,35.182981267475704],[128.56645969269945,35.18298931220668],[128.566482905967,35.18307140278466],[128.56650128641922,35.183122671647354],[128.56655002367583,35.183231488291355],[128.56662281694088,35.18334265704113],[128.56808080578693,35.185417556858084],[128.56983797098556,35.18452354664073],[128.56985388735936,35.184515870341855],[128.56986670933134,35.18451406534976],[128.56988760090357,35.184516257667866],[128.56990201679764,35.184522267058455],[128.56992315152365,35.184532627996376],[128.57008495464294,35.184650459664134],[128.57050269154087,35.184961491404074],[128.57271630228638,35.1866234456517],[128.57281559605312,35.187446049292255],[128.5737491472235,35.18637345461714],[128.57399155063985,35.186071572116845],[128.57411885894246,35.18589399524641],[128.57423728732564,35.18570720026552],[128.5742981203005,35.18560461765037],[128.57436528808336,35.18548483818603],[128.5743770657497,35.185459966589036],[128.57449778201473,35.18519438598478],[128.57457305815407,35.184999849545754],[128.5746765088224,35.1846233942554]]],[[[128.46107770385126,35.08964614618116],[128.46102104878284,35.08955147943607],[128.46135949646774,35.088890719776394],[128.4627707373972,35.087698401887344],[128.46531285693285,35.08565850928628],[128.46589197906536,35.08537144760594],[128.46597138122493,35.085334417368735],[128.46604490762155,35.08530386854292],[128.47219254734608,35.08324748306081],[128.47297255732667,35.08302666496178],[128.47360805560862,35.082873508855094],[128.47602910551163,35.0825830453444],[128.47889802178727,35.08177219850926],[128.4789670148366,35.08175122204154],[128.47907041583332,35.08170456155219],[128.4791177965601,35.08166850280475],[128.47917712166748,35.08160901732],[128.47921889632806,35.08154218057166],[128.47966140146346,35.08079964685806],[128.47969396474602,35.08073787269825],[128.4797064541239,35.08071038051928],[128.47976842722858,35.08050844433377],[128.47977498610274,35.08048049484628],[128.4797865499407,35.080424370675864],[128.4797911196306,35.080372670563],[128.4797954832843,35.08030021195828],[128.47979231142966,35.08027822209102],[128.47946309330732,35.07890551812778],[128.47926895419818,35.078399365728295],[128.47790007438957,35.077173821783546],[128.47654706696673,35.0761300857485],[128.4762331659499,35.0758996403405],[128.47620114187885,35.07588203387974],[128.4761533015134,35.07586354098531],[128.47612912525426,35.07585670986248],[128.47610913364517,35.075852062949494],[128.47572416203445,35.07578777215176],[128.47567097549546,35.07577899937719],[128.47558295707563,35.07576462799366],[128.47555326123205,35.07576201168642],[128.47390723242643,35.07562235562999],[128.4728210053468,35.076141618857086],[128.47248658730373,35.07691084621157],[128.4725061284231,35.076926155349895],[128.4728645946418,35.077713391494264],[128.47176103608584,35.07983678296937],[128.47094027648234,35.081375384748206],[128.47007771896554,35.08156937409455],[128.46963039090116,35.08163512285628],[128.46833538890277,35.081643692906354],[128.46790769555355,35.081351707291944],[128.46765672678563,35.08116837935889],[128.46571609921133,35.079736501386336],[128.465627138519,35.07964812625364],[128.46557046961084,35.07958615218951],[128.46553846037415,35.07951615636944],[128.46512693917603,35.07848994927657],[128.46509456942493,35.078381084623445],[128.4650811233927,35.07830760802327],[128.4649593637721,35.0775531853318],[128.46483010566308,35.07604845490638],[128.46487303070438,35.07576126409779],[128.46487905771323,35.07572634448528],[128.46489522372357,35.075650213991445],[128.46490329576764,35.07561789996058],[128.46491339844835,35.075588559809056],[128.46492863270248,35.07556094654131],[128.46494227055138,35.07553778892842],[128.4649487090224,35.07551376896922],[128.4649516150236,35.0754835697497],[128.46495271427713,35.07544945542613],[128.46489615302755,35.07453683343494],[128.4648865546304,35.07438819271171],[128.46487693130481,35.07425886937877],[128.46486302601306,35.07414669646756],[128.46482680851315,35.07403089211209],[128.46479108997926,35.073934776308],[128.46475900849902,35.073873062399144],[128.46471589727042,35.073827770536646],[128.4643600388939,35.07352566591469],[128.4617047908043,35.071786446772],[128.4615955090574,35.07172067499132],[128.461482359367,35.07166629845933],[128.46137036739077,35.07163242465953],[128.46123525795917,35.071609236275584],[128.46112883595995,35.071597477862284],[128.46101207765153,35.07159184078039],[128.4609120320248,35.071592369899165],[128.46084084138292,35.07159413315312],[128.4607760902507,35.071602382933534],[128.46069850301396,35.0716168580838],[128.4602173244666,35.07170849334609],[128.46008689340294,35.07174008239793],[128.45997430303726,35.07177533904971],[128.45984481383948,35.07182821114867],[128.45977130904825,35.07186710205577],[128.45936828646273,35.07209231392012],[128.45903675608344,35.0722910900138],[128.45886210201766,35.07240261053041],[128.45870386006354,35.072505570276675],[128.45852694308508,35.072619207780406],[128.4583927584736,35.07269843419223],[128.45831459553827,35.07273696973703],[128.457350747229,35.073141814641914],[128.457252878766,35.07317514137145],[128.45715855165045,35.07320137140262],[128.45308785178383,35.074074023103066],[128.45124407369738,35.073283388863764],[128.44718445589493,35.07196326527318],[128.4468937137739,35.071870116761296],[128.44677832155966,35.07183556364639],[128.4462917822925,35.07169288456641],[128.4462303013824,35.07168267044548],[128.44618904231825,35.07168144642253],[128.44614429412331,35.07168357591392],[128.44610257171695,35.07169243456307],[128.44594789631932,35.071768714190014],[128.44573209930846,35.0718495890825],[128.44561070429924,35.0718922190936],[128.44546248501618,35.07192796356167],[128.44539710104092,35.07194198818821],[128.4445036745348,35.07212814969085],[128.44441498338068,35.0721454097411],[128.44431497183854,35.07216135668547],[128.44423610933484,35.072166376815446],[128.44416507794304,35.072170601211475],[128.4440971512918,35.07217319492835],[128.43941470636946,35.07234003439567],[128.43940029664594,35.07233427984364],[128.43937818938414,35.0723124189609],[128.43876133479972,35.07145871079259],[128.43875555441366,35.07144626371117],[128.43875680329361,35.07143671374148],[128.4387686142489,35.071418805313485],[128.43883444831178,35.07134535186689],[128.43918368217504,35.070994761156484],[128.43923740712617,35.070947769044274],[128.43928683736357,35.07091318862431],[128.4393378802484,35.070882119579615],[128.43939681584627,35.07085855998157],[128.43946882283453,35.07083445716907],[128.4395169094756,35.07082488172199],[128.4395552129422,35.070823742952285],[128.4395962153148,35.07082416661541],[128.4398314221307,35.070839575014105],[128.43997806953112,35.0708834565057],[128.43997777905156,35.07090786233861],[128.43997855128126,35.07092167396914],[128.43998261284347,35.07094031638595],[128.44000643883544,35.07097991425388],[128.4400257336597,35.071007493491386],[128.440045388549,35.07103033638185],[128.44006044580246,35.07104108686317],[128.44007883813111,35.071047580406876],[128.44009692486443,35.07105013306519],[128.44011905245068,35.071052767218575],[128.4401802210907,35.07105406956355],[128.44026490155412,35.0710528016281],[128.44028507048273,35.07105182138422],[128.44030548639324,35.07104844575379],[128.44032109647023,35.071043893862075],[128.44033377845122,35.071037876527576],[128.4403525938021,35.07102329828517],[128.44038134530965,35.070988767688135],[128.44040353571637,35.07094862211598],[128.44041855491577,35.07090371274003],[128.44058157798673,35.070194654941034],[128.44058380136516,35.07015459869474],[128.440470891086,35.06956463537707],[128.4396624154949,35.068007268206614],[128.43908527418196,35.06698248686471],[128.43904265029175,35.06692284529939],[128.43892482618367,35.06680831397359],[128.43888779511383,35.066772574212536],[128.43884114691227,35.06673746088536],[128.4387617660365,35.066688895545326],[128.4387244904096,35.066670253685004],[128.43869028605226,35.06665875689642],[128.4386607458114,35.0666515172781],[128.4386326289045,35.066646402543974],[128.43860071062832,35.06664222584872],[128.43857172906831,35.0666397578188],[128.43563479283077,35.06527078213144],[128.43511292178067,35.06398576397999],[128.43401612266592,35.06133249269357],[128.43391052746378,35.0611146741678],[128.43199216123153,35.05758689781626],[128.42811515628713,35.05523341147438],[128.42808097093732,35.05521375472195],[128.4279424920416,35.0551545143677],[128.42788944231808,35.055133558847764],[128.42785674330636,35.0551226962804],[128.42779366299726,35.05510818555665],[128.42747284868895,35.05503652697358],[128.4274435211899,35.05503391249554],[128.42741414755582,35.05503361038858],[128.4273787725163,35.05503396559673],[128.4272478778866,35.05505480915387],[128.4272334010794,35.05505751692279],[128.42721427895324,35.05506468171987],[128.4271839202289,35.05508860474241],[128.42687403004103,35.055350699174596],[128.42671067990395,35.05551260410944],[128.42610949787613,35.056055598030845],[128.42470815304273,35.05682640216119],[128.42441199654195,35.056972107994625],[128.42430827834067,35.056995148526745],[128.42423764763583,35.057008388272024],[128.42412372087895,35.057021187345086],[128.42404463163598,35.05702279645632],[128.42399252833204,35.05702295506023],[128.4239473352518,35.05702272969475],[128.42391002276906,35.057020922016406],[128.42388341322552,35.057015324540906],[128.42386325609516,35.057004232190145],[128.42384606928366,35.056989927377565],[128.4231304684985,35.05632103881653],[128.4229170679032,35.05693779033259],[128.42287403461637,35.05709613240624],[128.4227945052039,35.0574134002218],[128.4226813068563,35.05790686477003],[128.42269323104355,35.05798638511965],[128.42572526684847,35.067844632845635],[128.42576849142384,35.06798412322591],[128.42667969604284,35.07022324134747],[128.42704177079727,35.07106250236137],[128.425301896849,35.07614094481002],[128.42528823997839,35.07925794524931],[128.4257490226503,35.081029021391714],[128.42617865411597,35.08132232323241],[128.42662893014023,35.08148816675261],[128.42737908971839,35.08206641108029],[128.42740783502074,35.08209682310433],[128.42773570430728,35.082472156520645],[128.428126169004,35.08314517893489],[128.42812996837418,35.08315172872253],[128.42827819490654,35.08460191292986],[128.4270438732522,35.086464545641064],[128.42628216384844,35.087016609715256],[128.42323644554324,35.08831177250971],[128.42234544765213,35.08815472351646],[128.42066061880323,35.08798963333057],[128.41996918117846,35.08812053920554],[128.41926090408685,35.088764833358304],[128.41916701176325,35.088860862798605],[128.41887791485308,35.089180301390655],[128.41887753082045,35.08918086510625],[128.41879805742457,35.08939808623131],[128.41877420021268,35.08946328409787],[128.4187741234572,35.08946348500638],[128.41826595153745,35.09034930073779],[128.4176196384793,35.09109664759653],[128.41759499821683,35.09111890745412],[128.41699493822028,35.09149633639627],[128.4127954224092,35.09244216269585],[128.41107371486225,35.09265264786204],[128.4101120301303,35.09232954665809],[128.4097730260047,35.0921218812602],[128.40913045324487,35.09176771236123],[128.40809600599948,35.091442547293674],[128.40250038465976,35.09064724802027],[128.3997728540361,35.09044045506109],[128.39974755894798,35.09044388157662],[128.39950970990708,35.089863730368144],[128.3991151869523,35.08889704061352],[128.39939721395226,35.08806840129012],[128.3993976521263,35.08806775633213],[128.3999489432556,35.087309419206925],[128.4010429112737,35.08581473449788],[128.40086589766136,35.083993421091066],[128.39998973373835,35.083702666035336],[128.39956456992417,35.08356159995781],[128.3930297033679,35.0872384422321],[128.39252187773613,35.08779664144895],[128.39046906612225,35.09135572752501],[128.3900397328501,35.09405535517591],[128.38989288024666,35.09498537713799],[128.389808536236,35.096265022358565],[128.3901714636013,35.0967832386902],[128.39036928858502,35.0970499982993],[128.38993800336868,35.09869057310886],[128.3899310185459,35.09870951126796],[128.3892930157283,35.09945140770391],[128.3860168354793,35.1029723269374],[128.3802587866887,35.10443872352515],[128.37955047414084,35.10432657252307],[128.3794402514261,35.10471507070068],[128.37918119295273,35.10523546627977],[128.3791809457795,35.10523596008459],[128.37916547104672,35.10525211003948],[128.37605631052534,35.108197129466696],[128.37192365814374,35.11114795854753],[128.36899549935544,35.110896370983234],[128.36600628689186,35.108945989156375],[128.36600620536007,35.10894594240877],[128.36435650538547,35.108851657599054],[128.3628954975256,35.10878032063846],[128.36161354919014,35.10943830154717],[128.36070735829173,35.109885872582055],[128.35747139296765,35.10893049159722],[128.35489633796308,35.109560119651675],[128.3531049966947,35.11025599049357],[128.35011957979447,35.11182985191899],[128.35092713623948,35.112958164340014],[128.35273344529173,35.114645043447126],[128.35296547699488,35.11512441928754],[128.3536006385768,35.118054084804136],[128.35367465935335,35.118402334204895],[128.35311869396742,35.11882623893858],[128.35249369374299,35.120171499771025],[128.3523512172396,35.120956479775145],[128.35162361534012,35.123571374070906],[128.34827452121414,35.12709084796515],[128.3484534416805,35.12788562113677],[128.3487072726334,35.12915844428952],[128.34847849380216,35.12955760540992],[128.34822918641237,35.12999256465643],[128.34822234589558,35.13001238270639],[128.34820705344757,35.13006032438685],[128.3481909553536,35.13022980573086],[128.348136386082,35.13081594231414],[128.35150640646359,35.13318275154343],[128.35482187328583,35.13577423184382],[128.3553321402656,35.136345765042556],[128.35689546205708,35.1373821987211],[128.35683806541545,35.13839984703005],[128.35810994571634,35.13960791806384],[128.3597173959979,35.14029103920185],[128.36037135191523,35.1404602578672],[128.3603714700367,35.140460213551094],[128.36106582216007,35.140206487744145],[128.36106610156364,35.140206489611145],[128.36251321370173,35.14022694131981],[128.36251349048365,35.140226948705596],[128.36282443169938,35.14023618116925],[128.36341770677052,35.14106332805526],[128.36342109001563,35.14106996919895],[128.3634239416489,35.141077025239646],[128.3634030626072,35.14135801601089],[128.3633995111431,35.141374338186935],[128.3632634705629,35.14155980351734],[128.3608977670318,35.14466792618788],[128.35888660828493,35.14599153628243],[128.35888280289467,35.14599546411389],[128.35854753581316,35.14689727772193],[128.35862099902744,35.14723580421338],[128.35917953292173,35.148580208629745],[128.35929131656735,35.14871276648792],[128.36043647725387,35.14994563020075],[128.36086512406249,35.15038688422772],[128.36165941263206,35.15062373429618],[128.36185263754,35.150868818152276],[128.36218029963266,35.15218579725394],[128.3615953813879,35.15437886923707],[128.36114076582996,35.15633011389168],[128.3621756244027,35.1594267393529],[128.3623197517212,35.15967973805889],[128.36242987541925,35.15996226527354],[128.36234427258609,35.16038262955002],[128.3623213357802,35.160442356129415],[128.3621424224128,35.16088616759],[128.3617503916532,35.16128083128828],[128.36136161675958,35.16176225449345],[128.36116631091951,35.1622406238289],[128.3612798854934,35.16332916387142],[128.36202720718688,35.16616415042334],[128.3633033340144,35.1683204162643],[128.36496274116473,35.171064128411],[128.36498252031382,35.17110099781131],[128.36513598265535,35.17154697275674],[128.36515153134886,35.171598322724535],[128.36525557422493,35.17200418144027],[128.36509245426012,35.174579454198714],[128.3656585956391,35.18007225209981],[128.36603499588088,35.18085895320258],[128.3670990292379,35.183331642028946],[128.36738507943159,35.184114341907744],[128.36742774153865,35.18423173817561],[128.36742884568537,35.184243858172195],[128.36742961195458,35.184255408232225],[128.36729291344435,35.185732743356475],[128.36818820688322,35.190952336147184],[128.36819580383073,35.19114503573064],[128.36820038790592,35.19126166439914],[128.36772753181413,35.19301327306064],[128.36723900255964,35.19426102331378],[128.36723154939426,35.19427042149716],[128.3672313897296,35.1942704749231],[128.3676572007654,35.19447812582259],[128.36862068498377,35.19461371792057],[128.3732034513926,35.193840183389646],[128.37408627611632,35.193063274746],[128.37437683908973,35.19331644810924],[128.3751660707324,35.194070750977694],[128.37542742797845,35.194375030585086],[128.37636861226613,35.19551951779878],[128.3764478981989,35.19594143497108],[128.3762575588243,35.19646618488171],[128.37604186497342,35.19700713723369],[128.3759395712646,35.1979310361398],[128.37591785639387,35.19821117874471],[128.37599591066018,35.1983253800389],[128.37630488541012,35.198641599290475],[128.37995361528877,35.20176447197242],[128.38280742365674,35.20279125185697],[128.39000263558748,35.206439037493745],[128.3903930208153,35.20721516366644],[128.39348706531288,35.206374194163814],[128.3986918731654,35.2055853468584],[128.39961196712,35.20527699898658],[128.40087148613443,35.20482441723573],[128.40183620322216,35.20423220442179],[128.4030513699892,35.20294522914455],[128.40331257504317,35.20244642111536],[128.40405286974305,35.20102695783427],[128.40478327871705,35.198777761687005],[128.40635119670392,35.19629275688217],[128.40716045552338,35.194035505882745],[128.40718625134645,35.19200059321829],[128.40626467951398,35.191171207617],[128.40557885790116,35.190598164412236],[128.4049307825318,35.19004980848625],[128.4044658362793,35.18951488608136],[128.40314002773883,35.18502646119927],[128.40579886521556,35.17960859746588],[128.40783280245492,35.17915087530458],[128.40863725584524,35.17910791378725],[128.40934868515987,35.17907210475537],[128.4096565155164,35.17905741156849],[128.41164750318939,35.17760667318085],[128.41342507311666,35.175936576899886],[128.4153948743755,35.173879946887624],[128.4160202974331,35.17257983781537],[128.41617696120267,35.17187684874165],[128.41615569325384,35.171182440126074],[128.4168134711275,35.17019709800053],[128.41960854576095,35.16919767591178],[128.4211561949263,35.16886878712473],[128.42537386260585,35.166867101386295],[128.42787278495132,35.165292462854254],[128.43027073020258,35.16431330696736],[128.43183863180602,35.1640128217303],[128.43428584457737,35.16415006702233],[128.43631483366337,35.16470133892395],[128.43706074187938,35.16499211692775],[128.4375924383583,35.16528499590057],[128.4379807183042,35.16563367376345],[128.44096446096927,35.168170699932965],[128.44399363178516,35.17018480644769],[128.4457718224213,35.17677344989291],[128.44579786998565,35.176979606174086],[128.44585434631335,35.177956269612984],[128.44581795198258,35.178842510407634],[128.44565141477855,35.17947001158573],[128.44535909476383,35.18058238502388],[128.44704458003707,35.18091331982244],[128.44845465740312,35.181108065397396],[128.44983872901597,35.18131929012886],[128.45323845379798,35.182310696504885],[128.45757780556613,35.183944780089305],[128.45769127448483,35.18437004986286],[128.4579020777952,35.185456822070186],[128.4612906087155,35.186287413635185],[128.4613156157389,35.18629287920953],[128.46140178364487,35.18631213116763],[128.461513989763,35.1863617828178],[128.46242443072384,35.18682340664632],[128.46332725499735,35.187714394168644],[128.46420884415997,35.188549373010225],[128.4647262573323,35.18872953764851],[128.46548950030666,35.18896430789928],[128.46755226230627,35.188648512865164],[128.46829750571365,35.188513494531456],[128.46953574141745,35.18833388386397],[128.4781414050419,35.187917324191275],[128.47904519224542,35.188015440594405],[128.47992041164358,35.18611415346739],[128.48015734499413,35.185841392234806],[128.4820939371801,35.18457374960193],[128.4831380878025,35.18401347814087],[128.48373906921796,35.183597206328706],[128.48437340309485,35.182110596568485],[128.48491492284992,35.181601118399854],[128.48706359729445,35.18043189656332],[128.48856002252063,35.180056162605965],[128.49093915062468,35.179929172647654],[128.49147945191697,35.180400434736086],[128.49371416852802,35.18051826079156],[128.49774008904788,35.18071631913508],[128.4993463182886,35.17941224264434],[128.50103665084575,35.178424247673476],[128.50154648099308,35.17816608999981],[128.50312727383132,35.17743605481914],[128.50655185926905,35.178481943115834],[128.50863718434286,35.17729127075811],[128.51015266535003,35.17728812450116],[128.5113638252005,35.177746522687315],[128.51277558788956,35.17828006861296],[128.51323762792194,35.17811856486761],[128.5142657868395,35.177744138852866],[128.51541614273063,35.17732710574973],[128.51793871918247,35.17708510300861],[128.5196243830523,35.17765698690072],[128.5211849268347,35.17836271666554],[128.52245968988967,35.17919221037963],[128.5237966049236,35.180220792854634],[128.52719613155793,35.18334363332655],[128.52723827786338,35.183383376503876],[128.5279736020457,35.18419492612309],[128.52886500220583,35.185192838248504],[128.52873809287297,35.186370981744176],[128.53756587592684,35.189647549927074],[128.54020140925712,35.18996734213342],[128.54113832358541,35.191050794312076],[128.54056996245566,35.19226332491412],[128.539024201942,35.195956873420045],[128.5379446984817,35.199098556083484],[128.53807699469493,35.20030474684154],[128.53848890694556,35.20397153498827],[128.53920028557576,35.20442816726742],[128.53905215140242,35.205072896393716],[128.53634814307955,35.2068111385483],[128.53623544456056,35.20897221970906],[128.53620566344165,35.20959009073076],[128.54012014521876,35.21162293235914],[128.54109386752518,35.212828233974385],[128.542630748493,35.21368287367644],[128.54372177239176,35.214118373971964],[128.54412912243362,35.21427976402387],[128.548359423783,35.213227439593176],[128.54885815110777,35.21257020164344],[128.55083351404238,35.21209817383068],[128.55147274224328,35.21215801220696],[128.5570663242727,35.21376177979408],[128.55750978172878,35.21391424563017],[128.55769234720415,35.21417080491514],[128.55772719503736,35.214261768238664],[128.5577453465479,35.214428023863036],[128.55793186480588,35.21474585934596],[128.55808951283913,35.21501050378429],[128.55894874843614,35.21595902827704],[128.55912918264715,35.21612133022334],[128.55929305882555,35.21599214560994],[128.56273640913275,35.216291244590934],[128.56443109662044,35.21677947616011],[128.56440751642256,35.21583242716013],[128.56526162742654,35.215606369752315],[128.56553982697702,35.21581881061402],[128.5659906585608,35.216789042407264],[128.56985231494602,35.21612010162975],[128.57057924388508,35.21639858530845],[128.57081329354958,35.216469136614144],[128.57100232198061,35.21651796586683],[128.5758352932743,35.21532853034712],[128.57618715175718,35.21518625559894],[128.57631549611617,35.21512347721538],[128.57664133323837,35.21490307947694],[128.5766969435212,35.21483483613888],[128.57673597718772,35.21478636768387],[128.57688378013296,35.2149463724459],[128.57737367641388,35.21650186398441],[128.57920400498747,35.220150070068094],[128.58088351920344,35.21982941031246],[128.58133795692072,35.21992321980764],[128.58179349948168,35.220100205814255],[128.58291248222181,35.2208427737375],[128.58473721480462,35.22241161840039],[128.5854698640491,35.222009382347224],[128.5857473703846,35.2218442905039],[128.587676684206,35.2204391803015],[128.58860794752397,35.219654052112084],[128.589107508075,35.21924724993514],[128.58928450757446,35.219103937008626],[128.58949522218145,35.219017611123014],[128.58968997545367,35.21911523901457],[128.5897198084905,35.21917081878368],[128.58976202035888,35.21926636799955],[128.59004495865577,35.220016640260496],[128.59020965908434,35.21935690666687],[128.59038301294487,35.21863572949985],[128.59048449003066,35.21575256576049],[128.5905169725228,35.21469859647324],[128.5905041687498,35.214685133024815],[128.58900919983554,35.21369567914859],[128.5889964704625,35.2136851448114],[128.5889821465951,35.21366794218389],[128.58864053358067,35.212798942354304],[128.5883859515202,35.21214051138144],[128.58834605826982,35.21203488894116],[128.5877829201045,35.21072932049383],[128.58647742601175,35.210680066628846],[128.5863184278526,35.210336958706705],[128.58516073685678,35.207384096888354],[128.58498379147406,35.20692488643047],[128.58488249017688,35.206592950957706],[128.5841918582445,35.20494368049289],[128.58316482771747,35.20426485329623],[128.58311629880393,35.20423478049712],[128.58282532551968,35.204045225290976],[128.58259917813317,35.20389789709307],[128.58112068221376,35.20292884740725],[128.5788086003354,35.20140622538547],[128.57741675030277,35.20048685547436],[128.57700468422945,35.20021410844195],[128.57594189512315,35.19950615320495],[128.57602335925844,35.19898737998889],[128.5763094959122,35.19743539958145],[128.57631834765462,35.19743508810892],[128.577346776193,35.19853960307674],[128.57739395883527,35.198514250554595],[128.5764790150536,35.19753307696487],[128.57423667903936,35.19513548418551],[128.5727098443461,35.1935067007399],[128.57172941434445,35.19398454738542],[128.5712850267661,35.19405518145896],[128.5704055049821,35.19310345763816],[128.56477046636832,35.187040194545816],[128.56449065640925,35.18673957077702],[128.5657949484235,35.185331030437496],[128.56579278522662,35.18529185979454],[128.56548822554205,35.18509225537822],[128.56459034240163,35.1845442648022],[128.56458718072545,35.184542334514404],[128.5655027808827,35.1829660556771],[128.5666499019553,35.181001153993144],[128.56798170956603,35.17872896272685],[128.56846566829606,35.177927379337575],[128.56918399160514,35.17676896342872],[128.56937335387454,35.176474329882105],[128.56945700327594,35.176347715403864],[128.57039814210637,35.174990366672915],[128.57378132487108,35.17471733494198],[128.5769492170709,35.17449939770837],[128.5779315088388,35.173886284788416],[128.5795387776487,35.172877910553396],[128.57976071203524,35.17273189495193],[128.58563024162535,35.165411978963014],[128.58576486413654,35.16523698178766],[128.5857643109337,35.16523368144999],[128.58569820256344,35.165200889179],[128.58569356116703,35.1652007557737],[128.5856137344428,35.16530381378835],[128.5856104306415,35.16530342294382],[128.58335605481136,35.16409197340563],[128.58300601695777,35.1638996946308],[128.58280344658021,35.16376993806673],[128.58276552726664,35.163743335479175],[128.58273438643957,35.16372000125404],[128.5827305267377,35.1637021862622],[128.5827334356583,35.163684925492156],[128.58274932894946,35.16365466812612],[128.58427173768487,35.16154749588241],[128.58441052698402,35.161385854639235],[128.58463237401153,35.1611692541075],[128.58479333156225,35.161033704438374],[128.5868493771636,35.160486950211705],[128.58804249130097,35.16039501017356],[128.58809798517066,35.160410251242965],[128.58853655526786,35.16031799153732],[128.5891721032152,35.15968272208412],[128.59077011809654,35.15805604198806],[128.59080782497026,35.1580153928],[128.59083875883607,35.157979453248835],[128.59086711079195,35.15794141100419],[128.59088992659306,35.157900233830624],[128.59090703141834,35.15785743286809],[128.59091921879232,35.157819941769226],[128.59092769720723,35.15777854588838],[128.59092658808,35.157732967964904],[128.59092013063454,35.15768547186509],[128.59091071744973,35.15763647906035],[128.59041826927714,35.156083307811336],[128.5904112227834,35.15607474201596],[128.5903986544351,35.15606635965186],[128.59038572370432,35.15605798770241],[128.5903672998376,35.15605280484165],[128.58918895834415,35.155906942309066],[128.5878138706235,35.15574525634176],[128.58678828681175,35.15562734621898],[128.58676953835464,35.155625948709535],[128.5859666162888,35.155794437182806],[128.58503240669947,35.15601084600179],[128.5849885707085,35.156019672463835],[128.5849797796632,35.15601957123758],[128.5849681568115,35.15601538493304],[128.5849485618206,35.15599273039757],[128.5844368082071,35.1553658429435],[128.5844329251121,35.15535701458435],[128.58443681703483,35.155346816190196],[128.58455505357782,35.15515216809152],[128.58520734690543,35.15463408861043],[128.5854702063142,35.15444399244335],[128.58548959487146,35.15443362049598],[128.58551284831697,35.15442323592875],[128.58714801456398,35.153791958612175],[128.58719087616578,35.153775879575385],[128.58725470160704,35.1537610366478],[128.59089460287888,35.15304854804098],[128.5909139057433,35.15304874955437],[128.59093009295867,35.153051074238675],[128.59094245509132,35.153057191590214],[128.5909510049787,35.15306966934891],[128.5909592016696,35.15314914949304],[128.59095687493888,35.15320183512347],[128.59066322300197,35.15475531878971],[128.590794083922,35.15469120617938],[128.59132702045565,35.15281101405107],[128.59148869714352,35.15187581058656],[128.59149301889036,35.15184318697225],[128.5914956386904,35.15180439404645],[128.59149621947225,35.15176304172978],[128.59149189897974,35.15166330964527],[128.59139729152068,35.15028826435053],[128.59139511946412,35.150270771759686],[128.5911638866412,35.14993197420893],[128.59094335902915,35.14972278291892],[128.590780231686,35.14956848861642],[128.5907429818872,35.14953400382841],[128.59073507982671,35.14952771256406],[128.5904429895404,35.14943146176729],[128.5903977828256,35.149419050267554],[128.58845049239173,35.14895101623241],[128.58665744296187,35.148101603135856],[128.5866028476484,35.1480751781595],[128.58655551162033,35.14804578669631],[128.5865087108499,35.1480127560094],[128.58527097913966,35.14701452304977],[128.5852228433881,35.146956759139755],[128.58521689674703,35.14694589652822],[128.58535654362655,35.146536121682914],[128.58537579931993,35.146499684375705],[128.58539870158054,35.14647376705358],[128.5854348914886,35.146448238096205],[128.58546488763653,35.146434712920254],[128.5863828173764,35.14609940962649],[128.58641376648328,35.14609701113133],[128.58651309969724,35.14609728545528],[128.58659373946097,35.146098471947674],[128.58666559374913,35.14610569179573],[128.5866994773948,35.14611265725743],[128.586775030803,35.14613685468645],[128.58690295156808,35.146177879851734],[128.58694360384013,35.146191953175105],[128.5883109592449,35.146414364262654],[128.58999855111048,35.14668420181333],[128.59013115284162,35.14670315377264],[128.59028509425673,35.14671367065914],[128.59038390572914,35.14672003428803],[128.59051792480264,35.146720813705464],[128.5906030962086,35.14671539455508],[128.5907410021071,35.146705179943964],[128.59081525769608,35.14669731802317],[128.59082062842174,35.14669655148432],[128.59082816289614,35.14669499995035],[128.59084000765475,35.14669189399013],[128.59087125790637,35.14668178091863],[128.59091950637057,35.14666266212107],[128.5910975770893,35.146580401190874],[128.5911308088831,35.146563990900866],[128.59114072277032,35.14655878901894],[128.5962114425451,35.14380858031732],[128.596272497118,35.14377312631309],[128.59632829313512,35.14373864497028],[128.5963775124302,35.14370671337257],[128.59642165784285,35.143675734618824],[128.59646221922875,35.14364414329148],[128.5964719150396,35.14363617147056],[128.59648388151973,35.14362565582071],[128.59650039739122,35.14361005354057],[128.5965374148389,35.143571599680314],[128.5966754120652,35.1434169721981],[128.59670857092914,35.14337942383818],[128.59678459934946,35.14329023540097],[128.5974451269496,35.14227443466632],[128.59727855400303,35.14171728300779],[128.59459852859536,35.138289012716356],[128.59326135130283,35.136605606271246],[128.59064165784122,35.134928599938746],[128.59009201067386,35.13466411501734],[128.58827567693584,35.131399828050114],[128.58815115964893,35.131255070503975],[128.58808095421594,35.131173780736724],[128.58804305863663,35.13113227074547],[128.588032744606,35.13112192404046],[128.587362749925,35.13053300705265],[128.58734282202946,35.13051612821677],[128.5872536598358,35.130443481551204],[128.58724502476664,35.13043726924127],[128.5872241383613,35.130425534714206],[128.58720565529157,35.130418368418766],[128.58719748734404,35.130416908463],[128.58718891230055,35.13041632003772],[128.5871790109881,35.130416899214424],[128.58716687784175,35.13041895790189],[128.58715155703973,35.130424016445396],[128.58713204542116,35.13043361212428],[128.58711488851557,35.13044401823323],[128.58710660943592,35.13045153468753],[128.5807236294206,35.13733408458861],[128.58032039633906,35.13875579476578],[128.58029848579602,35.13881551104547],[128.58027200507402,35.13887793884104],[128.5802455324391,35.1389303328502],[128.58021584985642,35.13897404531687],[128.58016991019963,35.13902391125702],[128.58012152080062,35.13906675527883],[128.58005654199937,35.13911534846151],[128.5799897306537,35.139159976269056],[128.5799284739196,35.13919750474352],[128.579869199864,35.13922729596839],[128.57981528780644,35.139253104485796],[128.57977005045421,35.139274047213334],[128.57901241803822,35.139589407035494],[128.5790092429567,35.139588179994966],[128.5750611492566,35.1374690604489],[128.57504885089406,35.13745182848888],[128.57504700462752,35.13744195148787],[128.575046298054,35.13743228671109],[128.57504681483294,35.135867311628566],[128.57504761991436,35.13473229330007],[128.57505409834434,35.13431984614309],[128.57505674066536,35.133593931448296],[128.57505497301736,35.133247723701984],[128.57504925838018,35.1332157503562],[128.57504059902516,35.13319510703222],[128.5750211218633,35.133172115633805],[128.57500275844512,35.13315669247679],[128.57500001152172,35.133155142334054],[128.5749723116474,35.13313952407661],[128.57494367085275,35.13312978954496],[128.57491666481326,35.13312434853476],[128.57481392472533,35.13311755238008],[128.57448854053675,35.13311514866754],[128.57319786319698,35.133109979080984],[128.57312971962355,35.13311355106609],[128.5730041553945,35.13312607967035],[128.5727457795511,35.13315888884067],[128.57232321257194,35.133219970021145],[128.57216353523955,35.13263923191424],[128.5726942559751,35.132108817812245],[128.57479862225364,35.13048293472646],[128.57513941437546,35.13022932663915],[128.575156818538,35.13021774119873],[128.5751747288913,35.13021092763191],[128.58238149763744,35.12742599650955],[128.58239791492727,35.12742489944967],[128.58878492279067,35.12859231740741],[128.59033812589567,35.128953730605794],[128.59040203319404,35.1289758123554],[128.5904697202345,35.12900565115614],[128.590553735651,35.12904579274669],[128.59063814725226,35.12909273175544],[128.59077761245956,35.129179013955415],[128.59078467228375,35.129186797090554],[128.59142274485,35.12991116973019],[128.59153715477345,35.13004982367954],[128.5916856742777,35.13029421266083],[128.5917040553122,35.130330997121895],[128.591708651545,35.13036438086716],[128.59187671487763,35.13098872203471],[128.59208820518504,35.13164467405673],[128.59209474177456,35.13165368246759],[128.5922087113896,35.1317827693549],[128.59221801602,35.131791275119724],[128.5940836965895,35.1325110959243],[128.59412791747843,35.13252369117116],[128.59433912819676,35.13256979078945],[128.5943651289965,35.13257267197831],[128.59591114462063,35.13271877337052],[128.59831548066902,35.13275185084855],[128.59845329319054,35.13274175233296],[128.59913951911685,35.132682705074885],[128.6000627487686,35.132080233411266],[128.60015511638116,35.131994287866725],[128.60016463235263,35.131983881053934],[128.60016563111745,35.131977502416134],[128.60035910566393,35.129963951308994],[128.60030309023313,35.1293093641747],[128.5993307209441,35.125222771810776],[128.59903745328165,35.12453136282298],[128.59903419992756,35.12452613222284],[128.5989211011488,35.124358123465576],[128.59891172642497,35.12434827602195],[128.59889154601004,35.12432916480495],[128.59884674489277,35.12428810326661],[128.59882516016748,35.12427096011165],[128.59871121893408,35.12419003831812],[128.59864268406164,35.12414766248272],[128.5954440374278,35.12241577871255],[128.59357189714018,35.12254545066483],[128.59353086660525,35.12255418983751],[128.5932263337883,35.12258084048249],[128.59247020547724,35.12262768566074],[128.59201780513027,35.12263234724875],[128.59187587131473,35.122631914495315],[128.59076096296445,35.12257634494462],[128.59070870854606,35.12257217479014],[128.5906523790633,35.12256490051845],[128.59061259621166,35.122556816919634],[128.590576021985,35.12254733795121],[128.5902876177833,35.122455037285846],[128.58590820107287,35.12038901745944],[128.58590512763382,35.120385003326575],[128.58590229582245,35.12024440951494],[128.58662430278397,35.1192850525857],[128.586851899327,35.118985848389286],[128.58751827993947,35.118137316939674],[128.58752805169297,35.118130780418106],[128.58753589925317,35.11812989660607],[128.58755325774268,35.11813550782469],[128.58757529180755,35.118149769649534],[128.5889860878678,35.11935364737048],[128.58922050771955,35.11956388040133],[128.58924374255727,35.11958341104723],[128.58932365470372,35.11964616311079],[128.5901212423722,35.12008862808458],[128.59025001164224,35.12015014868652],[128.59033614943453,35.12017222375752],[128.590365768462,35.120178824388454],[128.59054841367126,35.12020540012395],[128.59095001324985,35.120236193441244],[128.59103479296036,35.12024033708208],[128.59118314395337,35.12024467880576],[128.59204263204558,35.12025823671812],[128.59928094274443,35.119217546148576],[128.59938087751166,35.11920082251317],[128.5994146954307,35.11919418249333],[128.59944475359447,35.119185385683984],[128.59945041183715,35.11918148255782],[128.59954377949745,35.11906674195839],[128.5995524251787,35.11905108792651],[128.59957806033884,35.11900194868672],[128.59959841784686,35.11895124153778],[128.59961460257614,35.118898844739995],[128.59961566896612,35.11889177315882],[128.59960984080547,35.118847444222155],[128.5993207316982,35.11694559552034],[128.59944195222752,35.114961294157844],[128.60079667480989,35.1096802731554],[128.6011923714749,35.105563371803875],[128.6011474538899,35.10392016948018],[128.60253553296602,35.10192304875245],[128.60304949068527,35.101741313984434],[128.60557746625534,35.10071917387099],[128.60714476152475,35.09946807930272],[128.60717618155533,35.09942708008698],[128.60805435839416,35.09800946577425],[128.60832652414734,35.09754427060821],[128.60840093644728,35.097339720745204],[128.60841362727862,35.09730303097572],[128.60842885324553,35.09726544904432],[128.60844872023057,35.09722484350274],[128.6084721225107,35.09719346945521],[128.60850584121906,35.09715361228925],[128.60857771861163,35.097087143563904],[128.60861119020433,35.097059706430954],[128.60864874632847,35.09703572437526],[128.60943760166072,35.09661585435329],[128.60947543911857,35.09659729964372],[128.61154522903797,35.09570561567354],[128.61187694323058,35.0955866443599],[128.61430434225682,35.094756086671694],[128.61540190215422,35.094510111353095],[128.6164131384412,35.09431695266493],[128.6164338412825,35.09431044855989],[128.61667635036963,35.094202771740804],[128.61723784610834,35.09392510504073],[128.61735904074945,35.09383075506464],[128.61749033439307,35.093718092988894],[128.61754610322475,35.0936543193927],[128.61754831968952,35.09364696847767],[128.61760127292538,35.09338300117575],[128.61760321892908,35.0933720728126],[128.61759854860068,35.09320749585333],[128.61759203258208,35.09315845267729],[128.61755309047396,35.09294225359601],[128.61753782757953,35.09289731785398],[128.61753198934787,35.092890926674755],[128.61747640759154,35.09287312047932],[128.6157236331535,35.092353378207136],[128.6145559053136,35.092615755254066],[128.61419979429695,35.092683990208904],[128.6127778013653,35.09282912867067],[128.61228054511417,35.092877015244206],[128.61187280088708,35.092914964783844],[128.61172168692434,35.09292071855527],[128.6117178063938,35.09292030121062],[128.61170937579823,35.09291054123955],[128.611578830718,35.0924590517962],[128.6115328735548,35.09228961983204],[128.6115274616796,35.092232952250136],[128.6115273923102,35.0922079571224],[128.61152815613428,35.09218386791561],[128.61152897687253,35.09216318312302],[128.61153116149205,35.0921416564683],[128.61153402639638,35.09212254726158],[128.61153987908838,35.092099995270274],[128.6115538599782,35.092052150658276],[128.6115615649896,35.092029965268544],[128.61160012447536,35.09194841829723],[128.61161086435675,35.09193188565949],[128.61162500014888,35.091915390677016],[128.61166218172434,35.091872929158924],[128.61170831004745,35.091830612883264],[128.6118167044819,35.09173507320155],[128.6120184040019,35.091565261594816],[128.61209037961703,35.09151398856185],[128.61522299760188,35.08961490967341],[128.61524753079107,35.089602522111655],[128.61527228267644,35.089591002066],[128.61532616417935,35.089568862765816],[128.61535140395995,35.08956082019921],[128.6153810296101,35.089554569902866],[128.61627442911194,35.08937080850923],[128.61630017856476,35.089367995860435],[128.616321693536,35.089366099431004],[128.61634512480478,35.089364451716975],[128.61680619238788,35.089337364454416],[128.61684163030478,35.08933627691021],[128.61689329802854,35.089334935286374],[128.6169286578858,35.08933602887131],[128.6169630159016,35.08934054541615],[128.61699428375712,35.08934465565359],[128.61704720251586,35.08935462947619],[128.61718631458473,35.08940529460654],[128.61763322521065,35.089572986094176],[128.61788116254854,35.089671141264986],[128.61814927149135,35.08977596764435],[128.61826172502825,35.08981200011381],[128.6183146334954,35.08982197182184],[128.61878953810077,35.08990892226468],[128.62011237276508,35.090098646917454],[128.62027290856486,35.09011505130089],[128.62049309918234,35.09012004053026],[128.62053529803714,35.09011999119539],[128.62057622986092,35.09011953364917],[128.6209601275869,35.090102184144726],[128.6215133382158,35.09007198549068],[128.62155266520543,35.09006938569017],[128.62183564955689,35.09004113682177],[128.6218618214927,35.09003455918205],[128.6218822880854,35.09002450722095],[128.62190455211353,35.09000988568883],[128.621922144344,35.08999729574925],[128.6221223115172,35.08984543588449],[128.62302460369816,35.08912781063483],[128.62343056682462,35.088753807453976],[128.62719505687375,35.08494501746728],[128.62720715145502,35.08493079384584],[128.62738085319313,35.084606386022585],[128.62750670446448,35.08436015908675],[128.62796181822432,35.08317230519169],[128.6271877107104,35.083351923269056],[128.627170487599,35.08336855330859],[128.6271452633435,35.083388206427685],[128.6269411698846,35.08353385366313],[128.6269132127618,35.083549721050545],[128.62603771305655,35.083944129552805],[128.62590462268446,35.08399515002627],[128.62585577613254,35.08401312851434],[128.62581000520652,35.084025352720616],[128.6257434017169,35.08403951434376],[128.62569187574263,35.08404677341392],[128.6256179594527,35.08405130592139],[128.62554887375407,35.0840542377407],[128.6254846123689,35.08405520901797],[128.62541567038187,35.08405310439437],[128.62464860333154,35.08401484953918],[128.6246011375279,35.08401150236521],[128.62454434371736,35.084004952869876],[128.62449535874106,35.08399867378945],[128.624445503451,35.083990153532476],[128.62421010764663,35.083947231176026],[128.62398866697154,35.08389325756041],[128.62329614068003,35.083688822800426],[128.62273708703896,35.083439912652345],[128.62238823637986,35.08326092507391],[128.62224479951314,35.0831629063746],[128.62219245471437,35.083057770648345],[128.62202059626586,35.08284125026583],[128.62152639091758,35.082439835156585],[128.6214945459175,35.08242351170754],[128.6214565741076,35.082406727597906],[128.61968184549315,35.081641964004504],[128.61657783973934,35.081024364472896],[128.6160713341971,35.080971933758974],[128.61572194105872,35.08094479521721],[128.61384548786822,35.08114590435368],[128.61002423909412,35.08125168346077],[128.60990099023468,35.08125149523928],[128.60966851633626,35.08122457990279],[128.60541930722508,35.08056180207314],[128.60406566373283,35.07942852915497],[128.60245757590178,35.07620588597741],[128.60245085911052,35.07617755119242],[128.60239520928903,35.07558007121225],[128.6023979474143,35.07555106490804],[128.60263277856134,35.07494125799875],[128.6027283660348,35.07474862586818],[128.6028025509695,35.074644274496926],[128.60289595849537,35.07454400623336],[128.60301195561686,35.074449598823605],[128.6031519008439,35.0743637596222],[128.60538544696408,35.07310160100303],[128.60592055720937,35.07366453085233],[128.60591232117383,35.07369433968418],[128.60591148889236,35.073719330469885],[128.60591373687123,35.0737557000445],[128.60591846123145,35.07378315245432],[128.60599070697967,35.07417962764645],[128.6059997936186,35.07421662166959],[128.60608801232627,35.07449465515913],[128.6061036727475,35.07453030141878],[128.60612457864363,35.07457456326796],[128.60617525275566,35.07466623440325],[128.60619951964688,35.074701943029304],[128.6062330648219,35.0747395306215],[128.60632799551644,35.07480780149492],[128.6067127775186,35.07505803475592],[128.60683581860832,35.07512214236978],[128.60757533336928,35.07543631996165],[128.60934816106862,35.075722044694494],[128.6093857827004,35.0757263277728],[128.60941766015793,35.07572776420622],[128.60945408060937,35.075728224042365],[128.60976182002838,35.07570460866979],[128.6097934537379,35.07570168965306],[128.60984634502776,35.07569329612789],[128.61069359012012,35.07547190529148],[128.61107517359304,35.07531637316775],[128.61111107822563,35.075300821828094],[128.6111587963055,35.07527721534236],[128.61118168613504,35.07526406493902],[128.61120456663053,35.07524830105857],[128.6112182415773,35.075234059012985],[128.6113553893812,35.075082230084774],[128.61137241597513,35.07506170655896],[128.6113869165369,35.075043978787576],[128.61139834500068,35.075025654535466],[128.61147234419587,35.07488382655611],[128.61154812406772,35.07470395985887],[128.61155318529077,35.07468409136805],[128.61187973226325,35.07278072353856],[128.61188306769932,35.07275494480408],[128.611885233431,35.072727865886876],[128.61188602262564,35.07270017880826],[128.61188311934762,35.072674516710336],[128.61187838219658,35.072644683897856],[128.61186931392342,35.07259841750177],[128.6118258604008,35.07245097561408],[128.61181022246842,35.07242153111403],[128.61179268962945,35.07239210068186],[128.61174191876393,35.07233086103229],[128.6117227364746,35.07230917466975],[128.6117002539255,35.07228516365753],[128.6116811881823,35.07226678760885],[128.61166427224055,35.07225258047977],[128.61158686548467,35.072215908802725],[128.6114174199931,35.07217177710385],[128.61138233789072,35.07216425408453],[128.61006656596547,35.07182703970587],[128.60887636913566,35.071489125609254],[128.60854660513257,35.07136861293089],[128.60853895919084,35.0713649008908],[128.60777638014275,35.07095803987615],[128.60776425421122,35.070948600052574],[128.6076181941337,35.07081420286184],[128.60761199950636,35.07080508803425],[128.60761152606074,35.07079620713047],[128.60778893017928,35.07038580296781],[128.60779605318632,35.07037272292757],[128.6078034409467,35.07036833638],[128.6092323431063,35.069965468455486],[128.610490864474,35.06968138501456],[128.61082151496933,35.06961450211801],[128.61084953929972,35.06960933695099],[128.61232248778452,35.06936875638806],[128.61235780466941,35.06936312884402],[128.61239778398954,35.06935721637461],[128.61243745389848,35.06935183560611],[128.61251353752655,35.069345345364205],[128.61258855505497,35.06933946527506],[128.61399936361883,35.06931045041901],[128.61402540493887,35.06931016388022],[128.61405653120295,35.06930994674647],[128.61407177981803,35.06931023923611],[128.61414663142463,35.06931412877599],[128.61418530823232,35.06931685534904],[128.6142210191889,35.069320828159356],[128.614254375518,35.06932669264483],[128.61428430236396,35.069332098279226],[128.61439301210916,35.0693566532935],[128.61492031623845,35.06947685811],[128.61672910053775,35.070362772666996],[128.61675792959159,35.07038062049603],[128.61678700839474,35.07040092878399],[128.61684605300286,35.070444444609265],[128.61689889707057,35.070493906684945],[128.61692937185322,35.07052263106892],[128.61704596484483,35.07063904900521],[128.61716731554773,35.070772015707554],[128.6172198046435,35.070840981057096],[128.61723532107624,35.07086139271147],[128.61761035983088,35.071260387055446],[128.61855362101915,35.07184825150744],[128.61856912560623,35.07185716101751],[128.61940431645135,35.072277048328324],[128.6194448969994,35.07229744846365],[128.6212538536177,35.07313092887701],[128.62131301494603,35.073152810343814],[128.62415222964913,35.07392505006789],[128.62424939726358,35.07394319978962],[128.62530762534968,35.07392422203688],[128.62597096863996,35.073872106586514],[128.62633819483213,35.07381546493367],[128.62644963853234,35.07378083717778],[128.6265053637198,35.07375081317874],[128.62898656241939,35.07231880246108],[128.63327085009522,35.07167845917503],[128.63384258785234,35.071651916549854],[128.63395916007636,35.07164596105591],[128.63425145821574,35.07159600859371],[128.6344957289815,35.07153498727118],[128.6354225360529,35.071287216616895],[128.63570986797265,35.07082154756473],[128.6357032808942,35.070126724496184],[128.63533737200152,35.06936706074187],[128.6350046996919,35.06891296126968],[128.6349693020573,35.06886606476665],[128.6349212661256,35.068824602786734],[128.63412024462988,35.068316440193904],[128.633016783477,35.068112653495454],[128.630008008988,35.0675749138612],[128.6277984719824,35.06626619168205],[128.6276549455586,35.0661548114585],[128.6258079561881,35.06494307111775],[128.6257357118021,35.064899736080505],[128.6256737607231,35.0648661482697],[128.62550487756826,35.064782188599374],[128.6253145274213,35.06471252039452],[128.6249519222073,35.064594816356],[128.62474821755598,35.06453310849343],[128.62440996646527,35.06443348838048],[128.62428036671452,35.06440175535199],[128.6242434133946,35.06439838641488],[128.6240992944523,35.064391612459815],[128.622234121996,35.06439653787148],[128.6189015601251,35.063628566619364],[128.61855878353282,35.063282644373245],[128.61853707721278,35.0632616190753],[128.618510777392,35.06324040884532],[128.61848306059554,35.063219787331576],[128.61843375344876,35.063183938899826],[128.6172905844234,35.06235773214491],[128.6170736670481,35.062263945269486],[128.6165001036045,35.06218762661861],[128.61645143330725,35.06218413641253],[128.6162970551857,35.062184828726046],[128.61627057377007,35.06218659414139],[128.61586287994493,35.062225756743594],[128.61584082347844,35.06223022975023],[128.61582098764123,35.06223827824176],[128.615498662919,35.062377158312934],[128.61509931050406,35.06254710687971],[128.61507823840594,35.06255457555222],[128.61479395229773,35.06261130542384],[128.6147526806847,35.06261786342486],[128.61463851447007,35.06263203938436],[128.614281959651,35.062673587924515],[128.6141839875958,35.06267548354139],[128.61308743054246,35.06252024595037],[128.61306321139057,35.062516102371355],[128.61305798653757,35.062512696939166],[128.61296299530252,35.062271396072795],[128.61285519966157,35.06198121750886],[128.61285684546831,35.061834542922774],[128.61283835905147,35.06172843918481],[128.61081174577305,35.06075186470988],[128.61072056592045,35.06071386829852],[128.61064170264018,35.06068914330391],[128.6104860965018,35.06065550042278],[128.61037821099805,35.06063600888969],[128.61022222007767,35.06061896689473],[128.61012746335956,35.060611787693524],[128.6099877901383,35.06061207594337],[128.6098428584223,35.0606143669575],[128.60946717508273,35.060642742683896],[128.6094317290422,35.06066013240902],[128.60939657292099,35.06067139638854],[128.60935523978856,35.06068177962622],[128.6093211214973,35.06068708711688],[128.60928611571939,35.06069022006604],[128.60925246849436,35.060692895905675],[128.60921806130406,35.06069436298483],[128.6091863910381,35.06069464876065],[128.60914939450763,35.06069440262651],[128.6091030759003,35.06069035962636],[128.60907055173664,35.06068575735484],[128.60902083408405,35.0606770432984],[128.608979521693,35.060669167585694],[128.60894937114068,35.06066086785742],[128.60890936988034,35.0606495713264],[128.60887608199332,35.06063912421864],[128.6088469572958,35.060629322563514],[128.60881118318952,35.06061647061698],[128.6087879843826,35.060605362749826],[128.60876285236895,35.06058379352451],[128.60862172422426,35.060437353010556],[128.60832589309243,35.06007702309227],[128.60831722711964,35.06005976161118],[128.6078795337508,35.05907500033632],[128.60786980558817,35.0590479634701],[128.6078674317823,35.05902177134296],[128.60794202557983,35.05878391807835],[128.608007515428,35.05864119775724],[128.60744739040078,35.05775906543064],[128.6074462349781,35.057757314340236],[128.60744385265792,35.057754169432606],[128.60743715749763,35.05774642178055],[128.60743416855956,35.057743358358245],[128.6074311023922,35.057740573012566],[128.60742184043485,35.057733068931064],[128.60742009166887,35.05773203539822],[128.60741479910178,35.05772942392427],[128.60741289523915,35.05772875062934],[128.60741081419113,35.057728140039856],[128.6074022641742,35.05772607397484],[128.60739778398337,35.057725285515545],[128.60739537458724,35.05772504224895],[128.60738547700237,35.05772454154661],[128.60721897959831,35.05771949540705],[128.6071679022152,35.057718239086384],[128.60714591132623,35.05771869242344],[128.60713612945756,35.057719326547215],[128.60712370196393,35.05772071126792],[128.6071082771707,35.057723122213226],[128.60709210388114,35.05772645850662],[128.6070614174698,35.0577342457834],[128.60705466613962,35.057736316146126],[128.60702985045185,35.05774522040653],[128.60701562417918,35.05775128731992],[128.60700992231634,35.0577540530881],[128.60693246937046,35.057794201203734],[128.6065685410229,35.05801650677283],[128.6065660889958,35.05801831279634],[128.60656379937677,35.05802025052055],[128.60655833507224,35.05802569425854],[128.6043076370998,35.05717037622624],[128.60184824394346,35.05636891848131],[128.60163159744516,35.05630338092981],[128.60158895681897,35.056292272120295],[128.60157979994767,35.05629044724904],[128.60157490270285,35.05628979169083],[128.60154130855702,35.05628698790254],[128.6015257892347,35.0562864398124],[128.6015194235271,35.05628632811617],[128.60151644959834,35.05628635512314],[128.60149416950784,35.05628762511316],[128.60149141578415,35.05628800178768],[128.6014768030006,35.05629076731694],[128.60121878045862,35.056350428131566],[128.60121645009735,35.05635133148495],[128.60121414269037,35.056352748098],[128.60093092535388,35.056548530531444],[128.60071202792616,35.05674228069944],[128.60070972752806,35.056744570080156],[128.60070554741426,35.056749326086106],[128.6007036861671,35.05675197195491],[128.6006951743571,35.05676584844489],[128.60069352420095,35.056769361936695],[128.60057958783042,35.057023540529485],[128.58941743868476,35.05639612193299],[128.58918555213285,35.056160296068654],[128.58904937382346,35.05606205444486],[128.58903770481243,35.05605448744926],[128.58880874685093,35.05592345483609],[128.58691883906954,35.055271069469114],[128.58115295800752,35.05405867334017],[128.58113661059096,35.054055327672216],[128.57716991326177,35.05367164619139],[128.5768387982702,35.05364918172668],[128.5768077539094,35.053649390725624],[128.57407348891616,35.053721980646706],[128.57403718717927,35.05372329379811],[128.57381649233136,35.05373384075961],[128.57369555474395,35.05374905511522],[128.57364084259743,35.05375980603613],[128.57362012003276,35.05376961219727],[128.57332905665805,35.05393922645691],[128.57288807317508,35.05435276170791],[128.5728592726402,35.054383163127234],[128.57284441228097,35.05440210198027],[128.5727994046736,35.05448131795491],[128.57278903220833,35.054503158141586],[128.5727792219625,35.054532625510376],[128.57277355659312,35.054557699156305],[128.57276977493808,35.05459334363894],[128.5727696462064,35.0546094956903],[128.57278467452775,35.05465758272226],[128.57279301495197,35.05467502857367],[128.57280233130854,35.05468793041732],[128.57297515300394,35.05487663662906],[128.5730727446544,35.05498188162378],[128.5730864986716,35.05499490818843],[128.57309849076316,35.055003965306284],[128.57311891101048,35.05501204915018],[128.57328999235628,35.05505977631071],[128.57371002376385,35.05522076779713],[128.57390364677502,35.05532290725986],[128.5747428802098,35.05579580346062],[128.57477027075976,35.05581543419039],[128.5747983645037,35.0558388775106],[128.57766166569291,35.05864181112873],[128.57812504030616,35.05910247705166],[128.57815371516037,35.05913289934036],[128.57820647972846,35.05919416824379],[128.57824040538304,35.059234976120486],[128.57827037277283,35.05927619065657],[128.5783241301283,35.05935288392442],[128.57834503390555,35.05938977903331],[128.57836575705755,35.05943731715936],[128.57837990977742,35.059479981531794],[128.57839025691948,35.05952082178218],[128.57839888105363,35.05956821156238],[128.5784015971807,35.059621861178286],[128.57839765043252,35.05967562176535],[128.57839414479756,35.05971325120522],[128.57838068469803,35.05977059489801],[128.5783328227387,35.05986485484843],[128.5783034356458,35.05991970949392],[128.57824039151322,35.06001575595578],[128.5781195736419,35.06019318429813],[128.57810876478223,35.060203818874975],[128.5780927115456,35.06022191592507],[128.57807946868533,35.060244945474686],[128.57806798845087,35.06027120692462],[128.578063173691,35.06029719504599],[128.5780632860401,35.060328752862716],[128.5780651748385,35.06035583656867],[128.57807399351782,35.06038468416389],[128.57808591062235,35.06041211735608],[128.57810238160644,35.060438621266904],[128.5781247067637,35.060465199167176],[128.57814803820574,35.06049022055641],[128.5781708171906,35.060509417078585],[128.57819612592706,35.06052085440003],[128.57876201546557,35.0607352445672],[128.578812678767,35.06075125137944],[128.57885949055256,35.060763371792945],[128.58048346548176,35.06110127276361],[128.58154075440274,35.061174012209136],[128.58325057205866,35.06115194810156],[128.58504377153318,35.06180946655108],[128.58674850342615,35.06282068859779],[128.58802819741533,35.06465935791581],[128.58815523789025,35.064800230932484],[128.58940699354386,35.06612613775258],[128.5895582696216,35.06623879788784],[128.58979700485023,35.06641103555705],[128.59003091338238,35.066553251006674],[128.59093984397137,35.06702545431291],[128.59095857668146,35.067035089024984],[128.5909753568025,35.06704270889058],[128.5913368932267,35.06712982758226],[128.5915302523136,35.06715845803249],[128.5917239794433,35.06716093212378],[128.5917972893651,35.06715909445861],[128.59182809007058,35.06715820629922],[128.59185002093668,35.06715711786183],[128.59197760522244,35.06714269276979],[128.59199947972783,35.067137926336336],[128.5920473422875,35.067119167380916],[128.59207283203466,35.06710736419656],[128.59214391906377,35.06707187264866],[128.59219924301377,35.067040249923096],[128.59242767918013,35.06690848107788],[128.592482371736,35.06682979493186],[128.5924923388448,35.06681403750217],[128.59381171638816,35.06714456612788],[128.5965679567678,35.06821324002124],[128.5965984967549,35.06822511319234],[128.59662673463686,35.0682387291864],[128.59664892155888,35.06825496447475],[128.59696979023434,35.06899679061417],[128.59687621042755,35.069664580429965],[128.5968714978409,35.069675481262315],[128.5967909624144,35.069764321279905],[128.5967389600392,35.069811408122476],[128.59641261927194,35.07008090180693],[128.59615553091987,35.07026629696796],[128.59607393682717,35.070311507417685],[128.59039161170296,35.07250677024828],[128.59035695440878,35.07251983159005],[128.59031694756268,35.0725347874098],[128.59027538445858,35.07254567808598],[128.5902289501023,35.07255048670341],[128.58753243856063,35.07278229880333],[128.58750897513463,35.07278252737674],[128.58748336560777,35.07278205369424],[128.58707175788686,35.072764453560495],[128.5870410866825,35.07275906769062],[128.58701075728362,35.072748714678625],[128.58698223199522,35.07273498125732],[128.58694981348006,35.07271741878395],[128.58643003122882,35.072394140123514],[128.5861904482616,35.07212464640011],[128.58618106129126,35.07211233625633],[128.58617664954332,35.072100188479325],[128.58615015000817,35.07191134201963],[128.58615806733116,35.07189786866645],[128.58617377711923,35.0718826161624],[128.5864894522879,35.07157978018187],[128.5868005848918,35.071333414914974],[128.586993817659,35.071253698737024],[128.5873722574956,35.07107859218241],[128.58753384455605,35.07094258223158],[128.58766600329986,35.07079167522166],[128.58767882939142,35.07077470050569],[128.58778320254092,35.07063532619964],[128.5877996572381,35.07060749372504],[128.58781076270867,35.07057461417697],[128.58781929563187,35.07053709136565],[128.58782549612422,35.070503031305215],[128.58782669857692,35.070472984031966],[128.58782666449417,35.07044741441427],[128.58782623159914,35.07042009058601],[128.58782472753225,35.07039189912307],[128.58781849264957,35.07036318984807],[128.587808026816,35.070336067732],[128.58766035512429,35.070057503851935],[128.5875249309405,35.06983372972424],[128.58640940074326,35.06867510082443],[128.58303560052622,35.065593138570414],[128.58301279001773,35.06557291579568],[128.58237178448692,35.06512127194024],[128.58210509964096,35.064988095393694],[128.58161254336673,35.064743740765216],[128.58133752188084,35.06464637161866],[128.581035419896,35.06459490615466],[128.58083904033563,35.06456715201942],[128.58066983832637,35.06455903154393],[128.58037262378826,35.064582628735394],[128.58035463402283,35.06458926320118],[128.58034126974036,35.06459805122483],[128.58032641931578,35.06461424247101],[128.58027293587537,35.06467325923934],[128.58026517960818,35.06468968282372],[128.58018203252666,35.06488949622371],[128.57978941218823,35.0659582295382],[128.57977850756365,35.066000258239676],[128.5797261856423,35.066339586342984],[128.579726858375,35.06637714776061],[128.5798153163033,35.06676708115188],[128.57983632722036,35.06680860610524],[128.5798623289021,35.06685845896101],[128.57989043351566,35.06690879995027],[128.57065137452926,35.06972375974379],[128.5704824357858,35.069774178078326],[128.56975485631685,35.06997202676589],[128.56972010807004,35.069978962135295],[128.56969439823294,35.06998334949069],[128.5696566575924,35.06998857820972],[128.56962300371697,35.06999150621665],[128.56951765196814,35.06999832510325],[128.5692006108582,35.070004022035505],[128.56914979236512,35.07000454434993],[128.56911415475705,35.070003498625596],[128.56909014985098,35.07000239547305],[128.56906369667203,35.070000192301094],[128.56903433803208,35.06999576053479],[128.56901461357117,35.0699916532934],[128.56877104054706,35.06989690910278],[128.56866452441656,35.06984388233428],[128.56856222641895,35.06976621692469],[128.56851121663345,35.06971990491522],[128.56849501577238,35.06970037678446],[128.56847900107093,35.06967885037111],[128.56847253518657,35.06966589285343],[128.56843732646362,35.06958151699261],[128.56838706188123,35.069422517518525],[128.56836895570873,35.06935478795133],[128.5683655251572,35.069333889771514],[128.56836263038275,35.06930751592314],[128.56778977867145,35.0673811726248],[128.56386089222275,35.06689698108733],[128.5636249388085,35.06688559584178],[128.56339279544184,35.06691007061091],[128.56333566767242,35.06691795103591],[128.56316322435345,35.066951580800826],[128.56313754248634,35.06695720313659],[128.56311069002257,35.06696407509912],[128.56308345477996,35.066972710406],[128.56255641432003,35.067272012620734],[128.56246763751525,35.06733541934229],[128.56244859180757,35.06735231219592],[128.5624062438542,35.06739291980255],[128.56239181895472,35.06741080406128],[128.56123697319399,35.06894773139357],[128.56116572828435,35.06905297652842],[128.56115888253703,35.06907434128021],[128.56112075531925,35.06950810247659],[128.56111999114643,35.06959955183707],[128.56112096382398,35.06962453271889],[128.56112325884297,35.069652690163515],[128.56112515931116,35.06967446543861],[128.5611300796205,35.06969754887107],[128.56113795985524,35.0697205177996],[128.5611460224701,35.0697380802202],[128.56115812608653,35.069754545671664],[128.56117154936183,35.06976410323578],[128.56132529208853,35.069849667387054],[128.5613501207643,35.069856499435545],[128.56139529246673,35.06986049308669],[128.56142380589796,35.069860892941435],[128.56212445620292,35.0698580371426],[128.5626923879985,35.06981734087425],[128.56363998190926,35.0697090845391],[128.5644694456518,35.06952441028623],[128.56456831598615,35.06950937883879],[128.5645895489069,35.06950631966869],[128.5649042532102,35.06953139688562],[128.5649455324714,35.06953514106732],[128.56497925304103,35.06953956249067],[128.56506968030445,35.06956261029826],[128.56514716469485,35.06959878014789],[128.56591530073337,35.07009590244325],[128.56592278336183,35.07010085194314],[128.5661144473553,35.07057138094269],[128.566117582935,35.07058142518529],[128.56612070444032,35.07059676934398],[128.56612329242935,35.07061715712306],[128.56612465027234,35.070640598006165],[128.56612421936242,35.070670052239954],[128.5660536338011,35.07261525213592],[128.56604960957014,35.07266916486515],[128.56601688847235,35.07280865923324],[128.56600993314808,35.072834288147604],[128.56590187914193,35.073202225578285],[128.5658957762501,35.07322175360965],[128.5658863044917,35.07324202889619],[128.56584186754048,35.0733230098412],[128.56582785480705,35.07334342079272],[128.56505795360877,35.07429836964176],[128.56502312345202,35.07433920269298],[128.56475905337493,35.074623211709564],[128.5647435101976,35.07463741601241],[128.56471883127182,35.07465528214701],[128.56467494623587,35.07468345529059],[128.56460465609146,35.07471416505904],[128.56458365208235,35.07471990184536],[128.56455479489162,35.07472594586509],[128.5644500567709,35.07474608539045],[128.56440518927715,35.07475470296603],[128.56429741361814,35.07476642182736],[128.56421486769145,35.074769946939064],[128.56414229421128,35.074737163750285],[128.5640865783412,35.07471349319895],[128.56407650987228,35.07471012980237],[128.56406464944953,35.074707601036714],[128.56404892441904,35.074705849140344],[128.56402835673543,35.0747058023142],[128.56400546638818,35.074707478620574],[128.56394890056112,35.074711925814604],[128.56348287629666,35.07476373589404],[128.56346534957842,35.07476712505429],[128.56344678276352,35.07477372907332],[128.5634251405731,35.07478435884076],[128.56324791483968,35.074884845005805],[128.56317740897072,35.074928911535864],[128.5631091597494,35.07497798781505],[128.56309514122384,35.074991574818156],[128.56307863060098,35.07501194021118],[128.56306817622124,35.075033273945884],[128.56305976095103,35.075063330331275],[128.5630522800773,35.075094563410644],[128.56302368200713,35.07523528826596],[128.56301946520003,35.075257068679335],[128.5629366245312,35.075718565625664],[128.5634395175057,35.07804218870655],[128.5634493762328,35.07806454297],[128.5637311743709,35.07993519101106],[128.56409145818668,35.08222554955447],[128.5640972105609,35.08225091712401],[128.5641397509878,35.08235735838488],[128.56414997742246,35.082374512472654],[128.56416586083054,35.08239612860885],[128.5641819613031,35.08241388935028],[128.5642033169822,35.08243321976886],[128.5642250542606,35.08244883698589],[128.56425753511655,35.082469514398085],[128.56429253753808,35.08248979598771],[128.56433204477435,35.082510469493506],[128.56470975686676,35.08265420464376],[128.56482402402216,35.08268342377682],[128.56484400886507,35.08268637861636],[128.56487480330887,35.082687723985266],[128.56489705030793,35.082685829708325],[128.564917297164,35.082682775814014],[128.56494310281977,35.08267801712032],[128.56496464866498,35.08267183357814],[128.56498832329854,35.0826636242419],[128.5650166937729,35.08265031327233],[128.56504188086416,35.08263592847446],[128.56506993330044,35.082614530825],[128.56509651343214,35.08259204707071],[128.56512727963334,35.08256572918786],[128.56515884362346,35.08252924774779],[128.56528728707474,35.082356275995934],[128.56535466025002,35.08228770817266],[128.56537502252385,35.08227078129553],[128.56541913833487,35.08223926640144],[128.56544188220585,35.08222431302294],[128.56547455088594,35.08220932306404],[128.56550364731777,35.08219615034244],[128.5655442284698,35.08217979973714],[128.56563991317347,35.08214167272889],[128.56573094252593,35.08212375490486],[128.56578389072715,35.08211838269354],[128.56581894752725,35.08211585833713],[128.5659099018501,35.08211425644507],[128.56593513411985,35.08211402198167],[128.5659591019517,35.082114269169985],[128.56761981433172,35.082167946655055],[128.56764659022213,35.082172368986654],[128.56914403307414,35.08244467312195],[128.56918270056468,35.08245436433835],[128.56924644109105,35.082475467551646],[128.56928389289425,35.082488705944506],[128.56934959774517,35.082517757411516],[128.56938235169207,35.08253427760896],[128.56965254960264,35.08268407788773],[128.56968204683133,35.08270251660098],[128.56970666467421,35.082719205892715],[128.56972623241552,35.08273476200248],[128.56975363040257,35.0827587088649],[128.56977498906306,35.082782057949466],[128.56979951255053,35.08281438653269],[128.56987508498943,35.08293547381311],[128.57098248506358,35.0841013071285],[128.57300294896444,35.08611481515467],[128.5730333392258,35.086143162250046],[128.57306106272986,35.08616803002323],[128.5735335234922,35.08654655931041],[128.57354696833394,35.0865567756574],[128.57355963148134,35.086563644051125],[128.57357641814818,35.08656840775532],[128.5781730208401,35.08757145631018],[128.57864207249781,35.08762552033699],[128.57928492125373,35.08764613079365],[128.5809967259757,35.08750027855149],[128.58245967093026,35.08861339673285],[128.58316484347856,35.09120205499175],[128.58316818291289,35.09121600101775],[128.58316812192032,35.09122784430839],[128.58316670494776,35.09123962926967],[128.58315951575926,35.091287981894155],[128.58315544262592,35.091293186516324],[128.58314703176765,35.091295283601944],[128.58280867173062,35.09137108881177],[128.5825270464175,35.091410815921094],[128.58126966598226,35.091582930937136],[128.58063199973233,35.09165797313852],[128.5794991238598,35.091552890115295],[128.57945060998958,35.09154613242143],[128.5793455777753,35.09150895705514],[128.57922322113586,35.09143478515617],[128.5791946095601,35.09141571907247],[128.57917238745233,35.09139749701551],[128.57915451364963,35.091377758040046],[128.57913712221225,35.09135620965566],[128.57910763577294,35.09130651394984],[128.57909240498753,35.09127840334424],[128.5790742726775,35.09125154141416],[128.57905155258607,35.09122982030607],[128.57903100673119,35.09121192121179],[128.5790082016128,35.091195942541816],[128.57898014273994,35.091178160381396],[128.57895561384206,35.09116469833377],[128.57892556114513,35.09115114509994],[128.5783947644732,35.09092947815359],[128.57830213580624,35.090900788396134],[128.57811017861357,35.090843686176754],[128.5777927174005,35.09075400759568],[128.57755550761715,35.09069166081858],[128.57744203526315,35.09066220685793],[128.57728279849138,35.09062528957081],[128.57709457254583,35.090595410888916],[128.57703337167263,35.09058869062976],[128.57694536918865,35.09058836505332],[128.57435898517917,35.09105688281504],[128.57284497287827,35.091448850820946],[128.5726692614884,35.09160579005832],[128.57263938371233,35.091632013361895],[128.57257538585804,35.09167777507785],[128.57108635246001,35.092677959134605],[128.57088337661685,35.09277756233361],[128.57020832436632,35.09307922762035],[128.5695789545038,35.09328460599805],[128.56947337171275,35.09330858397287],[128.56942740601144,35.09331787631645],[128.56938217441134,35.093326982206584],[128.56934548625097,35.09333415312906],[128.56929286917364,35.09334439453658],[128.56898969253547,35.09339518150069],[128.5689551859581,35.09340041293499],[128.56891275493612,35.09340652707706],[128.56884614902503,35.09341581735948],[128.5688106905676,35.09342071208146],[128.56870562944044,35.09343328230283],[128.56578666783727,35.09378083071637],[128.56568655928206,35.09378994488567],[128.56566313091096,35.09379066318252],[128.56486247659544,35.09379565297964],[128.56477716359376,35.093794238324435],[128.56471456095707,35.093792706722894],[128.56326316174074,35.09393191161591],[128.55833245907058,35.09478669444524],[128.55686025461387,35.09562798942089],[128.55055439878106,35.09673038066876],[128.55053001311987,35.096733181879515],[128.5504595087015,35.09674066324263],[128.55042860806492,35.096743756978476],[128.55036374455474,35.0967483204859],[128.55017300130595,35.096759168536074],[128.55014710470567,35.09675949521866],[128.55011459762164,35.09675966342067],[128.54986105958585,35.0967599583589],[128.54984443450405,35.096759292774074],[128.54882758695882,35.09671309506547],[128.54880265454597,35.09671001806792],[128.54862855836393,35.09666688920348],[128.54855666507578,35.09664163620364],[128.54853151576066,35.09662987940176],[128.54850993652423,35.096617260704434],[128.5484676436943,35.096582123438004],[128.5484436195347,35.096559344019475],[128.54842143084042,35.09652997710515],[128.54829962367089,35.09636210442154],[128.54816081285915,35.09607206978615],[128.54811499971836,35.09590791672181],[128.54811208426491,35.09589013014739],[128.5481117986727,35.0958775991557],[128.5481147420694,35.09586497365773],[128.54812011557598,35.09584937347205],[128.54812981846268,35.09582799360193],[128.5481477886274,35.09580721147169],[128.54824467571885,35.095712677187564],[128.5483046333497,35.09565488920559],[128.54833222181907,35.09562616666607],[128.5483537245661,35.09560218014424],[128.5483684282422,35.09558317355901],[128.5483832794211,35.09556287459702],[128.54839412682864,35.09554465367086],[128.54840362127476,35.095521540907065],[128.54841027400445,35.09549890674754],[128.54865336157852,35.09445449521184],[128.5486678541426,35.09438989412432],[128.54869437926234,35.094249408669214],[128.54869249396566,35.09423342931893],[128.54862036492287,35.09401466199892],[128.54860970257872,35.09399507237653],[128.5483306699977,35.09361598357312],[128.54797499039165,35.09315040406662],[128.54795658702918,35.093128549497536],[128.5477932831434,35.09301150330578],[128.54768195984175,35.09294587461422],[128.5473078036245,35.09274111350875],[128.54730595544265,35.09274016087328],[128.54730207362854,35.09273841460174],[128.54729996358063,35.09273761447132],[128.54729774778914,35.09273697540355],[128.5472877381581,35.092734565519756],[128.5472824138865,35.09273359117821],[128.5472795752612,35.09273325687565],[128.54726356008157,35.09273220482454],[128.54726081709842,35.092732176235394],[128.54724711807702,35.09273259560005],[128.547234984591,35.09273359470849],[128.5472173035695,35.092735953194946],[128.54707409395476,35.09276123227071],[128.54705070970525,35.09276607634726],[128.54704670843012,35.09276718902054],[128.5467448922582,35.09285927949367],[128.54665607097152,35.092889556692704],[128.54647793775078,35.092957475944324],[128.54647385917576,35.09295903834437],[128.5464642633167,35.092963229465134],[128.54646227282592,35.0929642400112],[128.54641556588604,35.092989924709585],[128.54641404612525,35.09299114582512],[128.5464127011354,35.09299236763358],[128.5463921061012,35.09301234445556],[128.54637576320607,35.093030455792544],[128.54630188799868,35.09311843193527],[128.54630090414545,35.09311972437165],[128.5462993103544,35.09312222676841],[128.54629861092695,35.09312366479197],[128.54625055929895,35.09324002973081],[128.54622303458368,35.09332065392664],[128.54622236070966,35.09332351601201],[128.54621970175592,35.09334023630594],[128.5454750707106,35.098234361834145],[128.54547451927434,35.098238794080615],[128.5454728650058,35.09826803859295],[128.54547299552638,35.09827427557941],[128.5454737736603,35.098280571370964],[128.54547447788582,35.098284015383946],[128.54547616577273,35.09829007989178],[128.54548044301265,35.09830195788282],[128.545483130038,35.098308078714496],[128.5454847456767,35.098311211629905],[128.54548825462442,35.0983170925793],[128.54549221472874,35.098322750051985],[128.545494556962,35.098325571812516],[128.54550896109959,35.09834075972297],[128.54612602858853,35.09891647966879],[128.54691869913282,35.09908681701759],[128.54701028121664,35.09909985232058],[128.54722094366318,35.09910379264123],[128.5472447196125,35.09910419868782],[128.54726611775965,35.099100212639975],[128.54727940474436,35.099093410671934],[128.54730046707402,35.09908259283994],[128.54734116685515,35.09907080956349],[128.54739620731922,35.09907178199663],[128.54744661572184,35.099077241727535],[128.54746052671211,35.099080432384746],[128.5474793456117,35.09908651339956],[128.54749801813884,35.0990953903053],[128.54751679856483,35.09910448310999],[128.5475357850481,35.09911607322753],[128.54755018007268,35.09912710589668],[128.54756552629644,35.09914046598995],[128.54757876677817,35.09915384647844],[128.54760156204858,35.09918071029393],[128.54788877101524,35.099565230278884],[128.54790130382446,35.09959378643136],[128.54790791504405,35.09961847314237],[128.5479867030945,35.10018857710445],[128.54797913618555,35.10041701781784],[128.5477342031664,35.10076522744997],[128.5476055264389,35.10092286342764],[128.5475933474175,35.10093568098374],[128.54758063269242,35.10094023045156],[128.5466682385102,35.10121619804017],[128.54664362127858,35.10122106315514],[128.54656491446104,35.101231982284546],[128.5440788200939,35.10135678183183],[128.54406765580651,35.101356640235885],[128.54405225967997,35.10135626596798],[128.54403441287727,35.10135260360591],[128.54387523196723,35.10130838746946],[128.54385530904204,35.1013014519213],[128.54383960648394,35.101295057337865],[128.54382423328343,35.10127856832183],[128.54328881406312,35.101128396733635],[128.54220415766625,35.1010174372557],[128.54172136952636,35.10103769085966],[128.54157234822668,35.10111438008431],[128.5414518874175,35.101282836886845],[128.54143173398506,35.10147530730875],[128.54149220374262,35.101550574134734],[128.5416047906048,35.10169065804479],[128.5417939929327,35.10192363641497],[128.54402021486845,35.10420744833752],[128.54402844096992,35.104215149947734],[128.5440443131012,35.10422907224352],[128.54405874896068,35.10423639236736],[128.54433356472916,35.1043433623832],[128.54445740012414,35.10438763362565],[128.54463684118986,35.10442854399688],[128.54472649155798,35.10444095041082],[128.54482243263396,35.104448296094425],[128.5449238477068,35.10444593604699],[128.54498754004686,35.104443814697056],[128.54570585079315,35.10440907329654],[128.545863900423,35.10434824777551],[128.54593786072212,35.104329866695096],[128.54630969510612,35.104254067489244],[128.54688466688964,35.10413710264031],[128.54699080355292,35.10411569409602],[128.54707068090312,35.104108223998374],[128.5471142176958,35.104105636678696],[128.54718747311125,35.104105642287394],[128.5472546138754,35.10411068730764],[128.54729616524915,35.10411806061933],[128.5473364893274,35.104136601014346],[128.54737944571184,35.10415795125315],[128.5478840222852,35.10459104441509],[128.54790677204127,35.104614536595605],[128.54842387971695,35.105348025068245],[128.54851744828446,35.105642756565345],[128.54877711487055,35.10700335859601],[128.54878441103915,35.10706873361844],[128.54878374989167,35.10713688460679],[128.54877971476145,35.107216377018844],[128.54877004850394,35.10730259266941],[128.54875440274665,35.107349052327976],[128.54872418484373,35.10741861473809],[128.54872141226033,35.107424050765594],[128.54840046875054,35.10787021749733],[128.54818483481677,35.10811734171579],[128.54767059053924,35.108687019751734],[128.54747575850126,35.1088962096241],[128.5474131403105,35.108955428474026],[128.54732340671794,35.10903010506836],[128.54722681839758,35.10909111919792],[128.5454697897929,35.11009194484235],[128.54473772497994,35.11045036282195],[128.54470716138118,35.11046307492485],[128.54443104831236,35.110546242534426],[128.54412900819403,35.11062081145778],[128.54386787249567,35.11067546060438],[128.5436952743255,35.1106994364769],[128.5435886157659,35.11071027466275],[128.5435141672048,35.11071133770728],[128.54346986661432,35.110710404311455],[128.54296888253887,35.1106253688409],[128.54288978758183,35.11060725691669],[128.54282660716947,35.110585178763],[128.54273715529385,35.110548067303505],[128.54199222310888,35.10978263415857],[128.54194560478797,35.10972201319617],[128.5419058567678,35.109660777318574],[128.541882807604,35.10961253176052],[128.54187218141882,35.10956115035027],[128.541871173328,35.10953330410918],[128.5418706898631,35.109500319787735],[128.5418752565956,35.109464112194956],[128.54188083844005,35.109429205685856],[128.5418864233306,35.10939953728583],[128.54189098040763,35.109379093162296],[128.54189502736816,35.10936324325836],[128.54191198135769,35.109301474867365],[128.54193041636185,35.10924293854792],[128.54194758344283,35.109190075021615],[128.54196070113937,35.109145347304725],[128.54197043994884,35.109107921373486],[128.54197746183493,35.10907697703541],[128.54198210012305,35.10904934201787],[128.54198472136684,35.10902182395007],[128.54199430099592,35.10882311289498],[128.54199447861458,35.10879134739449],[128.54199194692382,35.10876955367933],[128.54198486026803,35.108732589922],[128.54197470594292,35.10869086127315],[128.54196297347107,35.10865479047563],[128.54194818641355,35.108620085460416],[128.54192890304884,35.108582497886204],[128.5417712008225,35.10828924307443],[128.54171000980975,35.10824981920741],[128.54146366332995,35.10811271918726],[128.54144966979067,35.10810624964079],[128.53856875059145,35.1067918274651],[128.5382389404237,35.10675478767446],[128.53731630418628,35.10743426515386],[128.53687958148996,35.107776998011154],[128.53638029942024,35.108422454435164],[128.53623061135647,35.10861605111723],[128.53620409856964,35.108653446644716],[128.53620119718323,35.108657770705285],[128.53611842773026,35.10884581076199],[128.535921639572,35.10960340490426],[128.535921023158,35.109605817910904],[128.5359210500713,35.10960709777242],[128.53592192287556,35.109616053155364],[128.53593193946173,35.109684809068895],[128.53593280384618,35.109689077275426],[128.53593713282805,35.109699440059664],[128.53598556360475,35.10980148740469],[128.53599091211456,35.10980985474489],[128.53599641558415,35.10981623128038],[128.5367120129573,35.1104695495419],[128.53677579914793,35.1104923174958],[128.53690429229204,35.110492053272345],[128.53695177796075,35.110491665221815],[128.53699534366854,35.11049021771231],[128.53703315634274,35.11048797353329],[128.53710572776635,35.11048216788862],[128.53713672484616,35.11047846415238],[128.53714655250093,35.11047656394285],[128.53715167282976,35.110475050173626],[128.53715443231422,35.11047374427022],[128.53717616740846,35.110463147512455],[128.53731885901368,35.110384425945874],[128.53733230901273,35.11037622084512],[128.53734863486696,35.110361888960284],[128.53737449350774,35.110335921100145],[128.5374016801817,35.11030551273138],[128.53741165641762,35.11029298581185],[128.53741780467968,35.1102844375918],[128.5374220338631,35.11027787326183],[128.53743639046345,35.11025433011553],[128.53744561940317,35.11023621262975],[128.5374515074607,35.11021923597433],[128.53751565293,35.10997446580881],[128.53751743819683,35.109959654082736],[128.537516847557,35.10994164155152],[128.53751297295014,35.10991884990698],[128.53750488984892,35.10988972244474],[128.53749501846767,35.109860427024444],[128.53748581560137,35.109837164764116],[128.5374779664172,35.10981697997639],[128.53747214555005,35.10979698420563],[128.53746784512822,35.109773831327885],[128.53746454452295,35.10974422540912],[128.5374623178718,35.109711426580446],[128.53744929566767,35.10935490657393],[128.5374501662518,35.10933651390718],[128.53745281065605,35.109318522666506],[128.53745680496095,35.10930278342176],[128.5374617423238,35.109291120180345],[128.53748685840017,35.10925441435821],[128.5375099283663,35.10922504556871],[128.53753972563658,35.109191078887],[128.53818657875263,35.108494676996585],[128.53819916496983,35.10848207922824],[128.53821050911412,35.10847193010402],[128.53847557832358,35.10824603099802],[128.53848509627613,35.108238746604655],[128.53849496685254,35.1082332323859],[128.538509921938,35.10822677259866],[128.53853633861482,35.10822444177719],[128.5389317625554,35.108200011654],[128.53894486010662,35.108199748054574],[128.5389624153307,35.10820244505126],[128.538991487525,35.108209622162505],[128.53902958243125,35.10822125893364],[128.5390741992433,35.108237346523985],[128.53911536713008,35.108254547832914],[128.53912960728076,35.10826146406344],[128.53913786449903,35.10826608052712],[128.53914312095958,35.1082695537915],[128.53916137982995,35.108282044085],[128.53917410327296,35.10829171785894],[128.54081704293935,35.10989938468695],[128.54083808233352,35.10992318839796],[128.5408540209949,35.10994629844837],[128.54086406709595,35.10996401127978],[128.5408665827464,35.109968921825036],[128.54086743001668,35.10997098107621],[128.5408674468674,35.10997162152723],[128.540867295504,35.10997699304433],[128.5408669915738,35.10998242750955],[128.54086550370695,35.10998950555007],[128.54052846403607,35.110614320209265],[128.54051520420046,35.11062998058528],[128.54044131412167,35.11071417680027],[128.54017996936113,35.11093889411649],[128.5401687084238,35.110941473883045],[128.53980628149685,35.11097064584631],[128.539745831202,35.11097475095189],[128.53970948127525,35.110976219009814],[128.53968721753233,35.110975709940625],[128.53888690694117,35.113210755985854],[128.538809997374,35.113425787350366],[128.5386816889234,35.11391791821947],[128.5386318101962,35.11419473285187],[128.5386276597059,35.114230303852686],[128.538608115645,35.114453190500576],[128.53864078605102,35.114550560627904],[128.5387758559749,35.11479698169934],[128.5387913259576,35.11482376568131],[128.53880868522558,35.11485016969468],[128.53882516338007,35.11487300845193],[128.53883801756479,35.11488910358546],[128.5388490580902,35.11490182692141],[128.5388711972431,35.11492662644304],[128.5388934974133,35.11495012742977],[128.5389130974818,35.11496980743315],[128.53892718558197,35.114983119919714],[128.53924758240586,35.11526985078439],[128.5399780370721,35.115882546981126],[128.54036851794874,35.116202369056005],[128.5403897047206,35.11621952124089],[128.5404111829002,35.1162347805046],[128.5404302045502,35.11624684246604],[128.54044396043818,35.116254375754984],[128.54045508881256,35.11625964548726],[128.54049908868637,35.1162789924943],[128.5410726019301,35.11809366625528],[128.53788600622798,35.120615550291994],[128.53771760607086,35.12069526479577],[128.53770094714878,35.120691833525655],[128.5371132033018,35.120543644337324],[128.53587586681354,35.119618037010184],[128.5358743180901,35.11961617468992],[128.53587340002434,35.11961354806157],[128.53529665066608,35.117135538730814],[128.53503188750074,35.117198935540024],[128.53499723598,35.117205806348935],[128.53495833070497,35.117209027845476],[128.53493379267627,35.11720671626391],[128.53459583232808,35.1171684185025],[128.53356156701463,35.11593736426162],[128.53356025958306,35.115933914873246],[128.53356310338978,35.11591582681788],[128.5335686028395,35.1159076013219],[128.5337260217548,35.11581054595882],[128.5339357122593,35.115682757109056],[128.53431220483662,35.11545862861633],[128.53319568339066,35.113016191983796],[128.53181340122393,35.11193199190718],[128.53074264698535,35.1106613830729],[128.53073377609937,35.10893675552165],[128.5307418714583,35.108913551465015],[128.5307683498867,35.1087970624438],[128.53076973532396,35.10878507965272],[128.53040266609912,35.10734511838454],[128.53039858719552,35.10733364763101],[128.53036356274052,35.10726893082786],[128.5302351251494,35.10708856518582],[128.530192844179,35.10704796649968],[128.5275924487054,35.10471842547707],[128.5274174210336,35.10458498351162],[128.52697548713127,35.10442417013935],[128.5269709063068,35.10442356669812],[128.52665723282803,35.1044134182692],[128.5258536142358,35.104698315541384],[128.52567789714894,35.104784581935384],[128.52548847564398,35.10492113477451],[128.52534119323178,35.10522379429129],[128.5247973480111,35.105803272969666],[128.52245903932553,35.10577556265983],[128.52199707796427,35.10576388078772],[128.521644930208,35.105699874225245],[128.5210331441971,35.10552848133185],[128.5202301102634,35.10530030103864],[128.52019167042573,35.105288503822045],[128.52015382191422,35.105274716534716],[128.5200550269875,35.105219270515754],[128.51998707445622,35.10518073831887],[128.5199577858434,35.1051610271631],[128.51993862044932,35.105146492643435],[128.51983977899698,35.105039227218704],[128.51982834329624,35.10501964871122],[128.51981407572177,35.10304837918281],[128.51971992333398,35.10104418096678],[128.51960641793056,35.10007218430296],[128.51960119928458,35.10003442464517],[128.5195943870406,35.0999938270671],[128.519586705955,35.09995707598197],[128.51957738100742,35.09992011858432],[128.51955222834238,35.099821635617495],[128.51950834037416,35.09968824074881],[128.51950108625644,35.099674159610686],[128.51941831035919,35.09951968176463],[128.51928717556504,35.099289315965535],[128.51894103290084,35.098756953526674],[128.51892349945433,35.09873566616006],[128.51805683965853,35.098077252375106],[128.51802399884843,35.098055426398794],[128.51798719493584,35.09803266453796],[128.5179557194059,35.09801610706332],[128.51791228183623,35.09799687298894],[128.51787406194305,35.097983233899875],[128.51783598143643,35.097972834594636],[128.51779439941888,35.097967820605355],[128.51775258292054,35.09796581454029],[128.51770960464913,35.09796548134799],[128.51763257124847,35.09796705090588],[128.51759008369126,35.097968971056694],[128.51755621442032,35.09797133507865],[128.51293993911722,35.09866544641272],[128.51292006168418,35.09867378507943],[128.51289437939377,35.098686147366436],[128.51287812524518,35.09869934995095],[128.51284985947197,35.09872903548355],[128.51276826115392,35.098825206563674],[128.5127464379348,35.09885792897605],[128.51273237019015,35.09887969421837],[128.5127184396529,35.09890551543848],[128.5127088906974,35.098929128954595],[128.51270366108108,35.09895497710268],[128.51269895361216,35.09897907905453],[128.51269668514863,35.098998810174365],[128.51264930700253,35.09974882752095],[128.5075753346886,35.09895835050495],[128.5073931837137,35.09879320278489],[128.50699548492938,35.09847779660232],[128.50696867672656,35.098458786437504],[128.50694418255486,35.098446346303184],[128.50692448266628,35.09843796584936],[128.5068198668544,35.09840831818194],[128.50660463730588,35.098361968011375],[128.5065720291412,35.09835540073891],[128.50653411664914,35.0983500183572],[128.50650272318893,35.09834660930572],[128.50647197374477,35.09834438474115],[128.5064388499033,35.09834315068506],[128.5064125300115,35.09834266363891],[128.5063907243932,35.09834323429593],[128.50633598680972,35.09834685039034],[128.50629995306326,35.09835130953393],[128.5062798836983,35.09835503243309],[128.5057911536811,35.09852282994582],[128.49905682851306,35.102301035853124],[128.49856618178168,35.102716597360974],[128.4959032990525,35.10669741827808],[128.495885171382,35.106722011784036],[128.49586413543284,35.10674117583186],[128.49584347826462,35.106752500982594],[128.49577681664988,35.106780463370455],[128.49567750689081,35.10681431178691],[128.49544363346203,35.10688824983628],[128.4953211279354,35.10691260020152],[128.49419887476495,35.107090780760046],[128.48434018666623,35.10850784705856],[128.4843204280317,35.10850662614078],[128.48426898299533,35.10845126381699],[128.48411291902866,35.1081975441539],[128.48411910506965,35.108166282857766],[128.4842112828724,35.10807439431375],[128.48497382595795,35.10742844630634],[128.48580215043347,35.106778299373595],[128.48630493706113,35.10637185515609],[128.48648380288202,35.10622626917774],[128.4865778620293,35.10611023097539],[128.48660341384317,35.10603533645932],[128.48661658581784,35.10594440112129],[128.48548669013675,35.101707448488675],[128.48547563987483,35.10168723778074],[128.48336027438242,35.10039271945866],[128.48132151591776,35.09961479821123],[128.4811712993874,35.102031870539236],[128.4811362329923,35.102222655407054],[128.48109875275452,35.10241889994662],[128.4810948526834,35.10243019540196],[128.48108660918209,35.102438308696335],[128.48107504301512,35.102446217735114],[128.48104164332676,35.102469022964506],[128.48103043651057,35.10247540188619],[128.48102035574064,35.10247744929211],[128.47981335204452,35.10238802712245],[128.4797617564279,35.10238312779884],[128.47971682657985,35.102377267616674],[128.4796763381773,35.102367898303676],[128.4796593406371,35.102360732045184],[128.47964886396383,35.1023544310637],[128.47964272436957,35.10234658874186],[128.4796367738777,35.102330484225476],[128.47961000440242,35.1021452042828],[128.47960119557965,35.10204540340051],[128.4796028385918,35.101971435419834],[128.47952511854325,35.10073292806913],[128.4792330713931,35.10034666832694],[128.47787494083377,35.09950643387003],[128.47101902986904,35.09819376270405],[128.4709147335108,35.09817477512643],[128.4708924625279,35.098174299120785],[128.47064471890445,35.09821217527428],[128.46809212546322,35.099004408407055],[128.46807226297807,35.0990135062685],[128.46751692979132,35.09948541630072],[128.46537151573918,35.101348972577185],[128.46531851661032,35.101398204153796],[128.46528661606132,35.10144797160584],[128.46526532099006,35.101509845300164],[128.46525538356804,35.10159349266782],[128.46522670527085,35.102052316359035],[128.4639820527357,35.10264881828772],[128.45965775092483,35.10583137770482],[128.4589549559826,35.10615044272623],[128.45142019381854,35.10427236740859],[128.45160753974127,35.10415293641013],[128.45255591397276,35.10315709781865],[128.452563158783,35.10314284472749],[128.45256738202215,35.10312180044858],[128.4525611346187,35.103096531989074],[128.45249422930326,35.102985201586584],[128.45111207200563,35.10106647659144],[128.4508596258112,35.10073177781316],[128.45083097347936,35.10070486938369],[128.450791305791,35.10069420659468],[128.44887071180733,35.100606860505316],[128.4473351212877,35.0983006622251],[128.44723732329845,35.09782970361224],[128.44839381548607,35.09619172013775],[128.44847720822554,35.0960924176198],[128.4485450857736,35.09603330055304],[128.452047535318,35.0936934073708],[128.45504061451157,35.091743599660234],[128.46069404966553,35.08955456885428],[128.46077215551887,35.08944557411649],[128.46078639953456,35.089435845595276],[128.460797513439,35.08943503107037],[128.4608081586506,35.08943724221036],[128.4608219041207,35.089444720362195],[128.46083245445485,35.08945157222204],[128.46084490099744,35.08945979427618],[128.46107770385126,35.08964614618116]]]]},"properties":{"name":"창원시마산합포구","base_year":"2018","name_eng":"Masanhappogu","code":"38113"}},{"type":"Feature","geometry":{"type":"MultiPolygon","coordinates":[[[[128.57327067146647,35.27093390709901],[128.57416949288177,35.270376007472954],[128.5745487143529,35.2701377867931],[128.57524612820305,35.26970437044384],[128.57581206950778,35.26955229028945],[128.5761496357346,35.2694617936134],[128.57669974553176,35.26931444701141],[128.5776883654045,35.26906160208113],[128.58018847798854,35.26971504992928],[128.58608951306567,35.272094469847495],[128.58688144875353,35.27093250672278],[128.58619932095576,35.26923418784015],[128.5861318437718,35.269190430461514],[128.5860038604205,35.26910719946343],[128.5858147469407,35.26854824412006],[128.58555601463047,35.267729262358614],[128.5854259429566,35.26725684145294],[128.58520643243415,35.266282307312046],[128.58498796808215,35.26492038376364],[128.584988971856,35.26484841058513],[128.58499017924137,35.264769111872155],[128.5849907710528,35.26474671499444],[128.58501706818194,35.26463344101953],[128.58504957860717,35.264504161281565],[128.58505755638149,35.26447308559533],[128.58508013279135,35.264433495346196],[128.58512795950662,35.264349790305246],[128.5851898024149,35.26424590462854],[128.58542718370217,35.26395116969725],[128.58543236534274,35.26394485117004],[128.58545594848937,35.26392507557997],[128.58550755674833,35.263881957507024],[128.5879993643988,35.26188484887903],[128.5880723829987,35.26183517819373],[128.58817354030583,35.26176646248191],[128.58823443069244,35.26173679718591],[128.58832425260871,35.26172043379431],[128.5883302465745,35.26171934471776],[128.58844875334566,35.26170455908085],[128.58959941468305,35.260949187970986],[128.58974337073082,35.26088626950441],[128.58974922218755,35.26088371337795],[128.58974925290812,35.2608837026451],[128.58983617551027,35.26085996019819],[128.59139758692825,35.260584144881356],[128.59266579008673,35.26037351310041],[128.59293957304925,35.26032724384691],[128.59457239693964,35.259711834109325],[128.5964857331347,35.258953488572494],[128.5993108886288,35.256212292195386],[128.6003123203992,35.255363879561784],[128.60261729143437,35.25269518357936],[128.60265547090023,35.252297018785704],[128.60265861105714,35.252264303144045],[128.60268933966358,35.25205797091687],[128.6027036189412,35.251969407070064],[128.602706099166,35.251954344670594],[128.60272053784178,35.251898159315544],[128.60273398899068,35.25184846577162],[128.6027425317,35.251818074436905],[128.60276243990344,35.25174810700192],[128.60281021838736,35.25159356880711],[128.60282787619914,35.25155043694483],[128.60286469737318,35.25146076619379],[128.60286756330962,35.25145466835062],[128.60305576750724,35.25107310342193],[128.6032253937133,35.25076063397965],[128.60323963902516,35.25073453266985],[128.60331955189136,35.25062560763865],[128.60347416569266,35.250421919652254],[128.60379828648126,35.25003939578865],[128.6042425328769,35.249358435489206],[128.60292441055967,35.2490908785158],[128.602013611053,35.24564479624554],[128.60393695914198,35.24375757964641],[128.60595249536257,35.24302736445321],[128.61043091079023,35.239873318453604],[128.61260104975534,35.23901897907922],[128.61577860254732,35.23540821487029],[128.61593685830016,35.234421800582],[128.61445792153776,35.23222718502927],[128.61457062347407,35.23048223841147],[128.61441852529933,35.227688353944636],[128.61332448972612,35.226569368669225],[128.6120172009816,35.22540898104436],[128.6117875377916,35.22523207097715],[128.61175345784676,35.225036096100794],[128.6116644978691,35.224286724763964],[128.61184780677806,35.22230693568651],[128.61355521457506,35.221333834006046],[128.61739592526948,35.21918375566078],[128.61844322414296,35.218831670006395],[128.61909984366244,35.21909622184295],[128.6191002063371,35.21909748258791],[128.61912641102987,35.21920698074707],[128.61929666340063,35.219916803620045],[128.6200552125291,35.220077047650555],[128.62218085192467,35.22008860099705],[128.6248246559073,35.21946046788258],[128.62694291824388,35.21710577599131],[128.6230282407777,35.216087158502795],[128.61873366463558,35.213539624982545],[128.6184664589184,35.21328153769544],[128.61804522740982,35.21294012711347],[128.61786535815256,35.21284077083058],[128.6177304481395,35.21277968326192],[128.6176016400671,35.21272889029479],[128.61741391237737,35.21266610241103],[128.61712710068872,35.21260786791262],[128.61703347729423,35.212595131055046],[128.61695277520374,35.21259126999136],[128.61686072876182,35.21259359298771],[128.6162387586107,35.21271437683202],[128.61547673848804,35.2128626556704],[128.61534542683842,35.212897632460496],[128.61534536132703,35.21289764737254],[128.61323654291442,35.21331442825739],[128.61297484046833,35.21333891748258],[128.61279719564084,35.21334772956013],[128.6126792577889,35.21335105508523],[128.6125758878908,35.21335333802308],[128.61060810648286,35.21336952556291],[128.60974082571005,35.21337257388729],[128.60950415498266,35.21336434367015],[128.60929777001618,35.21334518115295],[128.60908366201522,35.21331313819886],[128.60888918829104,35.21327723938646],[128.60868514840587,35.21323206901198],[128.60850113506183,35.21317914076968],[128.6083495490925,35.21312921017075],[128.60819513536617,35.21306959750082],[128.60523011920284,35.21187598598294],[128.60335891177334,35.211139899360525],[128.60208344038784,35.210850392918296],[128.60106530375225,35.2108519101328],[128.60000000596392,35.210849008824574],[128.59993358490024,35.21084882424828],[128.59784824427635,35.21083528240215],[128.59710494482596,35.21082280648478],[128.59370635513562,35.21069251947649],[128.59363151877912,35.210666135360505],[128.5935939186788,35.21064360173613],[128.59357899270427,35.210615582888835],[128.5935732739413,35.20989818410744],[128.58876841058932,35.209743189315994],[128.58829350587735,35.209736401008804],[128.5876520600036,35.20973441683131],[128.5876223843959,35.20984943735182],[128.58760928102365,35.21005197739045],[128.58761415262208,35.210352483331064],[128.5876158989266,35.21041966658105],[128.58770958983953,35.21059577520378],[128.58777900917707,35.21072025100336],[128.5877829201045,35.21072932049383],[128.58834605826982,35.21203488894116],[128.5883859515202,35.21214051138144],[128.58864053358067,35.212798942354304],[128.5889821465951,35.21366794218389],[128.5889964704625,35.2136851448114],[128.58900919983554,35.21369567914859],[128.5905041687498,35.214685133024815],[128.5905169725228,35.21469859647324],[128.59048449003066,35.21575256576049],[128.59038301294487,35.21863572949985],[128.59020965908434,35.21935690666687],[128.59004495865577,35.220016640260496],[128.58976202035888,35.21926636799955],[128.5897198084905,35.21917081878368],[128.58968997344206,35.21911523903268],[128.58949522218145,35.219017611123014],[128.58928450757446,35.219103937008626],[128.589107508075,35.21924724993514],[128.58860794752397,35.219654052112084],[128.587676684206,35.2204391803015],[128.5857473703846,35.2218442905039],[128.5854698640491,35.222009382347224],[128.58473721480462,35.22241161840039],[128.58291248222181,35.2208427737375],[128.58179349948168,35.220100205814255],[128.58133795692072,35.21992321980764],[128.58088351920344,35.21982941031246],[128.57920400498747,35.220150070068094],[128.57737367641388,35.21650186398441],[128.57688378013296,35.2149463724459],[128.57673597718772,35.21478636768387],[128.5766969435212,35.21483483613888],[128.57664133323837,35.21490307947694],[128.57631549611617,35.21512347721538],[128.57618715175718,35.21518625559894],[128.5758352932743,35.21532853034712],[128.57100232198061,35.21651796586683],[128.57081329354958,35.216469136614144],[128.57057924388508,35.21639858530845],[128.56985231494602,35.21612010162975],[128.5659906585608,35.216789042407264],[128.56553982697702,35.21581881061402],[128.56526162742654,35.215606369752315],[128.56440751642256,35.21583242716013],[128.56443109662044,35.21677947616011],[128.56273640913275,35.216291244590934],[128.55929305882555,35.21599214560994],[128.55912918264715,35.21612133022334],[128.55894874843614,35.21595902827704],[128.55808951283913,35.21501050378429],[128.55793186480588,35.21474585934596],[128.5577453465479,35.214428023863036],[128.55772719503736,35.214261768238664],[128.55769234720415,35.21417080491514],[128.55750978172878,35.21391424563017],[128.5570663242727,35.21376177979408],[128.55147274224328,35.21215801220696],[128.55083351404238,35.21209817383068],[128.54885815110777,35.21257020164344],[128.548359423783,35.213227439593176],[128.54412912243362,35.21427976402387],[128.54372177239176,35.214118373971964],[128.542630748493,35.21368287367644],[128.54109386752518,35.212828233974385],[128.54012014521876,35.21162293235914],[128.53620566344165,35.20959009073076],[128.53623544456056,35.20897221970906],[128.53634814307955,35.2068111385483],[128.53905215140242,35.205072896393716],[128.53920028557576,35.20442816726742],[128.53848890694556,35.20397153498827],[128.53807699469493,35.20030474684154],[128.5379446984817,35.199098556083484],[128.539024201942,35.195956873420045],[128.54056996245566,35.19226332491412],[128.54113832358541,35.191050794312076],[128.54020140925712,35.18996734213342],[128.53756587592684,35.189647549927074],[128.52873809287297,35.186370981744176],[128.52886500220583,35.185192838248504],[128.5279736020457,35.18419492612309],[128.52723827786338,35.183383376503876],[128.52719613155793,35.18334363332655],[128.5237966049236,35.180220792854634],[128.52245968988967,35.17919221037963],[128.5211849268347,35.17836271666554],[128.5196243830523,35.17765698690072],[128.51793871918247,35.17708510300861],[128.51541614273063,35.17732710574973],[128.5142657868395,35.177744138852866],[128.51323762792194,35.17811856486761],[128.51277558788956,35.17828006861296],[128.5113638252005,35.177746522687315],[128.51015266535003,35.17728812450116],[128.50863718434286,35.17729127075811],[128.50655185926905,35.178481943115834],[128.50312727383132,35.17743605481914],[128.50154648099308,35.17816608999981],[128.50103665084575,35.178424247673476],[128.4993463182886,35.17941224264434],[128.49774008904788,35.18071631913508],[128.49371416852802,35.18051826079156],[128.49147945191697,35.180400434736086],[128.49093915062468,35.179929172647654],[128.48856002252063,35.180056162605965],[128.48706359729445,35.18043189656332],[128.48491492284992,35.181601118399854],[128.48437340309485,35.182110596568485],[128.48373906921796,35.183597206328706],[128.4831380878025,35.18401347814087],[128.4820939371801,35.18457374960193],[128.48015734499413,35.185841392234806],[128.47992041164358,35.18611415346739],[128.47904519224542,35.188015440594405],[128.47988050425627,35.18884207960056],[128.48129560015886,35.19041198123308],[128.48174506752116,35.19103287297987],[128.4829655545354,35.19278416592545],[128.48327071481992,35.19322431649133],[128.48350520850258,35.19377020388593],[128.48378300550425,35.19457484475342],[128.48393389825458,35.195238539371864],[128.48528015768966,35.19762916838107],[128.48586941048953,35.19778025469244],[128.48640002294874,35.1978432140381],[128.4869752167465,35.1979118470541],[128.48844214822958,35.19914191446802],[128.4899963877422,35.20216036738144],[128.49014711138418,35.202641245757164],[128.49049035919418,35.204738860237974],[128.48997419630493,35.206905241808855],[128.4843990976566,35.211739764934926],[128.48429646443233,35.211824101082264],[128.48086060495672,35.21234370741263],[128.48006089084313,35.212350830126866],[128.47930445722193,35.21261993694967],[128.47916312017864,35.21306619065683],[128.47893119492807,35.213989769040346],[128.47875202268327,35.21514383020154],[128.47874292081266,35.216455934642475],[128.47705053091195,35.21853196243433],[128.4759980238187,35.219329018751196],[128.47557188684345,35.219703480687194],[128.47417253794438,35.22230041608079],[128.47418544198487,35.222334254624315],[128.47499206148595,35.22391820681773],[128.47533502882277,35.224679781330664],[128.47534554072712,35.22486050763197],[128.47506486351173,35.22641141902605],[128.47515300239724,35.23078339627349],[128.47579642800048,35.236859192445955],[128.4758436515506,35.23786804656801],[128.47534349213618,35.238870855691694],[128.47444449036377,35.24102393607467],[128.47480645026636,35.24284141294706],[128.47533479587204,35.2452668800817],[128.4760926470811,35.247595033306524],[128.47683559044478,35.24952554950233],[128.47848035273964,35.252511423097175],[128.47895452869494,35.25337071637414],[128.48145310583487,35.255630715711305],[128.48302026373767,35.25623428873489],[128.4837450346988,35.256361604194076],[128.4866042428947,35.257996336466356],[128.48789940740195,35.259214823853775],[128.48817774737313,35.25967455612049],[128.4883264375989,35.25992164494314],[128.48848629267553,35.26155597943365],[128.48845277946197,35.26180609571449],[128.4884092322649,35.262123069287945],[128.48925703852723,35.26418238957379],[128.489528247523,35.264826437716685],[128.49010196993197,35.26523135895628],[128.49089346450023,35.26585126367894],[128.49097930576326,35.266373557015264],[128.49091744967285,35.26813158601663],[128.49087776239313,35.26854433524217],[128.49080664418634,35.26860416941346],[128.49055744799833,35.26882746809108],[128.49053724060892,35.26884611248485],[128.49022118120155,35.26921600637508],[128.49021568044705,35.2695456763513],[128.49068142127587,35.273179847600275],[128.49072901637612,35.27350311533863],[128.4907433743422,35.273568941405294],[128.49099655105954,35.27386280457611],[128.4910134465124,35.27388019412821],[128.4910674626035,35.27391218466718],[128.49174127050708,35.273876786956635],[128.49445437522203,35.274277442113785],[128.49606700447097,35.27501595692212],[128.49624053538074,35.275307079556896],[128.49633618817387,35.27533507668446],[128.49717764724008,35.275563919224126],[128.4994025410984,35.27485844737101],[128.5037351521704,35.27374786037356],[128.50572886258962,35.2737656262052],[128.50655170931796,35.273526055607356],[128.50710914324662,35.273357644797336],[128.5084985088466,35.27088185152133],[128.50863023299695,35.27059621799478],[128.5085899580204,35.26993132534146],[128.50885224014357,35.269240055978884],[128.50896730618288,35.26909588843483],[128.50942643212224,35.26873709208563],[128.51018861976473,35.26855217138758],[128.51564118274294,35.26851038934223],[128.51687784172614,35.268639559762555],[128.51851859170864,35.26885061414265],[128.51908535383302,35.26898088938626],[128.5193137595997,35.26903728609151],[128.5195207690057,35.26913866591342],[128.51981201631858,35.2692826278938],[128.51998151788808,35.269367243682865],[128.5202441875169,35.26949602317402],[128.5206132067312,35.269672398103154],[128.52182622426088,35.27005830818584],[128.52447451771133,35.27035832786635],[128.52470626944682,35.27031178202173],[128.52514779252522,35.27022043104086],[128.52533851345981,35.26884410055725],[128.52748543065863,35.26857834542949],[128.52963495903072,35.268888128276046],[128.5321090942875,35.26737689874477],[128.53265244318087,35.26655559504825],[128.53315412113525,35.26625119458319],[128.53322368466735,35.266219210432546],[128.53327219783478,35.266202917534365],[128.5333470390366,35.26617814099345],[128.53505148335796,35.26668904138629],[128.53523643696766,35.266807351922445],[128.535352427004,35.268022763449515],[128.5355084104172,35.26903130144264],[128.5366433378131,35.27065256465569],[128.53688344006665,35.27091825491406],[128.53720095135847,35.27125014452478],[128.53768834548262,35.271758307781674],[128.538525085925,35.27186375834914],[128.5431398671871,35.271177871607975],[128.5434380881748,35.27100520676671],[128.5477986230926,35.272690642968726],[128.551816829551,35.274699690573826],[128.55547719646498,35.276514344617134],[128.55698215672658,35.27707715913799],[128.55829761061042,35.27705902528729],[128.5625207001836,35.275973112807364],[128.5682023457959,35.274058969997746],[128.5686637298405,35.2737809283408],[128.57241043726953,35.27146574140985],[128.57327067146647,35.27093390709901]]]]},"properties":{"name":"창원시마산회원구","base_year":"2018","name_eng":"Masanhoewongu","code":"38114"}},{"type":"Feature","geometry":{"type":"MultiPolygon","coordinates":[[[[128.6700896505161,35.06027369506205],[128.6723622426239,35.05762962491128],[128.6718757813328,35.05641678886245],[128.66993293814798,35.05588424058609],[128.66945255914408,35.056083507844434],[128.6692293568154,35.05646261593759],[128.66959823667594,35.05683225587238],[128.6699816460196,35.05730744988604],[128.6699140761352,35.05762754769503],[128.6697832542928,35.057861112489924],[128.66970972826147,35.0579710660984],[128.6690902757333,35.05842906761993],[128.6670758539726,35.0583273025421],[128.666438695556,35.058271643745],[128.66349230041448,35.059474455040586],[128.66654657740378,35.06085053822451],[128.6680610178645,35.06108879330292],[128.66867727381717,35.06104673387641],[128.66898617805828,35.060953081407995],[128.67003505242525,35.06031578370291],[128.6700896505161,35.06027369506205]]],[[[128.7716584649646,35.062384841386],[128.77218298638076,35.06157325194206],[128.7724990182795,35.06141784492425],[128.7736451654771,35.060870890745704],[128.77726680101924,35.05915482020528],[128.777971004409,35.058833060530866],[128.7779770316486,35.05883325127496],[128.77808322084547,35.05884552403002],[128.77816583997287,35.05885901476322],[128.7781804093694,35.05886255613107],[128.7782242649432,35.05886056513849],[128.7782468605336,35.05885573891492],[128.7784793376267,35.05874457228833],[128.77850109486604,35.05872568570356],[128.7785078141596,35.0587132566949],[128.7785124186277,35.05863232250759],[128.77851007215472,35.05860897258388],[128.77839605772894,35.05844913060372],[128.77838370470582,35.05843594890677],[128.778310761478,35.058412560487774],[128.77829234979725,35.05841099458539],[128.77787292211974,35.05853885308395],[128.77182430102386,35.061334543299644],[128.77173015229238,35.06141448898161],[128.77160800277744,35.06152965314453],[128.77159406320712,35.06154394990173],[128.77157998663995,35.0615646913443],[128.771575155601,35.06158269207206],[128.77144484024475,35.06210701654197],[128.77154331556213,35.06223007779843],[128.77155336950025,35.06222555435071],[128.77159328261337,35.062215136409165],[128.7716081992287,35.06221545274589],[128.77161764892244,35.06222319585383],[128.77162189052984,35.062235634490065],[128.7716584649646,35.062384841386]]],[[[128.7716584649646,35.062384841386],[128.77135322588106,35.062857125803134],[128.77168994083334,35.062528707954286],[128.77168807652694,35.062505647262995],[128.7716584649646,35.062384841386]]],[[[128.71051190990212,35.06629306824374],[128.7107861983864,35.066140516368776],[128.71083103929902,35.066180185749324],[128.71083934635533,35.06618410813409],[128.71085487945462,35.06618501849474],[128.71091531498462,35.06617968332114],[128.711400160996,35.065945382282884],[128.71140693321306,35.06593983607463],[128.71153940504456,35.0658167461509],[128.71183028270315,35.0655348306382],[128.71192811689025,35.06541308029383],[128.7119403921462,35.06539479279277],[128.71198339379183,35.06524089616068],[128.71198852224478,35.06521938358121],[128.71199196679146,35.06519068342243],[128.71199226008812,35.06516366080068],[128.71199091774895,35.06514005062824],[128.71198804997982,35.06511358846581],[128.71198465676397,35.06508730655999],[128.71198007399406,35.06506572482694],[128.7119748009531,35.06504684772322],[128.71196851918086,35.06503127389136],[128.71191382613347,35.064924261183585],[128.71185517480833,35.06484039317491],[128.71184363738638,35.06482626804566],[128.7118315900961,35.06481337690316],[128.71181804520995,35.06480544821574],[128.7115067459647,35.064635962888204],[128.7113307773146,35.0645623431196],[128.71130749959957,35.06455400472706],[128.71128480429488,35.06454843529181],[128.71126275972156,35.064544596203966],[128.71008326033328,35.06434683448938],[128.7097216320081,35.06428689405595],[128.70971744667034,35.06428626164478],[128.70971525388214,35.06428603256491],[128.70971077251028,35.06428584117141],[128.70970848032985,35.0642859526383],[128.70970005764644,35.06428683353192],[128.70969590994906,35.06428757272489],[128.70969383699273,35.064288116217675],[128.70956523216316,35.06432209693592],[128.70952335436732,35.06433462576732],[128.70952117802443,35.06433551149473],[128.70949435366356,35.064347949624654],[128.70948003502997,35.06435742441704],[128.70932277356948,35.06448407011726],[128.70931816508894,35.064488240265725],[128.70928833671826,35.064518608437794],[128.70928599220642,35.06452129872899],[128.70925369468856,35.064558978472654],[128.70912567930742,35.06471697866453],[128.70912374966744,35.064719661514474],[128.70911091645817,35.06474004666659],[128.70910941556087,35.064742981146814],[128.70909994278108,35.06476511367347],[128.70909905652402,35.06476778832236],[128.70908690282465,35.06481282822264],[128.70907629835972,35.06485716806242],[128.70906730655463,35.06490388302121],[128.7090671541589,35.064906802406334],[128.70906721903359,35.06490988527566],[128.70906748192394,35.06491296066761],[128.70907091554605,35.064934330540275],[128.70907179552285,35.06493672176998],[128.7091208210694,35.06506362575382],[128.70915323582602,35.065116704699996],[128.709376624976,35.065426732951686],[128.7093779130944,35.065428431642324],[128.7093794099133,35.06543012109749],[128.70938110150027,35.0654318097111],[128.70938290636838,35.065433418497435],[128.71011487730172,35.06602440440771],[128.7104558223291,35.06629654042061],[128.71046604936325,35.066302747911465],[128.71047859574344,35.066305149264046],[128.71049385530947,35.06630203946787],[128.71051190990212,35.06629306824374]]],[[[128.69845744811911,35.07767779262183],[128.69820711719538,35.07673921619798],[128.69813582223267,35.076499003117235],[128.6981353441903,35.07649748782134],[128.69813401875865,35.076494195068136],[128.69810227803725,35.07641667896153],[128.6975092250847,35.07517040307244],[128.69742660737992,35.07507889725134],[128.69742434455978,35.07507700828908],[128.69741371625682,35.075069050309025],[128.69719445871098,35.074907301761584],[128.69716405035666,35.07489041616662],[128.69716106217345,35.07488932573914],[128.69715808320748,35.07488840802516],[128.6969227218451,35.07482930482072],[128.6969194367082,35.074828736832615],[128.69691583006207,35.07482843122466],[128.6969084070936,35.07482826839805],[128.69690110491757,35.07482844668589],[128.69689359289302,35.07482896990199],[128.6968682324033,35.074831907485034],[128.69686400717774,35.07483265416391],[128.69684366282303,35.074837525633654],[128.69664954210455,35.0749168567304],[128.69663643798285,35.074923636266355],[128.69661485678068,35.0749361843914],[128.69660135945563,35.07494505631753],[128.69659843498053,35.07494727440006],[128.6965724786489,35.07496919383481],[128.69657040863572,35.07497165994053],[128.69656316923601,35.074981411732615],[128.69656101675304,35.07498483182876],[128.6965603078572,35.07498675948598],[128.69643201127525,35.075363868703114],[128.69643090165343,35.07536719045442],[128.69643052330105,35.075369199600864],[128.69643016898107,35.07537303836748],[128.6963898168761,35.075820773013916],[128.69638842379405,35.07587094080364],[128.69638361126223,35.076220461270815],[128.69479344606833,35.07711890992537],[128.6888293243899,35.07557424963773],[128.68882938568456,35.075572429634214],[128.6888291670958,35.075566913582975],[128.6888288024521,35.07556475819942],[128.68882592205384,35.07555235605451],[128.68882513976982,35.075550298872336],[128.68882348612078,35.07554668893645],[128.6888217344864,35.075543431073925],[128.6888206531809,35.075541896338045],[128.68881839357658,35.07553933962729],[128.68875175296682,35.0754757024092],[128.68841502279366,35.075358786935986],[128.68841091253168,35.07535823615899],[128.68834365665293,35.07535245690562],[128.68834008269118,35.075352419835255],[128.68786016188037,35.07535287167442],[128.68785450177356,35.075353560002114],[128.68766932873058,35.07538107101223],[128.68744793832374,35.07553926750304],[128.68744569795075,35.07554284019374],[128.6874439856613,35.07554640606232],[128.6874431878662,35.07554840443117],[128.68744260014753,35.07555039413891],[128.6874117794879,35.0756681233711],[128.68741173519,35.075670980036286],[128.6874118989848,35.07567382971083],[128.68741227233784,35.075676588729685],[128.68741341813003,35.07568114362806],[128.68745112494167,35.07580747825305],[128.68745283616687,35.075810537861],[128.68754550193842,35.07597578052425],[128.6875470274151,35.075978263549196],[128.68754885956017,35.07598056636347],[128.68755100052516,35.07598269885199],[128.68755336164696,35.075984732876066],[128.68755603006045,35.07598676829341],[128.68755900444202,35.075988713761575],[128.68796873878486,35.07623197522008],[128.68797171631684,35.07623339783014],[128.68797489018058,35.076234740919716],[128.68901431979657,35.076659728033626],[128.6903064584617,35.076974340080326],[128.69031015305032,35.076974980173866],[128.69066653263386,35.07703000826518],[128.69180015921933,35.07713750615346],[128.69186752571977,35.077143364932596],[128.69187205408676,35.07714356532199],[128.6919220519538,35.07714344921386],[128.6921800851643,35.07712776298472],[128.69495829731972,35.078595097220976],[128.6949664185457,35.07859900214968],[128.69496951792928,35.07860018178829],[128.69500094952355,35.078610320656004],[128.6950040265736,35.0786108868927],[128.69501283946468,35.078611999217145],[128.69535401309489,35.07863738365237],[128.69535581161253,35.07863736207055],[128.6963713199581,35.078573180597516],[128.6967310952985,35.07851710503868],[128.69751753114852,35.078493325786674],[128.69758811105947,35.07849051876775],[128.69786581680341,35.07846289852468],[128.69786897764791,35.07846241822872],[128.6978774159722,35.078460574906195],[128.6980196268619,35.07842543348386],[128.69802395091367,35.078424245520836],[128.69809162981758,35.07840214964497],[128.69833646809963,35.07829344951524],[128.69839782629265,35.078221809500484],[128.69839896208305,35.07822014287503],[128.69839976988325,35.07821838758552],[128.69840026987865,35.07821655058678],[128.6984379825397,35.0780181813948],[128.69845744811911,35.07767779262183]]],[[[128.7097365061585,35.08272256707775],[128.71034724609106,35.0821758689684],[128.71218053783141,35.08247527971385],[128.71223458839842,35.082477372137205],[128.71227531901224,35.08247581087894],[128.71231042675453,35.08247050468734],[128.71235879425322,35.082449129413845],[128.71242384619302,35.08240980498786],[128.71333597230017,35.08184187529531],[128.71366984226427,35.081609192742455],[128.71474193339606,35.08085850926279],[128.7147522972067,35.08084552768552],[128.7147543016852,35.080836049611136],[128.71471014395638,35.080650768931285],[128.71428716195788,35.08031914160999],[128.71424404462277,35.08028836684939],[128.71419748264114,35.080265074200206],[128.71414371847078,35.08024046681367],[128.7131857669003,35.08007306403113],[128.7131304555159,35.08007089657601],[128.71306402229408,35.0800765994833],[128.71026206935443,35.08059045950318],[128.70914927517168,35.08081806668427],[128.70899405077472,35.08085907654982],[128.7088074576307,35.08091481157615],[128.7083687682843,35.08104992696964],[128.70835248907068,35.081055313497686],[128.70834020676602,35.08106456809881],[128.70830126609158,35.081102980764776],[128.70810785694928,35.08132955222071],[128.70807664751362,35.08139763761631],[128.70802144468948,35.08152190270972],[128.7079980060933,35.081579020702556],[128.7079411888989,35.08179011060839],[128.70793286748543,35.08184244144412],[128.70793198922874,35.081873328201986],[128.70793300380498,35.08191149460171],[128.7079409447572,35.08197558361376],[128.7079572752284,35.082039141076656],[128.7079883827262,35.082104160491184],[128.70809101427812,35.08226817638162],[128.70816499355837,35.08236136767427],[128.70824907366404,35.082448164125275],[128.70833882190067,35.08251385604841],[128.70843254587135,35.08257147949287],[128.70851559784418,35.0826110515909],[128.7085982841369,35.082639625598006],[128.70872040079348,35.08267187949291],[128.7088287120716,35.08270041747564],[128.70941907588679,35.08282086780891],[128.70953611028088,35.082795341086026],[128.70962647925091,35.082766398002256],[128.7097365061585,35.08272256707775]]],[[[128.72252821115134,35.08392517081782],[128.72167029035356,35.08385517842548],[128.7207457721985,35.084124166736906],[128.71966267224175,35.08458050908758],[128.71922083308561,35.08507083088168],[128.72045860764592,35.08626135864953],[128.72267197842888,35.08875889130926],[128.72256866155593,35.08945655574328],[128.72284693122938,35.088756055387],[128.72344546664505,35.084693852217036],[128.72295809787303,35.08402001290169],[128.72252821115134,35.08392517081782]]],[[[128.72035158187822,35.09272804612989],[128.72187718645085,35.09160763382398],[128.7223186825744,35.09162850253314],[128.72232964377517,35.09163014977632],[128.72233570653643,35.091637365112156],[128.72254219386957,35.091744477907646],[128.72277996155577,35.091267424494596],[128.7227826841069,35.091256983144916],[128.72277587086091,35.0912254662319],[128.72276859157816,35.09121812120191],[128.7226485271714,35.0911185061322],[128.72218753510737,35.09076807306568],[128.72208771654726,35.090707489095664],[128.72091545275882,35.09002796908622],[128.72087146150923,35.0900139604084],[128.71913738005028,35.08950560450691],[128.71912077414166,35.08950678299154],[128.71910099526715,35.089511785703884],[128.71901481125758,35.089550190285244],[128.71874207613033,35.089717943727756],[128.7186765179733,35.08976275130191],[128.7184741099832,35.08994629557679],[128.71846265583363,35.089963881473324],[128.71829794105201,35.09027985177575],[128.71829213526468,35.09029366396789],[128.7181336641965,35.091051517248324],[128.71818478741918,35.09150448166548],[128.71819400316713,35.0915195567154],[128.71937982609992,35.09277280821457],[128.72001251870938,35.09300012633675],[128.72035158187822,35.09272804612989]]],[[[128.65279355678996,35.10547751359529],[128.65427311999795,35.1054469207315],[128.6552303744985,35.105456623244486],[128.65662079455626,35.105517627570926],[128.65864848811208,35.105568501242935],[128.65914248390575,35.10557585940963],[128.65919864624252,35.10557469277323],[128.66207947453287,35.10533323122769],[128.66210068703938,35.10531976980573],[128.66210809780316,35.105289018811725],[128.66211099022783,35.105257794921485],[128.66210682001494,35.105226650295954],[128.66208330030236,35.10520594276479],[128.66167691499012,35.10485288106729],[128.66152464955297,35.10479000074581],[128.6614801092226,35.10477355376364],[128.6598633276722,35.10424709383481],[128.65970078428222,35.10421940756706],[128.65966755968827,35.10421432995],[128.6594643564089,35.10418472643411],[128.65936795887774,35.10417101616637],[128.65921576593172,35.10414950625007],[128.6591461412347,35.1041411443714],[128.6590808322074,35.10413431789188],[128.6590233261579,35.10413198398558],[128.65842024720348,35.10414085030308],[128.65810834196952,35.1041469013877],[128.65789254189275,35.10415519924277],[128.6578357505983,35.104157615024874],[128.6577836328146,35.10416949369895],[128.6577499317801,35.104192608167345],[128.65767330784445,35.104234448186006],[128.65761979720796,35.10425722898306],[128.65756671259928,35.104278125750554],[128.65749319790172,35.104300271462655],[128.65736130947067,35.10433346601728],[128.65727746587052,35.10435268943535],[128.65706303534355,35.10438695617331],[128.65692089569689,35.10437990207489],[128.65688115578112,35.10437248917306],[128.65685111932478,35.10436350656153],[128.65588671273375,35.10399162091478],[128.65587104591492,35.10397706429583],[128.65573731057015,35.10372935157205],[128.65471465178638,35.101495751574646],[128.65469862538492,35.101449428561246],[128.65469143698672,35.101411461278154],[128.65468616723854,35.101368135832516],[128.65468789758307,35.101327156372555],[128.65469795107288,35.101284000862556],[128.654726880309,35.101230289014914],[128.65475562299355,35.1011820123807],[128.6547998462942,35.10112707452459],[128.65484944267365,35.10107502644931],[128.65489700018443,35.101040847297064],[128.65494843872273,35.101011924259545],[128.65504263549255,35.10097181167428],[128.65578892755667,35.10069442939342],[128.65609558312798,35.10066901594906],[128.65640841337137,35.10070866159231],[128.65692765249614,35.10078259216098],[128.6569406912632,35.10078587428923],[128.6569513394734,35.100793899991245],[128.65695639823286,35.10080685774273],[128.6569758017194,35.10088476212584],[128.65697897151975,35.10089805819817],[128.6569757185633,35.1009335175104],[128.65697078681222,35.10097182045782],[128.65696730626172,35.10100657531346],[128.65696792406652,35.10105555679833],[128.65697084709316,35.10110152687084],[128.65698535917144,35.10113518819705],[128.6570158994001,35.10117819805217],[128.65704456089045,35.10121170121008],[128.65751741025852,35.101692481601134],[128.65756245896273,35.10173108824237],[128.65761440515035,35.10175904168781],[128.65840369377628,35.102159356179335],[128.65845092988337,35.10217555127027],[128.65849678668152,35.102186125762685],[128.65860485081703,35.10221079410174],[128.6586588641061,35.102221799634755],[128.65871342785758,35.1022276944407],[128.65877283060007,35.10222753773067],[128.65986842003952,35.10212876197241],[128.65990428970312,35.102119714150085],[128.6599456609015,35.10210620055414],[128.65999958456254,35.102086720641466],[128.66004682418608,35.10206538235352],[128.66009890092516,35.10203853184839],[128.66035851194647,35.10189543978114],[128.66039685051047,35.101867685472584],[128.66086441552847,35.1012440874498],[128.6608749849332,35.10121048745669],[128.6607324066468,35.10078388775808],[128.66071895970478,35.10074950841607],[128.66070198362004,35.100722204376076],[128.66067891271743,35.1007023810322],[128.66053328102004,35.10058704189929],[128.66050033151032,35.100566451267866],[128.66025818462126,35.100487642803834],[128.66021642452856,35.10047861251872],[128.66028885604896,35.09707797042897],[128.66138152685326,35.0951642319513],[128.6614217638953,35.094933613300405],[128.66141602725622,35.09489931862946],[128.66140448456315,35.09486332291335],[128.66139022317267,35.094819430636065],[128.66134506702332,35.09469835117522],[128.6613089715402,35.094606427435465],[128.6612740882144,35.09453439213953],[128.66122027434483,35.09444672816559],[128.6611775230092,35.094391706921485],[128.66110630339134,35.09430158725972],[128.66109008030892,35.09428116344959],[128.66107260258642,35.094261978896995],[128.661023756442,35.09421424900101],[128.6610031275248,35.09419845495326],[128.66097529203643,35.09418820078091],[128.66084704429676,35.094162008994665],[128.6608172024307,35.0941595265488],[128.66080202408986,35.09416235145238],[128.66073561910602,35.094178272760274],[128.66070553342496,35.094187076115],[128.66053258190826,35.094267660129326],[128.66051409542942,35.09427721807868],[128.65939804292483,35.09543506147062],[128.6593761063965,35.09546487095444],[128.65936238148558,35.0954899279227],[128.65911927450523,35.09607243580684],[128.65762131952872,35.097298620904155],[128.6540679493238,35.099122061154226],[128.65261931098783,35.099625107505936],[128.6513423380913,35.09955276681489],[128.64989744286535,35.09942867708746],[128.64870113625182,35.09901963918395],[128.64649346762258,35.09892103966542],[128.64644524711898,35.09893840360645],[128.6461474485228,35.09907739142907],[128.64610793304024,35.099097818097285],[128.64607934415588,35.099132761087056],[128.64596008847232,35.09928854614905],[128.64593363018932,35.099325209121574],[128.64571243570745,35.099640012399746],[128.64383898797294,35.10246982320732],[128.643817851668,35.10251061914249],[128.64380815625879,35.10255341545484],[128.64380594676945,35.1025846952835],[128.64381059853162,35.10260446672431],[128.64388688608437,35.10283779960631],[128.64391261978028,35.102892535158226],[128.64397778987617,35.1030142748603],[128.64398847985595,35.103032738951],[128.64402065913987,35.103068302197045],[128.64416218875706,35.10317214026436],[128.64419233960786,35.10317956531428],[128.64423569805373,35.10318161220111],[128.64427405752957,35.103178344904826],[128.6443354856746,35.103169051057314],[128.6476227988801,35.102634489080124],[128.6483133606723,35.104004519401144],[128.6481644653249,35.10509755576321],[128.64963780206492,35.10574877668478],[128.64969821221874,35.10576485023293],[128.64981267541256,35.10577550262556],[128.65074917370868,35.10585167386708],[128.6510355459426,35.105869776283214],[128.6510617446302,35.10586820340951],[128.65122182137242,35.10579550039218],[128.65137644416603,35.105707196385794],[128.65228764950035,35.10551996813242],[128.65235205942037,35.10550840806895],[128.65242721103726,35.10549670787858],[128.65250757572886,35.10548883462638],[128.65257469643805,35.10548464570249],[128.6527188758516,35.10547949890468],[128.65279355678996,35.10547751359529]]],[[[128.65099061607404,35.118625826159025],[128.65127556953723,35.11834873065642],[128.6513231143143,35.11838005355926],[128.6513358697606,35.1183881483015],[128.65135153440343,35.11839583677771],[128.65140310824003,35.118413372972704],[128.65142855700637,35.118421242554916],[128.65145621684616,35.11842554973734],[128.65148453911732,35.11842595481763],[128.65150734573962,35.11842365017701],[128.65173635889062,35.11836386315942],[128.6517594558494,35.11835772870191],[128.65213398234962,35.11823197380642],[128.65215549407856,35.118224427881884],[128.6521711303842,35.11821545025911],[128.65218535518525,35.11820364743889],[128.6523086941788,35.118014030642776],[128.65236125588444,35.117930597484],[128.6523652711707,35.11792041558282],[128.65236604607085,35.1179080950809],[128.65236578030357,35.117893456567934],[128.65236520389294,35.117871551119116],[128.65236305089974,35.11785378925287],[128.65235848713098,35.11783891203559],[128.6523500634185,35.11782798272893],[128.6510842461771,35.116649512816124],[128.65095127672703,35.116560399422255],[128.6505693398407,35.11631667049884],[128.6505614647531,35.116313673849746],[128.65055319938108,35.116312405647164],[128.65054592728396,35.116314377178476],[128.6505352124118,35.116321529751026],[128.64923496265789,35.11783939704094],[128.64922498276167,35.11785922549236],[128.64921783848789,35.117880134324885],[128.649211503198,35.11789974770832],[128.6492075372834,35.117923964720305],[128.6492048602462,35.1179496278923],[128.6492072669453,35.117974104773694],[128.64921177540606,35.117999772457814],[128.64922557429827,35.118025573284115],[128.64939272231496,35.118207969369166],[128.64979063205388,35.11863227124977],[128.6498024459154,35.11864019292673],[128.64981677266258,35.11864824595675],[128.64991123415814,35.118699852030055],[128.65024469906785,35.11887840914463],[128.65026099930674,35.118886190789034],[128.65037629382184,35.118930266694974],[128.65040170657187,35.118933997784154],[128.65043107154673,35.11893690382792],[128.65053668451966,35.11893378417318],[128.6505801670652,35.11892676244974],[128.6506005531284,35.118923259769936],[128.6506448513881,35.118915375063054],[128.650662707942,35.118910702716654],[128.65067260198032,35.11890364597874],[128.65079742721517,35.118811760557186],[128.65081663423493,35.118794482661976],[128.65099061607404,35.118625826159025]]],[[[128.77135322588106,35.062857125803134],[128.771311543739,35.062897781866546],[128.7707757413024,35.063416141814145],[128.77074538029422,35.06343779838194],[128.7707111899264,35.06346048345487],[128.7706801733257,35.063480869012075],[128.77065482574338,35.063493728856415],[128.7706279568043,35.06350525192636],[128.77060016015537,35.06351491689373],[128.76995588026438,35.06373288399006],[128.76968610463308,35.06380836410453],[128.76961831314037,35.06382718292102],[128.7695874457421,35.06383358663659],[128.76955303844818,35.06383874953644],[128.76952173137616,35.0638417006721],[128.7694895866089,35.0638430723192],[128.7694647257827,35.063837978397224],[128.76864546285944,35.06363623186877],[128.7686270718882,35.06363066285223],[128.7685004915444,35.0635892015348],[128.76847975328425,35.06358077882623],[128.76846404961077,35.06357083517993],[128.76824116014757,35.06341714845936],[128.76807020989517,35.06328090466983],[128.7668603070693,35.06278721155352],[128.7663624084548,35.062735550842994],[128.76634636897424,35.06273252640948],[128.76632117494222,35.06272497919618],[128.76629870316884,35.06271730999855],[128.7662780721295,35.062709690369076],[128.7656113819153,35.062462184803316],[128.76560687738305,35.062457804410606],[128.7655913378,35.062279411142406],[128.76559122239533,35.06227804863076],[128.765591292204,35.06227676068215],[128.76559145750085,35.06227554493092],[128.76559171437256,35.06227440802182],[128.76559206766996,35.06227327395883],[128.76559259743848,35.062272211798444],[128.7655932254619,35.06227114090816],[128.76559403944432,35.062270149526086],[128.7655971169283,35.06226693815995],[128.7655983933092,35.062265940301664],[128.76559984304097,35.0622649422854],[128.76547954085416,35.061467184939374],[128.76465312017527,35.060654421874254],[128.76459917360316,35.0605319114388],[128.7645968853257,35.060527012050386],[128.76459490050283,35.06052347486536],[128.76457603068593,35.060494171200915],[128.7645262831856,35.06042154889187],[128.76452459253494,35.06041929255724],[128.76449536509355,35.06038094708971],[128.7641883076448,35.06010408862722],[128.76418587826208,35.06010214652113],[128.7641691307096,35.06009014339128],[128.7638265805416,35.05985006316974],[128.76381268760102,35.05984400627242],[128.76378963660483,35.0598352535284],[128.7637864823438,35.0598342204071],[128.76378306572767,35.05983327477018],[128.7637676394661,35.05982973894498],[128.76376431894911,35.059829165980005],[128.76374606290844,35.05982702060264],[128.76374283982167,35.05982690669744],[128.76373382911154,35.05982699673229],[128.7637306194391,35.05982718867027],[128.76367834433074,35.05983251404986],[128.76367504132926,35.05983338166286],[128.7636154909408,35.059849912682395],[128.76353958607308,35.05987342713356],[128.76353593463926,35.05987483384343],[128.76352203785538,35.059881036095284],[128.76338244122374,35.05994995245212],[128.76146455203963,35.06095744605338],[128.76146219048402,35.06095890972776],[128.76146009145572,35.06096060125972],[128.76145637767988,35.06096396497804],[128.76145312329783,35.060967257878616],[128.7614504079031,35.060970389429926],[128.76144923749504,35.060972143396505],[128.76144825773292,35.06097389042725],[128.76139722302767,35.06108074656059],[128.76138219606187,35.06112471293943],[128.76135312316634,35.06121211542683],[128.76134043753675,35.06125870123381],[128.76131547491383,35.061379049374956],[128.7613117301448,35.06140367814883],[128.76131144059943,35.06140852516156],[128.76131191274217,35.06145005252907],[128.7613139401885,35.06147333735423],[128.76131455227718,35.06147718824913],[128.76132302372716,35.06152348137959],[128.76132596363473,35.06153494333887],[128.76133205542854,35.06155372107042],[128.7613926261572,35.0617339718154],[128.761408648507,35.061780936503794],[128.76142579965182,35.061823875345155],[128.76148617652265,35.06195116983165],[128.76180781191835,35.062536962786226],[128.76181215457063,35.06254410215726],[128.76181403383364,35.06254665594624],[128.7618179664357,35.06255107104949],[128.7621119511415,35.06450843510151],[128.76249345285132,35.06525775391814],[128.7624946725181,35.065259631052044],[128.76249748935135,35.065263384691995],[128.76249947088922,35.06526570681574],[128.7625068561922,35.06527342920032],[128.76254351068798,35.065310023139055],[128.7625785132623,35.065341052824834],[128.76289866930892,35.065589934680055],[128.76306482548924,35.0657032379786],[128.76309372100462,35.06571978041036],[128.76459628580056,35.06643731317803],[128.7646309875005,35.0664483227705],[128.76635812494857,35.06689428862904],[128.76635017530452,35.06917166705414],[128.76634920002962,35.06917911988233],[128.76628017895518,35.06935054592863],[128.76627498372966,35.06936171241066],[128.76572466642162,35.07045563642706],[128.76478666547476,35.07223686558873],[128.76478332537357,35.07224316866631],[128.7647441400913,35.072316049556704],[128.76469853837995,35.07450496586915],[128.7641486118468,35.07615288935709],[128.76365781607666,35.07743252858236],[128.76365024896995,35.077443833032355],[128.76359636383228,35.077514181116335],[128.7634807275952,35.07760274954877],[128.7633491267657,35.077588745651724],[128.7633374465532,35.077586111849946],[128.76324145827343,35.077553139562596],[128.76286867051755,35.07747344205076],[128.75684268516292,35.077451233520016],[128.7557754275619,35.077846495095415],[128.7547561513112,35.078857387802074],[128.7522822153844,35.08126179902576],[128.75180333086283,35.081705365143335],[128.75133891069157,35.08213472803043],[128.75127199444853,35.082194900859434],[128.75124302314583,35.08221369802179],[128.7512009924589,35.08222786244125],[128.7511361487992,35.08224090788449],[128.7510460186489,35.08225070089704],[128.75098652668623,35.08225247094398],[128.7506727263136,35.08225085308807],[128.74749493798322,35.08191936998058],[128.74741346867947,35.08190769806421],[128.74727192482882,35.08188458250843],[128.74704527520944,35.081830702590814],[128.7467436029885,35.08173055374734],[128.74660444846097,35.08166533743878],[128.7465257641861,35.08161509289886],[128.74643168601628,35.0815466266628],[128.746386245287,35.08150785530862],[128.7463140231873,35.08142839327425],[128.74629880828925,35.08140583318044],[128.74619525743398,35.08114593421046],[128.74621926853257,35.08099797912068],[128.74626371376496,35.08099337668759],[128.74629515071425,35.08098276021713],[128.74631226747547,35.080971340511226],[128.74643495425596,35.08088050345789],[128.74643999603887,35.08087403369361],[128.74644270341858,35.08086717077637],[128.74644326778866,35.08085101997204],[128.7464242994261,35.0806486052657],[128.74641943383116,35.08063739004518],[128.746409375435,35.08062394818938],[128.74561301317925,35.079601310040324],[128.74507528495408,35.07919476320233],[128.74340064936243,35.077981675521364],[128.7424406435585,35.077766133186756],[128.7423749906653,35.07775414827768],[128.74233930023502,35.07774781808231],[128.74231414906131,35.07774715065723],[128.74186952352773,35.077885765923],[128.7418102132392,35.077910642317974],[128.74177265932298,35.07793141166008],[128.7417500793989,35.07795353720496],[128.74172694780248,35.07798321506505],[128.74171512220812,35.078012917479654],[128.74169810480166,35.07823562687317],[128.74185836579161,35.07937401753593],[128.74191176100976,35.07950784132147],[128.74512919588423,35.0851610501457],[128.7458983889322,35.085282834157155],[128.746077331774,35.08534843254902],[128.7462289174703,35.08540971992089],[128.7459097391408,35.08587634604803],[128.74590464853452,35.085880508212284],[128.74589636191274,35.085882925105814],[128.74518987111568,35.08589082496659],[128.74474947519286,35.085893828618566],[128.7435348612608,35.08589100501468],[128.7419122521841,35.084872937183164],[128.74046811613343,35.08396172889815],[128.74043798272578,35.08393789478789],[128.74024997275217,35.08376348377632],[128.7402305242534,35.083647678811985],[128.74022896375507,35.083611242616136],[128.7402092426892,35.0830939763331],[128.74020651969525,35.08297087901292],[128.73571095616535,35.088754974212385],[128.73586676121312,35.091119060098386],[128.73594603091016,35.09124411609611],[128.7360747079792,35.09144262646571],[128.73947896852505,35.096484396705755],[128.73950164745924,35.09650573659558],[128.7403292714932,35.096828848981545],[128.740747162715,35.096988851173435],[128.74116671811277,35.097150659752465],[128.74185719362907,35.09742619136934],[128.74382483029456,35.09823819623591],[128.7437726295422,35.09922864142497],[128.74365144664986,35.09986670508989],[128.74364039883784,35.099868448498825],[128.74363622922664,35.09986885559112],[128.74227900946764,35.10000055097056],[128.74015798261183,35.10020632180316],[128.7400895051338,35.100197495045784],[128.73903147339985,35.09962386489448],[128.73866759437706,35.09940954684728],[128.73816964474466,35.09891539818364],[128.73636310898448,35.09562157211333],[128.7364426326852,35.09539283318805],[128.7365503472397,35.095076705627726],[128.73656042609608,35.09501924868902],[128.73656105758494,35.09500670356315],[128.7365539947002,35.094948872788656],[128.73650504219216,35.094797762077555],[128.73634474263594,35.09442839347444],[128.73613805688524,35.09417734606653],[128.73537761586644,35.09349471547778],[128.73535850908655,35.09347839535734],[128.73535009991645,35.093471428031165],[128.7332556067928,35.09175885653264],[128.72902883975414,35.08997180963764],[128.72899224106797,35.08996632843126],[128.72895544047694,35.08996550779948],[128.72893365305782,35.089965261414825],[128.72891292126585,35.089966828118236],[128.72822816589164,35.09012784764247],[128.72815904010707,35.09015649968626],[128.7281495092606,35.09016294208217],[128.7281405542901,35.09017175551709],[128.72813559527842,35.09018227191744],[128.72813161615335,35.09019504354798],[128.72813315375618,35.090293215564024],[128.7281374603531,35.090370292365456],[128.72815218541476,35.09040389216029],[128.72815345001163,35.09040615716389],[128.72815575522674,35.090409190342356],[128.7292253988417,35.09173389780624],[128.7292325955114,35.09174256737118],[128.7292387944396,35.091749178363905],[128.72924734281713,35.09175654480134],[128.72925691855667,35.09176290197389],[128.72927535921812,35.09177456248893],[128.72928289847619,35.091779156690585],[128.72939712973778,35.09184811530775],[128.72940659731924,35.09185368879533],[128.72941579540984,35.09185812528297],[128.7294229479047,35.09186059362331],[128.7294584932877,35.091869668564144],[128.72960600391994,35.09190297816769],[128.72961617837905,35.09190447973744],[128.73023002547154,35.09260813804825],[128.73084166506158,35.09353372080395],[128.7308424402388,35.09353785140839],[128.73084322135034,35.093547054885676],[128.73078438853625,35.09370260776734],[128.73069353381487,35.09387515405208],[128.7305430171337,35.094093826320005],[128.73036313513566,35.09430193733062],[128.73031545356653,35.094347271386354],[128.73028808254062,35.09436377560143],[128.73011222784874,35.094453998470726],[128.72979343647972,35.09457186402318],[128.7296588005857,35.09461339655264],[128.72937155245603,35.09467383231735],[128.72927704636163,35.09468511258903],[128.7292206173496,35.094686205910655],[128.72905420361175,35.094643360475565],[128.7289288844007,35.09461036959126],[128.72859347414123,35.09448426567225],[128.72848053757943,35.09443450963094],[128.72846321148512,35.094424023670356],[128.7284483080726,35.09441372448504],[128.72842961023608,35.0944004413379],[128.72842223993197,35.09439047361241],[128.72796242172544,35.09375333028141],[128.72790098577374,35.093637431325064],[128.72478796740046,35.09713568105438],[128.72149402261914,35.09682806014426],[128.71898375901992,35.095251720698265],[128.71462856444825,35.09517045603854],[128.71453386602616,35.09517297376591],[128.7145177618122,35.09517745188753],[128.71422505299023,35.095319185931196],[128.7141241821159,35.09544048841359],[128.7140541415459,35.09570942674911],[128.7140529562104,35.0957252248362],[128.7141497229211,35.09909266422744],[128.7147022613484,35.099065772412565],[128.71519739905696,35.10358817029593],[128.7151837818949,35.10428630863452],[128.7146430914329,35.10643329445627],[128.71421393515814,35.106581486365556],[128.71345606328657,35.106829646939815],[128.71199455038303,35.106757363618264],[128.71035403302704,35.103566331264844],[128.70709119818716,35.10468946355121],[128.7038793718639,35.10600720410991],[128.7038410154344,35.106019422086895],[128.7038046912359,35.106024200873335],[128.7037799447243,35.106024897897115],[128.70375898612923,35.10602419688442],[128.70351826021422,35.10599437803047],[128.703452706575,35.10598139939649],[128.70338893332396,35.10596666841226],[128.70331919095383,35.10594071103435],[128.70307480821975,35.105815741434235],[128.70300695714357,35.105770455126574],[128.70074720062885,35.10399125578247],[128.7007384628686,35.10398395194889],[128.70038963237369,35.103474783445755],[128.70036622368767,35.103433218210256],[128.70032059549612,35.10333765004085],[128.70031440028626,35.103301096807975],[128.70031627995735,35.10326089857907],[128.70034880490945,35.10298408945909],[128.70064488456532,35.10184755983499],[128.7006908040643,35.101752796550166],[128.70085472633627,35.10147704939822],[128.70088559996753,35.10145369902248],[128.70092898002505,35.10143748305125],[128.7010397426777,35.10141709553345],[128.7010824587244,35.10141245073009],[128.7011366563513,35.10140784348971],[128.70121087393628,35.10140832377366],[128.70168298491217,35.101278365865575],[128.702371402707,35.10107879203267],[128.70239794269105,35.10106115376272],[128.70274888429034,35.10071847790002],[128.70280412431273,35.100649894126796],[128.70283047179132,35.10060335046946],[128.7028701092141,35.10049789579963],[128.70288401687844,35.10044000832983],[128.70288005897729,35.10029471745162],[128.70287769760952,35.10028348827668],[128.70282694508802,35.10020643269574],[128.70280644632663,35.100188202768244],[128.70273040097993,35.100150926679945],[128.70260981039135,35.100100656137336],[128.70250400573195,35.100063765927814],[128.70245988276395,35.10005741196762],[128.70240806002172,35.10005449963376],[128.70221174236244,35.10005106059974],[128.7011746769734,35.098911348519025],[128.70133449637302,35.098851000012026],[128.70136143509558,35.098834876378874],[128.70138989883637,35.098813205152815],[128.7013976194998,35.09879508109705],[128.70139835306503,35.09878332867081],[128.70139130187562,35.09877154882982],[128.70137716349052,35.098756396904534],[128.70130618474465,35.09871703951384],[128.70114354066325,35.09864401691767],[128.70108941835468,35.09862190704537],[128.70051105774817,35.09846780713739],[128.6988222459204,35.098029616427965],[128.69870678672712,35.09802494993693],[128.69870430893621,35.09802488968602],[128.6985156972765,35.09802381683762],[128.698472724424,35.09802443979157],[128.69819955443657,35.09804355419702],[128.6981637401925,35.09805129966334],[128.6981574302838,35.0980529849524],[128.6981540801012,35.09805407690007],[128.69814483092313,35.098058074010865],[128.6981415880091,35.09805972403425],[128.69813835753442,35.09806162928815],[128.6979215144345,35.098277539990605],[128.69791693405438,35.09828237863353],[128.69791459838993,35.09828516822665],[128.6978898978468,35.09833013989461],[128.69734896394826,35.09939276903555],[128.6973453517907,35.09940264737969],[128.69734468468496,35.099404926284706],[128.69734367792816,35.099410629401],[128.6973431456019,35.09941502739964],[128.69734257047688,35.09943724278258],[128.69734272030868,35.09944089494929],[128.69734294444845,35.09944285136304],[128.69734337556514,35.09944472043124],[128.69735324349887,35.09946365340828],[128.6973545512489,35.09946575761458],[128.69735781592627,35.099472643028534],[128.69735873880046,35.09947498712811],[128.6973604157748,35.09948132193314],[128.69736084644387,35.09948375564513],[128.6973613005455,35.09948797494929],[128.69736133739383,35.099490174257774],[128.69736117436912,35.099492534586005],[128.69736070400546,35.09949489629881],[128.69735948353366,35.09949921854458],[128.69735862957674,35.099501587348094],[128.69735746974388,35.09950387442176],[128.6973406414323,35.09953144931034],[128.6973389885705,35.099533815548035],[128.6971554892507,35.099756237269325],[128.6967233090788,35.10002951548382],[128.69666717474465,35.10004176799821],[128.69666292801855,35.100042460960225],[128.69647331770443,35.1000638714515],[128.6963607552072,35.10007593008902],[128.6962015164037,35.10009022237385],[128.69617424229125,35.10009251671458],[128.69617117241384,35.10009263505868],[128.69616503098254,35.100092527806375],[128.69615552283668,35.10009188418099],[128.69614353026836,35.100090455531884],[128.6961407585581,35.10008999033411],[128.69613826985983,35.10008937100283],[128.69613637503707,35.10008865390652],[128.69603327151282,35.10002001799669],[128.69595416974278,35.09996197022113],[128.69580341301761,35.09984831716683],[128.6957828366682,35.09982810120457],[128.6957815250678,35.09982664806054],[128.69578032491768,35.09982503146955],[128.69576919033778,35.09980797702843],[128.6957676660479,35.09980530314685],[128.6957514732303,35.099759095836575],[128.69548226655107,35.09885575694902],[128.69547188096723,35.098820550675455],[128.69543848170903,35.09868521021857],[128.69543764021657,35.09868155606334],[128.6954372919819,35.09867797629176],[128.6954374463567,35.098674561065934],[128.69545576447055,35.09826974125345],[128.6954561262178,35.09826713737183],[128.69546238277525,35.09824812447377],[128.69546392086812,35.098244362102015],[128.69546912345731,35.098234477482464],[128.69573393217559,35.097785567709714],[128.69575596914044,35.09774851393704],[128.6957590688856,35.09774393542635],[128.6957738465945,35.09772499750864],[128.69577774676458,35.09772057289971],[128.69584696267367,35.09766077909209],[128.6958520569531,35.09765682644287],[128.69599444116216,35.09755745630041],[128.69599915669545,35.09755448476964],[128.69600769597258,35.097549926333336],[128.69601202473845,35.0975479360058],[128.6960272900165,35.09754226007959],[128.69603486595412,35.097539826618224],[128.69603891697915,35.09753880926362],[128.69604285503658,35.09753803461876],[128.69604978012123,35.09753716061207],[128.69605323661725,35.097536882713925],[128.69605946684706,35.09753666440244],[128.69606273732924,35.097536716886914],[128.6960660997689,35.09753692200641],[128.69607918901374,35.097538503846295],[128.696086335749,35.09753973927116],[128.69609020390445,35.09754059704618],[128.69610590282412,35.09754508034668],[128.6961091880449,35.09754618766919],[128.69613670034337,35.09755365607588],[128.69613918778248,35.09755419452199],[128.69614553608656,35.097555274923145],[128.69614771556522,35.09755549666525],[128.69614988747415,35.09755547523565],[128.69617107934198,35.09754901052591],[128.69617520831272,35.09754750755598],[128.69617718420045,35.09754667301966],[128.69618061431444,35.097544772451755],[128.69618218885583,35.09754378338007],[128.6961837583721,35.097542633661256],[128.69618502389275,35.09754139283534],[128.6961861927771,35.09753999997087],[128.69618716384798,35.097538450562865],[128.69628269663832,35.09735940974834],[128.69629357730065,35.097331323545916],[128.696294711783,35.09732757615304],[128.69629741066458,35.09731527053289],[128.696297864707,35.09731192774389],[128.69629825761638,35.09730550040191],[128.69629812799337,35.0972963067487],[128.69629788729418,35.09729321461202],[128.6962966889611,35.09728493679942],[128.69629605286545,35.09728209731413],[128.69629428628744,35.097276495315455],[128.69629183104246,35.097270505525],[128.69628756116148,35.09726240771189],[128.69628593794536,35.09725974361692],[128.69628058923257,35.09725255624062],[128.6962784701981,35.09725005443286],[128.69626402318798,35.09723619931922],[128.6962577151123,35.09723081218596],[128.69625541868518,35.09722904737059],[128.6962482312198,35.0972248845957],[128.6962454378407,35.09722352532486],[128.69624255724682,35.09722233806754],[128.69623639180313,35.0972201139297],[128.69622953391325,35.097218068327464],[128.69611655745854,35.09718621106192],[128.69609777873555,35.097181016851934],[128.69609212373794,35.09717976891092],[128.6960868650219,35.097178924855235],[128.69608151344053,35.09717832441157],[128.69605714878563,35.097176931410644],[128.69605199636604,35.09717690079482],[128.69576597269437,35.09719647165746],[128.69568560219375,35.09720293938092],[128.69567967744385,35.097203486509734],[128.69494670117606,35.097298169374554],[128.69490265520412,35.09730493672876],[128.69479311863594,35.09732712261821],[128.69478878233537,35.09732813889045],[128.6947732019126,35.097332687386825],[128.69476917209212,35.09733410293003],[128.69475529852542,35.097340259180285],[128.69475166098698,35.09734208030333],[128.69474508885318,35.09734580422484],[128.69455207178797,35.097455661999604],[128.6945415765341,35.09746178328631],[128.69453784733622,35.09746425304602],[128.6944715309219,35.09751979210436],[128.69446801989753,35.09752308025615],[128.69444666961678,35.09754573257212],[128.69438242333123,35.09762182586901],[128.69437970239332,35.09762543203031],[128.6918054922953,35.099559184688],[128.69184035481993,35.09962416350985],[128.69187946168137,35.09970944083284],[128.69188079248494,35.09971235606108],[128.6918838839781,35.099720945503954],[128.69188544120945,35.099726627222246],[128.69188661591912,35.099732389747764],[128.6918873940548,35.09973823376901],[128.69188752673952,35.09974100063045],[128.69189130231624,35.09990330956245],[128.69189113913316,35.099905669886326],[128.691890769733,35.099908032237714],[128.69188888925913,35.09991496838934],[128.6917943608217,35.10024373333007],[128.6917879692915,35.100260626393556],[128.69170412827071,35.10046305892977],[128.69170287872313,35.10046558897835],[128.691666676641,35.10053486612592],[128.691588244799,35.100616726737485],[128.69001470191077,35.10183507057504],[128.68849152833312,35.10263631016006],[128.68847762318154,35.10264735074959],[128.68846997471218,35.102656922250176],[128.68836622113025,35.10281179934533],[128.68833082618815,35.102876001798705],[128.68820016824807,35.10318229149361],[128.68805283382295,35.10361763203607],[128.6879478821115,35.104065690150335],[128.68824702427693,35.105051858300556],[128.68899304306893,35.10756129471164],[128.68896001749314,35.10765035507762],[128.68895639223533,35.10765532104927],[128.68812771263958,35.10852393638658],[128.6881229093983,35.108524111694265],[128.68807652694264,35.108485387174746],[128.68607652664215,35.106834705478235],[128.68585548561805,35.107012396724556],[128.68800844626136,35.108861486741446],[128.68812930996074,35.10893996356979],[128.68831574086934,35.109022178137174],[128.6883698008579,35.10903204444523],[128.6888349534174,35.109073385206166],[128.68889444326058,35.10907484455605],[128.68896690740658,35.10907086812537],[128.68902856548513,35.10906691455266],[128.6890995499313,35.10906033573576],[128.68933218253525,35.10900105400943],[128.68962885866645,35.10892208921846],[128.69010882714485,35.10877569236388],[128.69042351494522,35.10866450965328],[128.6907092493848,35.10855512836099],[128.69084033832476,35.10849068299984],[128.69088995159652,35.108467004648745],[128.69103105764356,35.108413697316664],[128.69117470926142,35.10837168015189],[128.69120634738636,35.10836782180972],[128.6912706888845,35.10836804965902],[128.69148057687485,35.10837377722172],[128.6920401110464,35.10839798391751],[128.69238784390782,35.10841489297161],[128.69241887656355,35.10842022803555],[128.6924362631881,35.108425779333096],[128.69405168506535,35.10916281796545],[128.69443759316408,35.109339458103214],[128.6954117510719,35.109795737305724],[128.6954948980605,35.11009571172856],[128.6955044490165,35.11013767595274],[128.69552334532338,35.110241867926916],[128.69552332607142,35.11026760154964],[128.69533993145924,35.11095264552873],[128.70051314578072,35.11571011112528],[128.70058867484477,35.11580836336332],[128.70066276467082,35.115922037374894],[128.70072881172982,35.11604576738263],[128.70077229638613,35.116150720216325],[128.7008019374883,35.11624059083316],[128.70084195406997,35.116390620235606],[128.7008620939704,35.11651754562299],[128.7008683549393,35.116604578127074],[128.70015836982932,35.12219004840021],[128.69959625768135,35.125658681080765],[128.6985959510473,35.12745990089404],[128.6979257437167,35.12839070572124],[128.69699615532593,35.127940527233726],[128.69696300389973,35.127948628619315],[128.6938607800881,35.13228169001615],[128.69338440728686,35.13295322498363],[128.69375639280494,35.13367672116279],[128.69392408463492,35.133818901151685],[128.6939388518132,35.133825258329615],[128.69395315905905,35.13382879080069],[128.69397425617805,35.13382904300243],[128.6940167126687,35.13382470577583],[128.69407024520652,35.133804478733424],[128.6951864582929,35.13384741207519],[128.69711993462312,35.13421030616415],[128.69730158086819,35.13445876812993],[128.6968812364361,35.13608665511264],[128.69657904237062,35.13721385783159],[128.69648216870263,35.13723921320834],[128.6964532128437,35.13723620266214],[128.6964656609658,35.137902665706726],[128.69644439901606,35.13801437807049],[128.69638469298266,35.138255071661526],[128.69633707033478,35.13843225038488],[128.69596085761,35.138863237458004],[128.69583044617724,35.138994868552494],[128.69561759114202,35.13916712593659],[128.69481563331863,35.139742427552136],[128.6936504598914,35.139203359974076],[128.69217279182183,35.13851560145826],[128.69074577246033,35.13785110214032],[128.6907383980596,35.137845512284265],[128.69073803714792,35.137839544772476],[128.6908398057042,35.13768675429187],[128.69107651318726,35.13734531069438],[128.69161460101893,35.13657365660691],[128.6920720123666,35.13591798410417],[128.6925374964025,35.135270256967736],[128.69262473550802,35.13515160780127],[128.69277633684973,35.13495648818152],[128.69216982183318,35.135273957988886],[128.6892313790284,35.13948425655238],[128.68864759608059,35.140328890417486],[128.687825490398,35.14152642792626],[128.6875787209917,35.142400487428034],[128.6875678152151,35.1424640063893],[128.68756642424572,35.142536778307914],[128.687574376665,35.1425984691521],[128.68760026750496,35.14266091862643],[128.6903857450967,35.14651552170339],[128.69093035574463,35.14764059385626],[128.69021501482993,35.14778205619393],[128.68858136263154,35.14718865385271],[128.68851700136705,35.14717751153781],[128.68807519163738,35.14713604765108],[128.68790801374274,35.147127602706206],[128.68726380697527,35.147097045345966],[128.686922962299,35.1470809341778],[128.6857646940793,35.14702771022446],[128.68348904770448,35.146929282652884],[128.68135939442882,35.14683917035064],[128.68112208088453,35.146828956417046],[128.6803425485556,35.146795156564295],[128.68012251299555,35.14678350658749],[128.67991797201447,35.146772069080285],[128.6797690235656,35.14676350028905],[128.67963156260697,35.14675530485755],[128.67958974227292,35.14674978609752],[128.67954211313437,35.14673611188186],[128.6786110800711,35.146444325781665],[128.67528945860585,35.14529106553784],[128.67520232788968,35.14525756306057],[128.67510525598865,35.14521867291561],[128.67500437113424,35.14517292735695],[128.67493394972,35.145140579021465],[128.6740649316413,35.14467564908612],[128.67353631756527,35.14433625361466],[128.67083690217575,35.14248431509601],[128.67086099568968,35.142223355143415],[128.67330423999675,35.13962582013956],[128.67347414517963,35.138694048297886],[128.67351492386317,35.137962101460694],[128.67311892839626,35.137844219110015],[128.67293935241906,35.13716030845397],[128.672944354032,35.136672354085626],[128.67294805707854,35.13650121206255],[128.67294882299313,35.13648469201831],[128.673228952352,35.13447483313386],[128.67328517166354,35.134288528950485],[128.6733567846525,35.13406347172001],[128.67352341956527,35.133590908666434],[128.67392250677537,35.13264193966282],[128.67397423042263,35.132523073695225],[128.67403693479864,35.13240233311001],[128.67410575980512,35.13231205886997],[128.6742046043681,35.13219954601675],[128.6745140313274,35.131866397466396],[128.6754170729103,35.130932224383166],[128.67618919416213,35.13014887409091],[128.67639431896495,35.13000831439072],[128.67647695204724,35.129940282273886],[128.6765364101642,35.12988386527657],[128.67658992091762,35.1298166843131],[128.6766434330722,35.12973801242996],[128.6766894391309,35.12965426342317],[128.67672903105884,35.129566837742765],[128.67767564381512,35.12706190305744],[128.67770879010033,35.12696111933914],[128.6777376517369,35.12686734772803],[128.67775339331777,35.126767463977366],[128.6777622447459,35.1266512027804],[128.67776881420622,35.12653198042035],[128.6777691074864,35.12642417896196],[128.67776868300083,35.12635338480403],[128.677759054119,35.126280357155785],[128.6775093795259,35.12530692679072],[128.67734057316915,35.124883370888554],[128.67733184728175,35.12486196747336],[128.67731907384288,35.12484053623773],[128.67728959067477,35.12479713745621],[128.67708631144575,35.12457146414792],[128.6770659696947,35.124555202998515],[128.67704600532068,35.12454072840403],[128.67702013691166,35.1245296439459],[128.6766070999084,35.124389075295085],[128.67624267747476,35.12428107576202],[128.67360279001167,35.12369512591322],[128.67259480640087,35.12352491490649],[128.67143706055816,35.12218588552469],[128.67144249848715,35.12217033345076],[128.6714912796965,35.12189569380781],[128.67149449091767,35.1218774600307],[128.67149584528647,35.12186001246384],[128.6714962831693,35.121838155151],[128.67149354416003,35.1218177968288],[128.67148882443576,35.12179687155021],[128.67146491906408,35.121701272440575],[128.67142997061333,35.12157498796063],[128.67142211256112,35.12156176076975],[128.6709180393231,35.120880207633455],[128.67090405428868,35.12086564010951],[128.67061633437336,35.12067488850789],[128.67058489966024,35.120657180898824],[128.6663932793857,35.118541571894575],[128.66636587756545,35.118530328721675],[128.66631316883579,35.118511399351014],[128.66628871196585,35.118504141937464],[128.66626677585936,35.11850076266176],[128.6662487456223,35.11850196582915],[128.6662331531325,35.11850836597966],[128.66621712579584,35.118519219740996],[128.66601307018368,35.118670150024826],[128.66598637554998,35.11870035476882],[128.66598357896794,35.11870353562164],[128.66597622125843,35.118712882789566],[128.66577259026926,35.11898793746292],[128.66282808399788,35.122679020011645],[128.66500237721945,35.12506738723882],[128.66501696092894,35.125117381080685],[128.66503209691427,35.125195804653174],[128.6650172608832,35.12539581145896],[128.66501559974992,35.125401413835476],[128.66501447849237,35.12540466331097],[128.6650126691884,35.12540983290084],[128.66464785576952,35.12590156035521],[128.66458527423077,35.1259736585307],[128.6630429684269,35.12840563747748],[128.66341023524407,35.130200525268876],[128.66335572499952,35.130462425833144],[128.66335184298404,35.130467274089476],[128.6627838849887,35.13108428760271],[128.6592186516902,35.13558601021951],[128.65890842139194,35.136945602224266],[128.65842120291006,35.136930599414086],[128.65806456300916,35.13689068365358],[128.65643491878976,35.13670770531474],[128.6563848152713,35.136692996008904],[128.65637228834933,35.1366871840952],[128.65635016172777,35.13667548445072],[128.6563420558498,35.13666750276662],[128.65630796869698,35.136631866163356],[128.65630113157522,35.13661890233544],[128.65621739157507,35.136332113042464],[128.65330829545883,35.13556657039265],[128.65000000813015,35.13554966934572],[128.64446227600322,35.13561295237279],[128.64445578133316,35.13561771134043],[128.64214199800443,35.14542839133581],[128.64259593128654,35.14785183673483],[128.64260051177737,35.14786301697343],[128.64261837409637,35.14787897924784],[128.6427878405428,35.14795082137888],[128.64280628601645,35.14795587002791],[128.64284288675373,35.14796284583],[128.64286014591812,35.14796096819756],[128.64286983649626,35.14795650771457],[128.64312829897287,35.147779440761475],[128.64314502145965,35.14776760277192],[128.6431607558044,35.14775290137957],[128.6445772342969,35.14638348794708],[128.64457986617415,35.14636339528958],[128.64457636141913,35.146003673068996],[128.6445870070053,35.145866615642554],[128.64534938990644,35.14583378767602],[128.64564087859867,35.14582734019875],[128.64720145777625,35.14641254655223],[128.64716756162528,35.1505027094388],[128.64428738216282,35.150541879826676],[128.63781684964852,35.14953437572208],[128.6362937120556,35.148305861786696],[128.6369365413701,35.147769500605],[128.63705621022154,35.147658901393086],[128.63717012106105,35.1474857323293],[128.63720470152103,35.14594983637908],[128.63703357869846,35.14583548275923],[128.63665690615144,35.145823176914725],[128.63580534048023,35.145922023594245],[128.63531989149178,35.14606542028316],[128.63519917579464,35.14610807825625],[128.63102858306087,35.1478376817552],[128.62972163969144,35.14877097603825],[128.6275032870948,35.14856326608676],[128.62616854604676,35.14836247792244],[128.6251298873594,35.14722933174447],[128.62584058352212,35.144538638986646],[128.62221635851714,35.138692739674376],[128.6187536165434,35.13587189841349],[128.61947211411518,35.13426400804979],[128.62137429384262,35.13289280215477],[128.62301919382833,35.13258554129267],[128.62758776311014,35.132602783648245],[128.62851794304262,35.13260700026645],[128.62851811669907,35.13263390605821],[128.62853010197077,35.1326429844448],[128.62854238259166,35.132649241276326],[128.62871005130268,35.13265046930434],[128.62873042415958,35.132641031755114],[128.62873721235485,35.13262487240046],[128.62873792033236,35.132580258602765],[128.62872730760628,35.13256666077913],[128.62871031521726,35.13255872971519],[128.62758799053663,35.132553200416574],[128.620815063204,35.13252523422142],[128.61959261735987,35.13295776951481],[128.61931449051997,35.13307477125449],[128.61697790845955,35.13696804392579],[128.61697057941427,35.13698659056281],[128.6169704926953,35.13700515629222],[128.6169725064686,35.13702030545437],[128.61732394448487,35.138007860419975],[128.61751150134185,35.13828219534393],[128.61621693142817,35.139592909714274],[128.61618917968602,35.13961490460364],[128.61597690487503,35.139767282842364],[128.615958094472,35.139776867875874],[128.6159485393995,35.139778730149416],[128.615940194781,35.13977969633924],[128.6157134307409,35.13979330743387],[128.6156620670929,35.139795309747925],[128.61549078387426,35.13979476407606],[128.61505177770366,35.13979030765162],[128.6147654212443,35.13978218567994],[128.6147106756183,35.13978020953059],[128.61454447609074,35.139771749845266],[128.61453021772778,35.13977080289412],[128.61448020289853,35.13976559504799],[128.61442603203562,35.139758304422614],[128.61437175303269,35.139750648796124],[128.6143487252253,35.139746878918054],[128.614060598884,35.1396960272026],[128.6138990081844,35.13966405586007],[128.61384507604134,35.13965234635784],[128.61379180990093,35.13963955811079],[128.61377756250704,35.139635725574635],[128.61376342635964,35.13963135433902],[128.61375017205796,35.1396268973992],[128.61368027830565,35.13960059607075],[128.61361841605805,35.13957704519604],[128.61357802962655,35.13955925867987],[128.6135454104641,35.1395424342946],[128.6133917423271,35.13944319161192],[128.61327996331232,35.13935940630407],[128.61306433736885,35.13919211196709],[128.6124907388623,35.13873018159591],[128.61105275415983,35.13754387858978],[128.60943988445237,35.13723699051156],[128.6070986518366,35.137687248916606],[128.60708744374227,35.1376905740719],[128.60707736758673,35.137700113706224],[128.6070546444334,35.13774554881562],[128.60700583331626,35.1378537693058],[128.60699586650097,35.137884401665474],[128.60698680350532,35.13791904705383],[128.60691856464794,35.138251768604576],[128.6068865176109,35.13843795572797],[128.60683804535753,35.13872467423729],[128.60685623373138,35.138969577051384],[128.60760915065654,35.140719836818555],[128.61030496971497,35.14363625249308],[128.6110719189836,35.14412918051692],[128.61124213151314,35.14423452660603],[128.61197162855967,35.14444053463511],[128.6123588440158,35.14452340125857],[128.61320940195245,35.144697899272494],[128.6132440655804,35.14470332955908],[128.61351682620298,35.144730843197145],[128.6135528888623,35.1447322915399],[128.6137273949652,35.14472913676047],[128.61398065172037,35.144708696007335],[128.61400391739141,35.14470676010725],[128.61402915305675,35.1447024776331],[128.61405046683694,35.144697039194384],[128.61407779600393,35.14468654346971],[128.61410568721942,35.14466945454153],[128.6141319658355,35.144655520081855],[128.61430467663865,35.14458383652985],[128.61433890771445,35.14457154207303],[128.61440930073374,35.14454881695763],[128.6144499358555,35.14453923889357],[128.61448516339007,35.14453388868015],[128.61451825308325,35.144530957020486],[128.61456027782117,35.14452944171466],[128.61459412595866,35.144528819956825],[128.6146696723896,35.14452981668985],[128.61471439897187,35.144532752327386],[128.6147563161452,35.144537204646845],[128.61479982893314,35.14454403951855],[128.61484290126987,35.144552819999845],[128.61488475368265,35.14456460770038],[128.6149445186716,35.144640747668504],[128.6149588244403,35.14466053200244],[128.6149692700847,35.14468177281475],[128.6149861774724,35.14565395590959],[128.61498909943717,35.14694638201607],[128.61498822915556,35.146959060322196],[128.61498488974667,35.146968883113765],[128.614978463651,35.14697709322043],[128.61496961410842,35.146983095132484],[128.61368096094284,35.14736577259042],[128.61365742376347,35.14737217962797],[128.61358691518973,35.14738902563389],[128.6135650414514,35.14739403933274],[128.6135213845131,35.14740141768797],[128.6134723258421,35.14740953633785],[128.61342497344685,35.14741684790978],[128.61340114511887,35.147419935768184],[128.61337758816336,35.14742130299098],[128.61332936090736,35.14742292387504],[128.61330458095816,35.14742299803444],[128.61327960092663,35.147421467607536],[128.61325477019494,35.14741830516923],[128.61320249225474,35.147410748459436],[128.61317689068855,35.14740608737856],[128.61315060873554,35.14740164937426],[128.6130375640502,35.14738567881119],[128.61300889473128,35.14738226871522],[128.61298014564963,35.14738190708511],[128.61295146363454,35.147382780328],[128.61292856782384,35.14738354427971],[128.61285502067062,35.14738603208758],[128.61282959062615,35.1473870774037],[128.61281338044788,35.14738962078772],[128.61258217951715,35.14746630807063],[128.61251942776263,35.147490111070965],[128.61249974000955,35.14749944057354],[128.6124801018533,35.14750970683337],[128.61245979247857,35.147520476753485],[128.61243891168337,35.14753164925675],[128.61241808273815,35.14754348112878],[128.61211542750516,35.14773636637875],[128.61209852640079,35.14774816544433],[128.61208168429826,35.14776110040213],[128.61206500304374,35.147775171418026],[128.61204919475225,35.14779017218531],[128.61203435894674,35.14780627679652],[128.6120206156521,35.14782329483607],[128.61200734307047,35.147840486861426],[128.6119948835598,35.147857653812245],[128.61198365452697,35.14787420300232],[128.61195571916903,35.14791539530518],[128.61110912282751,35.148700050346235],[128.61003339944753,35.150567146807646],[128.6100217595203,35.15058048454018],[128.60992633848383,35.15075227431655],[128.60983799894078,35.15097987381684],[128.61293884859344,35.15184018573125],[128.6169316508648,35.15398939869352],[128.6181315093002,35.154769288750614],[128.61900299214383,35.15579688458025],[128.61834701934933,35.15708131762757],[128.61919329557165,35.158463268320396],[128.62335169429312,35.16175968490624],[128.6250951426545,35.163117315192444],[128.6273849589802,35.1659029538246],[128.62900178238468,35.16884966352557],[128.62951039153836,35.169278509686315],[128.63050489624524,35.16987304954642],[128.6314144256041,35.170402676549514],[128.63315305667743,35.17129697454701],[128.6359867877339,35.17455007868686],[128.63770186983842,35.17629895001945],[128.638213827937,35.17663322828768],[128.63978303992002,35.17668087965613],[128.64023445783045,35.17657914879014],[128.64221791274832,35.17621165475416],[128.6426081694286,35.17619017879333],[128.64674115025096,35.176465436142905],[128.6490922674811,35.17771208208368],[128.64931242823044,35.17799106660924],[128.64936646436283,35.17805842841671],[128.65015706670482,35.17897283197807],[128.65452213011164,35.18026586400853],[128.6637721129019,35.180936817236315],[128.6683258228307,35.18078171942979],[128.66979021486935,35.180702824977324],[128.67172047587172,35.17946408206427],[128.67330695702134,35.177957290101325],[128.6744652112851,35.17657931550332],[128.67499588402447,35.17606236426828],[128.67504012658338,35.17602851980967],[128.67508432603591,35.17599470987349],[128.67914231340274,35.1735158017141],[128.67975659107847,35.17343152554515],[128.68076416122474,35.17344065084831],[128.68507190184152,35.17242837076187],[128.68589159269325,35.17214266246467],[128.68646060620236,35.17169371256481],[128.68678080880142,35.1712377942593],[128.68857267377987,35.17011435164844],[128.6890829802028,35.16979589800026],[128.68981711679194,35.16967093110662],[128.69107679781217,35.169456491341634],[128.69107690276198,35.169456472699196],[128.69480766458406,35.16880364334021],[128.69574849656053,35.168938762036014],[128.69774931067963,35.168810728324495],[128.70003663984045,35.16860438918915],[128.7010727128988,35.16850353255969],[128.70150012082297,35.16845699180132],[128.7022954338921,35.168207419490294],[128.7035971066171,35.167537018720104],[128.70632353628596,35.167282237886134],[128.70730792071456,35.167531411623024],[128.70745590509378,35.16757186295942],[128.708249255596,35.167788378314825],[128.70833330607107,35.167806204105354],[128.70869492258586,35.16776266898329],[128.7120683393744,35.16687665187703],[128.7129055582086,35.166452516327965],[128.7132643651004,35.16607992405711],[128.7132934239049,35.16604217133433],[128.71360795250823,35.16548744443182],[128.71679181200173,35.16358420301476],[128.71755040066884,35.16324070122091],[128.71852644884348,35.16299663734146],[128.7227819962512,35.16155864154295],[128.72692339475878,35.159903722180275],[128.72986434517986,35.158457164132194],[128.73020110479393,35.1583443491861],[128.7330133462353,35.157432115218974],[128.73610756357166,35.157012709734],[128.73844902339533,35.15656568185251],[128.73834225158183,35.15725234761034],[128.73834892295656,35.15769596079404],[128.73997470115046,35.16505218535889],[128.740502459035,35.16632903264808],[128.74099242983678,35.16715397293994],[128.74247352675357,35.16693977960552],[128.74630123361624,35.16614913645396],[128.7468818838315,35.1662894057975],[128.74894525301008,35.16693555714363],[128.75088275586012,35.167388190499324],[128.7508830346951,35.16738819312293],[128.7521002092067,35.16679593775378],[128.752116157193,35.16678810196722],[128.75212429499817,35.166783197579996],[128.75295316176852,35.16628386537655],[128.7536120990777,35.165889765479804],[128.75567143570143,35.16485477678008],[128.75697768868582,35.16654650406586],[128.75696918365938,35.16819302224118],[128.7583911143858,35.16825561890671],[128.75839138855835,35.16825562321239],[128.75935358128586,35.16818379866619],[128.76058053227658,35.16823864118402],[128.7614288648537,35.16827798590099],[128.76314898934956,35.168773563821844],[128.7632416377599,35.16855367303847],[128.76350427349035,35.16792984987301],[128.76426838793543,35.167198469012014],[128.76675921892175,35.165193610409304],[128.7698353136726,35.164137829456756],[128.77135439978147,35.163622373099834],[128.7720264994247,35.163254886505655],[128.77267487631772,35.1622522398665],[128.77665138556355,35.160094077638306],[128.7773361327629,35.159742988318094],[128.77782940322285,35.15951255864977],[128.78201278265465,35.158251832104504],[128.7861530257646,35.15711057370178],[128.7869120772199,35.15705545943523],[128.7875256232515,35.157010932069845],[128.78752590178945,35.157010918103005],[128.788393843133,35.15697714193871],[128.78839411986024,35.156977140646475],[128.7896455940052,35.15710679736782],[128.79035560835095,35.15741188104296],[128.79133532325426,35.157520755883205],[128.79366578225938,35.15716242865872],[128.79420080668208,35.156602802334206],[128.79463952279886,35.155889994778356],[128.7960424219622,35.15287834453819],[128.79849962795168,35.15047554452153],[128.80177422883867,35.14659623516773],[128.8019985087643,35.146053302572],[128.80225789343888,35.14487816391296],[128.80247540689714,35.14368604607725],[128.80230944202125,35.142767165296384],[128.8022361419528,35.14239720997656],[128.80215990850027,35.14223627440877],[128.8021323137244,35.14190154516129],[128.80318613642592,35.14186532622717],[128.80318641499622,35.141865317727714],[128.8035597440901,35.14186061488088],[128.80356002274806,35.14186061188282],[128.80456589929412,35.14193547579656],[128.80515717570262,35.14211493815638],[128.8066854916003,35.14250368738674],[128.80715171135603,35.14214929534504],[128.8076229678201,35.14107082890643],[128.80766943426048,35.140442946257714],[128.8073159322465,35.139479560734365],[128.80764994584345,35.13909537963137],[128.80855072962393,35.138387871069796],[128.80987672580795,35.137453086302365],[128.81340690666585,35.13451338617978],[128.81535669873924,35.1326349119914],[128.81576586741429,35.132504165912096],[128.8161136434526,35.13248050606104],[128.81882241816547,35.13219912094615],[128.8236305758058,35.131161209360194],[128.82422918522076,35.13102547627019],[128.82453792286412,35.13086580036281],[128.8249484481423,35.13064375477036],[128.82657208274105,35.129526604167744],[128.82670048532245,35.12859002547415],[128.82737759305633,35.12820025105987],[128.82979274856493,35.12821821742781],[128.8305268467343,35.12846226982078],[128.83073717297165,35.12883632160719],[128.83112602183095,35.12911701131123],[128.8319772262733,35.129642068487854],[128.83297518088517,35.1299408791098],[128.83371285519274,35.129410522286356],[128.8345170231316,35.12876610721181],[128.83454917605295,35.12796749367882],[128.8346140135245,35.127495487972766],[128.83510779968432,35.126172962613765],[128.83567295850133,35.125617923562544],[128.83631294292107,35.12505285990553],[128.83679381664504,35.12474523002656],[128.83772492766033,35.124017481450274],[128.83775677579058,35.12398531046931],[128.83805925058726,35.123182887650934],[128.83810849193554,35.122933320933626],[128.8375632936463,35.120881209627406],[128.83753763074407,35.12082218114739],[128.8373541752303,35.120650908119494],[128.8369548670973,35.12036112050893],[128.8365489236423,35.1201732219796],[128.8364230076234,35.12009106278079],[128.83637175145606,35.12002199392219],[128.83593430859423,35.11908574141451],[128.83592991692043,35.11904300141224],[128.83593040595701,35.119003423123765],[128.83595574863625,35.11894150747459],[128.83598811190436,35.118871309170224],[128.83749813597433,35.11620650564687],[128.83754896712242,35.11611970085168],[128.838488784798,35.11520396933548],[128.83858307659168,35.115144389412045],[128.83869379524188,35.11509947834196],[128.83884044638648,35.11508233613596],[128.8389745924477,35.11507283275673],[128.83928036552777,35.11507495638494],[128.83941062205486,35.115090723786416],[128.83958597765226,35.11513143879709],[128.8397433931129,35.115165656680695],[128.84006682259468,35.11522648545194],[128.8401980348375,35.11521098661056],[128.84022525680896,35.11520777000226],[128.84034659386535,35.11516198772622],[128.84118977056795,35.11482799661823],[128.84134015870924,35.11476375831296],[128.84166270979537,35.114566795040794],[128.84175041893377,35.11448956472466],[128.84277858015426,35.113512332992975],[128.8429622016515,35.11315835848623],[128.8432581684981,35.110699488538884],[128.84327026341853,35.110537087903886],[128.84326936689376,35.110405587487186],[128.8432623278814,35.11010801153724],[128.8431691758998,35.10916710234491],[128.84170048477264,35.105989580824],[128.84160882348831,35.10592168653427],[128.8355372819135,35.10213291167804],[128.83479718578891,35.101802062600875],[128.83470461948048,35.10178501481821],[128.8341441728912,35.10178082788769],[128.8339220068419,35.10180741705975],[128.8328268304338,35.10228415393707],[128.83246152245866,35.10243738124497],[128.83207024422973,35.10254763048065],[128.83182464350494,35.10259823180703],[128.8317451363734,35.10261457924288],[128.83158653693164,35.102647175847686],[128.8315862602489,35.10264716843094],[128.83092873780188,35.10262387422388],[128.82659934940355,35.10246173848792],[128.82486260561151,35.10233578567105],[128.8246674275447,35.10229633806768],[128.82452512777178,35.1022618596162],[128.82363814317029,35.10197903630314],[128.82356605097797,35.1019451295575],[128.82346814473456,35.10187711281111],[128.8233447072392,35.101748307723994],[128.8207911729327,35.09732271495966],[128.82068705535576,35.097022951296395],[128.82046747235367,35.09639074528173],[128.8207656357802,35.096253221885576],[128.82085395614257,35.09597592080962],[128.82084037746304,35.09554160418048],[128.82006338521455,35.09292916316212],[128.81874802698178,35.09164534027088],[128.8179341814778,35.091144718877075],[128.81714000582954,35.09122632183925],[128.81602250541613,35.091173593080484],[128.81484668899972,35.09103480892284],[128.81449437572775,35.09099228442808],[128.81450834821987,35.090841578822456],[128.8145159138521,35.09076000438593],[128.81593844901371,35.09079271446168],[128.81779610311534,35.090839650329436],[128.81846735548064,35.09091504595713],[128.81853444906508,35.0909248368095],[128.8187463769368,35.09097395448111],[128.8191645296985,35.09112183484063],[128.81948016396993,35.09125746495508],[128.81976546370177,35.091409493328676],[128.81999360283993,35.09155242578384],[128.82016255263952,35.09167735465369],[128.82081323447778,35.0922224023057],[128.8216147063491,35.092899557373244],[128.82278733558925,35.09389036430545],[128.82323827412063,35.09426459485485],[128.82325280596567,35.094274006343],[128.8232705292231,35.09427887310389],[128.82327828280552,35.094278867718],[128.82328656621013,35.09427821102048],[128.82329761181333,35.09427702833149],[128.82330193502673,35.09427572970892],[128.82358856402521,35.09405224506502],[128.8280911779123,35.09045616133828],[128.82869933734955,35.08996962948658],[128.8274593189817,35.08892093852891],[128.82649551633997,35.08810580450404],[128.82642856159214,35.087929852140974],[128.82643222901038,35.086214019531184],[128.82455633163536,35.08585075349223],[128.8230620350128,35.085848654085396],[128.82153770240475,35.08584640522102],[128.8215376998729,35.08584637277955],[128.8215424481026,35.08493242529849],[128.8215449395858,35.08444632409999],[128.8185274926568,35.08300142941042],[128.81809381202552,35.08300068385521],[128.81150290792598,35.082988831299],[128.81150959497782,35.07996232528871],[128.81151488474504,35.07758486154483],[128.80825077582554,35.077578427821976],[128.78570523194483,35.07754244324535],[128.78468609516443,35.07772425667154],[128.78468164214794,35.079524473949654],[128.7838202800553,35.08074654100467],[128.78296551016604,35.081954903952756],[128.7826721132292,35.08236847550397],[128.78248186864403,35.08263952919416],[128.7824764805899,35.08339671235827],[128.7824726002278,35.08483389489189],[128.7824741128799,35.08533804965094],[128.7824844329317,35.08536201835565],[128.78257703791775,35.08547814596699],[128.782825269246,35.085713423025624],[128.78318997972477,35.08605750618215],[128.78368164851898,35.08651656865876],[128.7838553561977,35.086711978831836],[128.78501880965467,35.088083983919915],[128.78562354077926,35.08880544566634],[128.78709682025158,35.09057186616672],[128.78814212173168,35.09182841801784],[128.78918831572133,35.093091236571475],[128.78994914740804,35.0940270579271],[128.79299066439256,35.09459341751539],[128.79300992651295,35.09451892652843],[128.79302990102326,35.09446513004557],[128.79308951688762,35.094347746702105],[128.79311839981085,35.094301357208415],[128.79317602004178,35.0942318436203],[128.79324983333774,35.09415559684882],[128.79332876001155,35.094082909463786],[128.79343021021361,35.094001436289226],[128.7935679912284,35.093891471963865],[128.79365810578665,35.093825896254856],[128.7937060824272,35.093797097617944],[128.79375536398928,35.0937766037414],[128.7938017993562,35.093762055107],[128.79386227156738,35.09374911328348],[128.79752987219226,35.09314107441098],[128.79757184525536,35.093135743253725],[128.79758351643403,35.09313443018637],[128.79793689868015,35.09316916402492],[128.79967052715537,35.093584505371446],[128.80041253033355,35.09380046986486],[128.80050391705882,35.09385875010271],[128.80055215288604,35.09390212318977],[128.80059762363246,35.09395950690073],[128.80065254773854,35.09403992534158],[128.8020732722176,35.096422792342985],[128.80258689971538,35.09829167700204],[128.80259259513818,35.098340865898166],[128.802594884177,35.098382556917876],[128.80259644344426,35.09845506563498],[128.80258911772992,35.098572618036044],[128.8025516413865,35.09882806864526],[128.80252867735032,35.098967842176236],[128.80251379292437,35.0990321472455],[128.8024970311585,35.099088682656365],[128.80244516107032,35.099172054271335],[128.80228109372143,35.099405295568225],[128.80223020079393,35.09946142219242],[128.80216712919957,35.09952784959222],[128.80210916354696,35.09958321509792],[128.80205813045907,35.099619636077186],[128.80199995191288,35.099658463849764],[128.80194144610002,35.0996920422732],[128.80180028230387,35.09975518954554],[128.8017281096337,35.099785499325115],[128.80167690714444,35.09980146919725],[128.79914325915354,35.10045582685951],[128.79912745993926,35.10045814574151],[128.79902994721,35.10046222025994],[128.79775399328207,35.10044919049373],[128.79756799473842,35.100444103844374],[128.79696493421585,35.10042209418585],[128.79599351775988,35.099874496989365],[128.79523408923106,35.09940326168339],[128.7950175764916,35.099259722489585],[128.79443428580336,35.09893317958965],[128.7943314895521,35.0988788958894],[128.7941198660323,35.098794591451785],[128.7928444940675,35.09836303645708],[128.79265589717224,35.09831104818186],[128.7926276084614,35.09830898893424],[128.78903873841313,35.09806066449269],[128.78877527978713,35.098103469814994],[128.78871611280053,35.09811497652331],[128.78863620451585,35.0981403022012],[128.78860366553246,35.09815693878947],[128.78830182198917,35.09837298215655],[128.78829784125745,35.098381458183184],[128.78828230009108,35.09866987614215],[128.78828224651284,35.09867749375229],[128.78948293167988,35.099856653431104],[128.7898725646617,35.10019892080386],[128.7903714525246,35.10061543981549],[128.79077514089087,35.100950091054145],[128.7910199155349,35.101136401895076],[128.79118800362147,35.10127534104747],[128.79124272696745,35.10132519810097],[128.79134274950914,35.10142198904357],[128.79140903264286,35.10148884895723],[128.79147441746446,35.1015602233552],[128.79152141778053,35.101631529984516],[128.79155018742082,35.10170025554961],[128.7915711576232,35.10177380689881],[128.79158126909888,35.101835054780224],[128.79158955683252,35.101974257315305],[128.791604218651,35.10254856054876],[128.79153093538525,35.10280876788465],[128.79152335409384,35.10282335629639],[128.79137942114676,35.1030897694049],[128.79119923137668,35.10335437935866],[128.79107263907346,35.10352121120452],[128.7910161163277,35.10358775080162],[128.7907710852544,35.103837430846376],[128.7907497679494,35.103858062194305],[128.79069264178386,35.103910315057426],[128.79044773443408,35.10412718338376],[128.78999388702505,35.10446404533626],[128.78954324955544,35.10472701855533],[128.78900965413382,35.10521244095144],[128.78859831577768,35.10616468500973],[128.78834828775075,35.10697101463933],[128.78828731016495,35.10743844731472],[128.7883121332554,35.10824427501813],[128.78832473715556,35.10832522078488],[128.78877881555485,35.11120976682381],[128.78885796720687,35.11159744079089],[128.78896529761099,35.112121914290064],[128.7889735588545,35.11215972994863],[128.78904373007785,35.112363587807685],[128.78908202440223,35.11244841899539],[128.78915177549095,35.11259827582994],[128.7892365917052,35.11273916169983],[128.7894924485059,35.11313716211585],[128.7887326770359,35.11342910017371],[128.78469726619971,35.1138375110426],[128.78449576919985,35.11377839179518],[128.78396565375226,35.11350172193707],[128.7826463966179,35.112540429241136],[128.78253398773643,35.11244360059513],[128.78249443317674,35.1123933519325],[128.7824519698132,35.112332360896715],[128.78118811219625,35.11014366474971],[128.78116789336823,35.11009987455625],[128.7811500726644,35.110032502392734],[128.7811351786465,35.10995901435918],[128.78110263627156,35.10975612090432],[128.781095589789,35.10910953159956],[128.78109279674015,35.10878778497073],[128.78108843691163,35.108232428526364],[128.77978903987747,35.103691167849156],[128.77976541754674,35.10362501066885],[128.7797271243004,35.10354444842706],[128.77967376689946,35.103454008378435],[128.7794432092299,35.103082460124696],[128.779344238456,35.10293398751731],[128.77919643190472,35.10282035393438],[128.77911375460383,35.102759243292844],[128.77900273664034,35.10269423319218],[128.77889989028077,35.1026409087733],[128.77880864674867,35.102605615977396],[128.77870817627965,35.10257345548473],[128.77860765113707,35.102555026088915],[128.77846423111805,35.102539378536186],[128.7783152532427,35.10252712879393],[128.77820930980178,35.10252158812844],[128.77811587717932,35.102514748771654],[128.77771957012067,35.10247497276945],[128.77759064828447,35.102460316587276],[128.77748184138903,35.102441846962186],[128.77736826593832,35.10241436033408],[128.77726674349108,35.102378417432504],[128.77719130253988,35.10234402617996],[128.77710435723836,35.10230019528673],[128.7768620203572,35.10216725868277],[128.77570644058332,35.10151379053659],[128.77521540560844,35.10121956693712],[128.77487445340984,35.10101034897759],[128.77473565380612,35.1009113010689],[128.77472328696362,35.100902264895595],[128.77228212279405,35.09895196605072],[128.77123253962247,35.10015284042542],[128.77002559817373,35.1031183772433],[128.77001427504322,35.10314380313959],[128.76995244520054,35.10324575371081],[128.76982526652495,35.103383242581785],[128.76958071027119,35.103563130563856],[128.7691363918333,35.10376211859447],[128.76889827577338,35.103845491057896],[128.76358444380296,35.10515091458216],[128.76342318652468,35.10517765947622],[128.7633362566433,35.10519131709538],[128.76315194904836,35.105186197508566],[128.76296024100031,35.105168318949],[128.7629518829414,35.105160640934976],[128.7629514606785,35.105158620135754],[128.7631246302029,35.10244749063453],[128.76427477923698,35.10085823509489],[128.7656361438059,35.09934736285487],[128.76565800256301,35.098090342259376],[128.76558236874752,35.09764640008114],[128.7655798763565,35.09764344663474],[128.76558331179376,35.09758901047432],[128.76674688505528,35.09758702817473],[128.7682412768567,35.09758862174497],[128.77103822285932,35.09759184445791],[128.77582464007727,35.0976000782632],[128.77653322305173,35.09760133941214],[128.77773568884368,35.0976073990521],[128.77869739393094,35.09761097139236],[128.7790046735676,35.097612108247674],[128.78310907730847,35.097620591136675],[128.784116492393,35.09761611700698],[128.78415320313763,35.09761109880737],[128.78416960741248,35.09759941829549],[128.78418355175708,35.097581388876726],[128.78419611557922,35.09754936831313],[128.78420104213924,35.09750673253807],[128.7842079993807,35.096589741619916],[128.78420724186878,35.092339989951924],[128.78420420358816,35.09231916370569],[128.78419788232824,35.09230430804317],[128.7832624094771,35.0911718985941],[128.78069848046528,35.08807987882665],[128.77985999583814,35.08707890558388],[128.77923015189324,35.08633973686289],[128.7792260124803,35.086325171577904],[128.77922531567935,35.086299500159434],[128.779243859152,35.08361344634344],[128.7792731879831,35.08359799632483],[128.77927325915826,35.0835065984623],[128.77927023746287,35.08298378994878],[128.77926337348703,35.082173256187566],[128.77926308599692,35.08216213271868],[128.7792597589534,35.08215194495472],[128.77925342349351,35.082142800430894],[128.7792384270052,35.0821291977338],[128.7792293302621,35.082123332019215],[128.7792188458682,35.082120050418474],[128.7775921916042,35.0821127047704],[128.77588984783316,35.082115709450385],[128.7743582718554,35.08216908856938],[128.77435592839794,35.08287694692322],[128.77432772895514,35.08295136517012],[128.77387958165428,35.08297978074747],[128.77384522525006,35.08298061773019],[128.77312519151045,35.082982049005764],[128.77312074272174,35.082977091044775],[128.77311573047658,35.082279999945065],[128.7730812137824,35.07696137057355],[128.7732205305371,35.07488846347253],[128.77336572117224,35.07408636300465],[128.77353036125962,35.07244274941496],[128.7735905241224,35.071449795027085],[128.77361918954088,35.07049816465306],[128.77361881662765,35.07043870948497],[128.77361421257893,35.07037477615794],[128.77328060203763,35.06625821226747],[128.7732406989805,35.06609044700426],[128.77290595219432,35.06490805157082],[128.7729040349998,35.06490226132495],[128.77289827183247,35.06489056789755],[128.77288900667483,35.064882753619145],[128.77286956269805,35.06487665148027],[128.7724538203943,35.0647912974235],[128.771934639508,35.06469208979358],[128.77161290052285,35.064628605910926],[128.7705927515011,35.06434197242848],[128.77057393227614,35.06431630303858],[128.77057880572502,35.06426266262181],[128.77058351368322,35.06422581281679],[128.77058850724995,35.06419292403705],[128.7706221454846,35.064077754333795],[128.77064707849624,35.063994253688755],[128.77066758557416,35.06394839511791],[128.77068666630046,35.06391113166343],[128.77071269087372,35.06386848477912],[128.77092436169386,35.06352675083439],[128.77111986620756,35.06321819192671],[128.77135322588106,35.062857125803134]]]]},"properties":{"name":"창원시진해구","base_year":"2018","name_eng":"Jinhaegu","code":"38115"}}]}
